audio,text
SPCS/data/audio/010/010_Male_22_356.wav,ge a ka dira appeal
SPCS/data/audio/012/012_Female_20_479.wav,direga eng mo operation repo
SPCS/data/audio/010/010_Male_22_78.wav,ikaparetše dilo tše di simple
SPCS/data/audio/017/017_Male_22_419.wav,bohlaba bja toropo ya Pretoria
SPCS/data/audio/013/013_Male_27_284.wav,go na le category enngwe
SPCS/data/audio/012/012_Female_20_563.wav,lenaneo la outreach
SPCS/data/audio/006/006_Male_23_1045.wav,nako e ngwe o ntheka
SPCS/data/audio/010/010_Male_22_10.wav,di results la mathomo ba
SPCS/data/audio/009/009_Female_26_215.wav,ke goletše mo lekeišeneng
SPCS/data/audio/010/010_Male_22_498.wav,di pamphlets tša festival ye
SPCS/data/audio/020/020_Male_20_316.wav,di jeresi tše di botse
SPCS/data/audio/010/010_Male_22_328.wav,wa go ba seterateng
SPCS/data/audio/013/013_Male_27_114.wav,go tsena tsena ga dipolotiki
SPCS/data/audio/006/006_Male_23_429.wav,go lokišwa tsela ko Nigel
SPCS/data/audio/003/003_Female_27_63.wav,wa nyaka spinach
SPCS/data/audio/007/007_Male_23_54.wav,magistrata wa tikologo gosasa
SPCS/data/audio/011/011_Female_21_111.wav,ba home affairs
SPCS/data/audio/006/006_Male_23_1048.wav,goba di parkeng
SPCS/data/audio/010/010_Male_22_421.wav,di tlileng go tlo exhibita
SPCS/data/audio/005/005_Male_26_495.wav,mehla ge o tlaleletša airtime
SPCS/data/audio/013/013_Male_27_452.wav,di polio
SPCS/data/audio/010/010_Male_22_337.wav,ntlo tše botse tša quality
SPCS/data/audio/020/020_Male_20_315.wav,go bopa furnitura
SPCS/data/audio/012/012_Female_20_112.wav,di jeresi tše di botse
SPCS/data/audio/010/010_Male_22_335.wav,kgopelo ya bail
SPCS/data/audio/013/013_Male_27_169.wav,business ya ka e kgone
SPCS/data/audio/017/017_Male_22_524.wav,tša komišene ya bo setšhaba
SPCS/data/audio/003/003_Female_27_388.wav,dinatla tša mmino wa gospel
SPCS/data/audio/006/006_Male_23_324.wav,bowa ka bus ya mathomo
SPCS/data/audio/015/015_Female_91_74.wav,ko di provinsing tše dingwe
SPCS/data/audio/007/007_Male_23_724.wav,pele a eya di awardeng
SPCS/data/audio/012/012_Female_20_331.wav,šomiša di million tse lekgolo
SPCS/data/audio/015/015_Female_91_189.wav,khomišene ya bo setšhaba ya
SPCS/data/audio/017/017_Male_22_257.wav,le di track suit
SPCS/data/audio/010/010_Male_22_211.wav,e na le barcode
SPCS/data/audio/001/001_Female_23_572.wav,direga eng mo operation repo
SPCS/data/audio/012/012_Female_20_468.wav,ka two thousand and eight
SPCS/data/audio/006/006_Male_23_320.wav,ge go nyakega copy
SPCS/data/audio/004/004_Female_17_150.wav,go buša order
SPCS/data/audio/006/006_Male_23_426.wav,go fihla mafelelong a January
SPCS/data/audio/001/001_Female_23_589.wav,o nale account ya banka
SPCS/data/audio/016/016_Female_21_219.wav,I am so scared
SPCS/data/audio/015/015_Female_91_390.wav,motho wo a di applyelang
SPCS/data/audio/007/007_Male_23_388.wav,university of johannesburg
SPCS/data/audio/005/005_Male_26_391.wav,ke mang fiance ya gago
SPCS/data/audio/003/003_Female_27_396.wav,tša melao ya di traffic
SPCS/data/audio/008/008_Male_23_11.wav,rapelelwa peace love and harmony
SPCS/data/audio/016/016_Female_21_93.wav,go šomišana le di stakeholders
SPCS/data/audio/014/014_Male_25_319.wav,di polio
SPCS/data/audio/003/003_Female_27_564.wav,exhibition e ebile ka mokgo
SPCS/data/audio/007/007_Male_23_449.wav,basadi ba lokela pressure banneng
SPCS/data/audio/002/002_Male_24_899.wav,a ba fa citizen report
SPCS/data/audio/008/008_Male_23_308.wav,le di community radio stations
SPCS/data/audio/015/015_Female_91_412.wav,hwetša di address tša batho
SPCS/data/audio/010/010_Male_22_311.wav,traffic lights ga di šome
SPCS/data/audio/006/006_Male_23_342.wav,kgona go isupporta
SPCS/data/audio/002/002_Male_24_204.wav,ke fashion ya go tsenelela
SPCS/data/audio/001/001_Female_23_287.wav,a ba fa citizen report
SPCS/data/audio/016/016_Female_21_576.wav,le ge democracy e kokota
SPCS/data/audio/013/013_Male_27_251.wav,ka lefela loan ya gagwe
SPCS/data/audio/001/001_Female_23_292.wav,angle ka moka ga tšona
SPCS/data/audio/002/002_Male_24_677.wav,learnership ye tsamaya tsamaya bjang
SPCS/data/audio/002/002_Male_24_199.wav,tsamaya ka di public transport
SPCS/data/audio/010/010_Male_22_17.wav,nna ga ke coach
SPCS/data/audio/020/020_Male_20_140.wav,banka ya gona
SPCS/data/audio/016/016_Female_21_588.wav,go phatlalala le province
SPCS/data/audio/007/007_Male_23_642.wav,nako e ngwe o ntheka
SPCS/data/audio/003/003_Female_27_27.wav,mošomo wa bankeng
SPCS/data/audio/009/009_Female_26_75.wav,goba yona art
SPCS/data/audio/016/016_Female_21_256.wav,ba ile festivaleng
SPCS/data/audio/010/010_Male_22_92.wav,go dipapadi tša crickete
SPCS/data/audio/007/007_Male_23_243.wav,University ya limpopo ya baithuti
SPCS/data/audio/008/008_Male_23_2.wav,di wheelchair di tletše gohle
SPCS/data/audio/007/007_Male_23_515.wav,lamb or nku
SPCS/data/audio/002/002_Male_24_286.wav,gore o ngwala di posts
SPCS/data/audio/005/005_Male_26_206.wav,ba phasa
SPCS/data/audio/018/018_Male_21_434.wav,di municipality tša rena
SPCS/data/audio/004/004_Female_17_352.wav,ba di bitšang di learnership
SPCS/data/audio/009/009_Female_26_439.wav,ranta e wele
SPCS/data/audio/011/011_Female_21_489.wav,o nale account ya banka
SPCS/data/audio/009/009_Female_26_471.wav,go feta eight million rand
SPCS/data/audio/010/010_Male_22_609.wav,bible e bolela bjalo
SPCS/data/audio/002/002_Male_24_760.wav,ikaparetše dilo tše di simple
SPCS/data/audio/008/008_Male_23_298.wav,ka twenty fifteen
SPCS/data/audio/019/019_Male_23_135.wav,ge o ka ba adamant
SPCS/data/audio/020/020_Male_20_258.wav,goba di parkeng
SPCS/data/audio/011/011_Female_21_25.wav,batho bale ba go repossesa
SPCS/data/audio/006/006_Male_23_895.wav,di contributa go downfall ya
SPCS/data/audio/019/019_Male_23_154.wav,hlaelelo ya diesel ya sulphur
SPCS/data/audio/001/001_Female_23_522.wav,tšeo di transportilego batho
SPCS/data/audio/006/006_Male_23_999.wav,le ngwana wa eleven years
SPCS/data/audio/003/003_Female_27_504.wav,o hlokagetše fleteng ya gage
SPCS/data/audio/019/019_Male_23_94.wav,holong ya masepala
SPCS/data/audio/019/019_Male_23_256.wav,bao ba etetšego flat
SPCS/data/audio/018/018_Male_21_192.wav,ke ngwana o mo sharp
SPCS/data/audio/003/003_Female_27_540.wav,go tsena tsena ga dipolotiki
SPCS/data/audio/010/010_Male_22_66.wav,botša eng girlfriend ya ka
SPCS/data/audio/003/003_Female_27_336.wav,ke le busy ka ofising
SPCS/data/audio/001/001_Female_23_425.wav,presidente ya league ya baswa
SPCS/data/audio/017/017_Male_22_34.wav,o tlo nyaka green pepper
SPCS/data/audio/007/007_Male_23_585.wav,a festival with a purpose
SPCS/data/audio/003/003_Female_27_423.wav,hweditse di report tse botse
SPCS/data/audio/003/003_Female_27_441.wav,recharga ka MTN easy
SPCS/data/audio/015/015_Female_91_5.wav,filimi tša metsotso ye masomepedi
SPCS/data/audio/017/017_Male_22_83.wav,lekala la banka
SPCS/data/audio/008/008_Male_23_419.wav,go fihla mafelelong a January
SPCS/data/audio/016/016_Female_21_321.wav,go tsena tsena ga dipolotiki
SPCS/data/audio/003/003_Female_27_125.wav,maketše ge ba bona response
SPCS/data/audio/010/010_Male_22_45.wav,ge e sena barcode
SPCS/data/audio/017/017_Male_22_224.wav,motsotso wo wa go šaena
SPCS/data/audio/007/007_Male_23_737.wav,a mo hlasela ka panga
SPCS/data/audio/016/016_Female_21_282.wav,presidente ya league ya baswa
SPCS/data/audio/015/015_Female_91_302.wav,basadi ba lokela pressure banneng
SPCS/data/audio/009/009_Female_26_242.wav,University ya limpopo ya baithuti
SPCS/data/audio/006/006_Male_23_94.wav,tša komišene ya bo setšhaba
SPCS/data/audio/011/011_Female_21_350.wav,a mbora ka nako yeo
SPCS/data/audio/020/020_Male_20_279.wav,level e tee ya salary
SPCS/data/audio/008/008_Male_23_106.wav,ba suggesta gore rena re
SPCS/data/audio/007/007_Male_23_228.wav,hweditše di report tše botse
SPCS/data/audio/018/018_Male_21_109.wav,go tla interview
SPCS/data/audio/007/007_Male_23_602.wav,o ka se confront lapa
SPCS/data/audio/005/005_Male_26_173.wav,ka thulwa ke taxi
SPCS/data/audio/002/002_Male_24_852.wav,ka june ya ngwaga wona
SPCS/data/audio/006/006_Male_23_634.wav,ba suggesta gore rena re
SPCS/data/audio/008/008_Male_23_94.wav,okay ke a leboga
SPCS/data/audio/012/012_Female_20_469.wav,e fetang eight million rands
SPCS/data/audio/003/003_Female_27_221.wav,banna ba na le pressure
SPCS/data/audio/009/009_Female_26_116.wav,mošireletši wa setšhaba advocate
SPCS/data/audio/001/001_Female_23_113.wav,e fetang eight million rands
SPCS/data/audio/020/020_Male_20_337.wav,ga ba ba lucky
SPCS/data/audio/018/018_Male_21_290.wav,learnership ye tsamaya tsamaya bjang
SPCS/data/audio/012/012_Female_20_246.wav,ke fishing
SPCS/data/audio/013/013_Male_27_148.wav,maketše ge ba bona response
SPCS/data/audio/020/020_Male_20_477.wav,go lokišwa tsela ko Nigel
SPCS/data/audio/017/017_Male_22_43.wav,o ileng wa mo blocka
SPCS/data/audio/016/016_Female_21_29.wav,ge re ema traffic circleng
SPCS/data/audio/002/002_Male_24_888.wav,motho a applyele mphiwafela
SPCS/data/audio/006/006_Male_23_307.wav,wo ka di nine
SPCS/data/audio/015/015_Female_91_270.wav,of real gospel music
SPCS/data/audio/014/014_Male_25_404.wav,wa di griller go fihlela
SPCS/data/audio/010/010_Male_22_539.wav,bowa gae ka di medal
SPCS/data/audio/010/010_Male_22_310.wav,lane e tee e tšwaletše
SPCS/data/audio/004/004_Female_17_237.wav,ka morago ga twelve months
SPCS/data/audio/019/019_Male_23_151.wav,ekile ya ba di drama
SPCS/data/audio/010/010_Male_22_571.wav,the best you can do
SPCS/data/audio/004/004_Female_17_308.wav,ranta kgahlanong le euro
SPCS/data/audio/018/018_Male_21_43.wav,holong ya masepala
SPCS/data/audio/012/012_Female_20_555.wav,hundred and seventy thousand
SPCS/data/audio/017/017_Male_22_412.wav,festival ya kgoparara ya thobelaFM
SPCS/data/audio/017/017_Male_22_496.wav,nna ke blockile morago ga
SPCS/data/audio/011/011_Female_21_247.wav,hweditse di report tse botse
SPCS/data/audio/009/009_Female_26_384.wav,ba di bitšang di learnership
SPCS/data/audio/008/008_Male_23_261.wav,di jeresi tše di botse
SPCS/data/audio/008/008_Male_23_356.wav,who are leading the right
SPCS/data/audio/018/018_Male_21_225.wav,motho o a mo blocka
SPCS/data/audio/009/009_Female_26_204.wav,ka landline
SPCS/data/audio/005/005_Male_26_466.wav,pakaneng ya omo auto
SPCS/data/audio/007/007_Male_23_584.wav,o ya conferenceng
SPCS/data/audio/015/015_Female_91_444.wav,labohlano la di eighteen november
SPCS/data/audio/018/018_Male_21_84.wav,ge o ka ba adamant
SPCS/data/audio/016/016_Female_21_532.wav,ga ba ba lucky
SPCS/data/audio/003/003_Female_27_451.wav,wa boraro ga se semi-automatic
SPCS/data/audio/006/006_Male_23_757.wav,motsotso wo wa go šaena
SPCS/data/audio/002/002_Male_24_393.wav,ranta e wele
SPCS/data/audio/018/018_Male_21_425.wav,e tsebagaditše di projeke
SPCS/data/audio/008/008_Male_23_166.wav,tšwa go album ya majakathata
SPCS/data/audio/003/003_Female_27_132.wav,ya go rekiša jewellery
SPCS/data/audio/001/001_Female_23_271.wav,re ka ba le agency
SPCS/data/audio/002/002_Male_24_15.wav,komišene ya bosetšhaba
SPCS/data/audio/009/009_Female_26_357.wav,swarelwa ka peter mokaba stadium
SPCS/data/audio/006/006_Male_23_662.wav,mec wa sports and culture
SPCS/data/audio/003/003_Female_27_106.wav,account ya yona e ka
SPCS/data/audio/014/014_Male_25_372.wav,bomenetša bja di tendera
SPCS/data/audio/003/003_Female_27_266.wav,go rakwa partying
SPCS/data/audio/015/015_Female_91_318.wav,basadi ba nale yona pressure
SPCS/data/audio/019/019_Male_23_292.wav,tona ya kgwebo le indasteri
SPCS/data/audio/008/008_Male_23_424.wav,bohlaba bja toropo ya Pretoria
SPCS/data/audio/001/001_Female_23_446.wav,nna ke blockile mogwera
SPCS/data/audio/008/008_Male_23_447.wav,re kwešiša condition ya bona
SPCS/data/audio/006/006_Male_23_1035.wav,a bona profile ya ka
SPCS/data/audio/004/004_Female_17_165.wav,goba soapie goba sitcom
SPCS/data/audio/007/007_Male_23_248.wav,wa boraro ga se semi-automatic
SPCS/data/audio/015/015_Female_91_39.wav,dansa le gona ke sport
SPCS/data/audio/009/009_Female_26_373.wav,di exhibition tše tša lena
SPCS/data/audio/003/003_Female_27_460.wav,go roaster nama ya nku
SPCS/data/audio/005/005_Male_26_5.wav,go amana le di athletiki
SPCS/data/audio/006/006_Male_23_967.wav,re palelwa ke go copa
SPCS/data/audio/017/017_Male_22_144.wav,category tše nne tša
SPCS/data/audio/010/010_Male_22_2.wav,ko sekhukhuni district ya gešu
SPCS/data/audio/013/013_Male_27_99.wav,motho o a mo blocka
SPCS/data/audio/019/019_Male_23_126.wav,there is better way
SPCS/data/audio/004/004_Female_17_289.wav,motho o a mo blocka
SPCS/data/audio/006/006_Male_23_1004.wav,ba sepela ka group
SPCS/data/audio/006/006_Male_23_557.wav,be interested go construction fela
SPCS/data/audio/006/006_Male_23_151.wav,wa kgona go auditiona mo
SPCS/data/audio/014/014_Male_25_93.wav,basadi ba lokela pressure banneng
SPCS/data/audio/002/002_Male_24_597.wav,e segella ka di cubes
SPCS/data/audio/011/011_Female_21_324.wav,šomiša di million tse lekgolo
SPCS/data/audio/007/007_Male_23_511.wav,komišene ya bosetšhaba
SPCS/data/audio/011/011_Female_21_6.wav,o tlo tlotša polish
SPCS/data/audio/014/014_Male_25_507.wav,konsarata tša mmino
SPCS/data/audio/001/001_Female_23_50.wav,ba suggesta gore rena re
SPCS/data/audio/015/015_Female_91_405.wav,ke sa judge motho
SPCS/data/audio/019/019_Male_23_91.wav,e lego planete
SPCS/data/audio/005/005_Male_26_219.wav,and few ke ka kerekeng
SPCS/data/audio/012/012_Female_20_7.wav,pakaneng ya omo auto
SPCS/data/audio/018/018_Male_21_232.wav,ke a blocka ge motho
SPCS/data/audio/010/010_Male_22_318.wav,kgoro ya tsheko ya mmasetrata
SPCS/data/audio/014/014_Male_25_377.wav,especially young people
SPCS/data/audio/020/020_Male_20_506.wav,ka morago ga twelve months
SPCS/data/audio/016/016_Female_21_328.wav,lane ya letsogo la goja
SPCS/data/audio/017/017_Male_22_522.wav,lane ya letsogo la goja
SPCS/data/audio/009/009_Female_26_420.wav,ke di bursary tše kae
SPCS/data/audio/015/015_Female_91_417.wav,ka twenty fifteen
SPCS/data/audio/007/007_Male_23_793.wav,fokotša koketšo ya di gas
SPCS/data/audio/006/006_Male_23_482.wav,ka se tlo confront motho
SPCS/data/audio/013/013_Male_27_171.wav,re e bone talente
SPCS/data/audio/004/004_Female_17_218.wav,ke fashion ya go tsenelela
SPCS/data/audio/016/016_Female_21_462.wav,a dira loan e tee
SPCS/data/audio/002/002_Male_24_124.wav,go bolela le bona gore
SPCS/data/audio/005/005_Male_26_272.wav,hweditše di report tše botse
SPCS/data/audio/007/007_Male_23_694.wav,tsamaya nako ya two years
SPCS/data/audio/004/004_Female_17_313.wav,tša komišene ya bo setšhaba
SPCS/data/audio/006/006_Male_23_809.wav,ba sepela ka di crutches
SPCS/data/audio/019/019_Male_23_356.wav,le confusion ya di date
SPCS/data/audio/019/019_Male_23_215.wav,kgoro ya tsheko ya mmasetrata
SPCS/data/audio/003/003_Female_27_127.wav,ke bona project ya lena
SPCS/data/audio/016/016_Female_21_66.wav,di municipality tša rena
SPCS/data/audio/008/008_Male_23_315.wav,bowa ka bus ya mathomo
SPCS/data/audio/007/007_Male_23_477.wav,uniform ya bana ya sekolo
SPCS/data/audio/017/017_Male_22_517.wav,ranta kgahlanong le ponto ya
SPCS/data/audio/001/001_Female_23_403.wav,jealous ke bolwetši
SPCS/data/audio/011/011_Female_21_44.wav,basadi ba nale yona pressure
SPCS/data/audio/010/010_Male_22_633.wav,a tlo dira shopping
SPCS/data/audio/002/002_Male_24_235.wav,home affairs ba tla be
SPCS/data/audio/016/016_Female_21_188.wav,batho ba di cellphone
SPCS/data/audio/003/003_Female_27_62.wav,wa nyaka di mushrooms
SPCS/data/audio/017/017_Male_22_151.wav,pakaneng ya omo auto
SPCS/data/audio/014/014_Male_25_445.wav,account ya yona e ka
SPCS/data/audio/009/009_Female_26_480.wav,ditaba tša dipapadi tša swimming
SPCS/data/audio/003/003_Female_27_5.wav,ke fashion ya go tsenelela
SPCS/data/audio/017/017_Male_22_396.wav,fine ye kgolo kgolo
SPCS/data/audio/008/008_Male_23_80.wav,tša komišene ya bo setšhaba
SPCS/data/audio/019/019_Male_23_180.wav,di polio
SPCS/data/audio/009/009_Female_26_312.wav,o tlo ntšha plastic bag
SPCS/data/audio/007/007_Male_23_321.wav,nna ke blockile motho ka
SPCS/data/audio/003/003_Female_27_22.wav,di wheelchair di tletše gohle
SPCS/data/audio/004/004_Female_17_287.wav,ga ba fetole my comments
SPCS/data/audio/008/008_Male_23_340.wav,mmušo wa rena wa democracy
SPCS/data/audio/016/016_Female_21_393.wav,ebile ga se wena coach
SPCS/data/audio/006/006_Male_23_917.wav,go tla interview
SPCS/data/audio/006/006_Male_23_417.wav,province yengwe le yengwe
SPCS/data/audio/016/016_Female_21_396.wav,ticket ke gona e sepela
SPCS/data/audio/019/019_Male_23_186.wav,yellow pepper e tee
SPCS/data/audio/006/006_Male_23_759.wav,kgona go go rekela airtime
SPCS/data/audio/017/017_Male_22_170.wav,di pamphlets tša festival ye
SPCS/data/audio/005/005_Male_26_437.wav,ko sekhukhuni district ya gešu
SPCS/data/audio/004/004_Female_17_517.wav,go kreya di opportunities
SPCS/data/audio/002/002_Male_24_929.wav,papadi e le ya crickete
SPCS/data/audio/007/007_Male_23_772.wav,o hwetše code ya moswananoši
SPCS/data/audio/013/013_Male_27_92.wav,nna ke blockile batho
SPCS/data/audio/008/008_Male_23_448.wav,go hwetša di opportunities
SPCS/data/audio/007/007_Male_23_156.wav,go ya united kingdom
SPCS/data/audio/008/008_Male_23_172.wav,nyakago di tickets tša festival
SPCS/data/audio/015/015_Female_91_617.wav,dansa le gona ke sport
SPCS/data/audio/001/001_Female_23_19.wav,ranta kgahlanong le euro
SPCS/data/audio/013/013_Male_27_363.wav,e lego planete
SPCS/data/audio/006/006_Male_23_627.wav,le di challenge tše kgolo
SPCS/data/audio/004/004_Female_17_608.wav,re beakantše ya agriculture
SPCS/data/audio/016/016_Female_21_106.wav,account ya kua bankeng
SPCS/data/audio/006/006_Male_23_775.wav,ga o tlo re hello
SPCS/data/audio/017/017_Male_22_378.wav,hlaelelo ya diesel ya sulphur
SPCS/data/audio/002/002_Male_24_228.wav,ya gore daddy wa lwala
SPCS/data/audio/002/002_Male_24_545.wav,nako ya bumper to bumper
SPCS/data/audio/012/012_Female_20_126.wav,peresente tše masome seswai hlano
SPCS/data/audio/014/014_Male_25_521.wav,di company tša afrika borwa
SPCS/data/audio/012/012_Female_20_35.wav,o nthomela please call me
SPCS/data/audio/018/018_Male_21_476.wav,di awareness campaign
SPCS/data/audio/001/001_Female_23_17.wav,ranta kgahlanong le ponto ya
SPCS/data/audio/005/005_Male_26_230.wav,dansa le gona ke sport
SPCS/data/audio/007/007_Male_23_764.wav,steše sa go kala dikoloi
SPCS/data/audio/007/007_Male_23_525.wav,goba yona art
SPCS/data/audio/002/002_Male_24_564.wav,disturba o sa re wa
SPCS/data/audio/007/007_Male_23_46.wav,motsotso wo wa go šaena
SPCS/data/audio/020/020_Male_20_96.wav,e segella ka di cubes
SPCS/data/audio/009/009_Female_26_288.wav,ke ngwana o mo sharp
SPCS/data/audio/001/001_Female_23_216.wav,e be di official residents
SPCS/data/audio/004/004_Female_17_593.wav,bible e bolela bjalo
SPCS/data/audio/009/009_Female_26_510.wav,komišene ya bosetšhaba
SPCS/data/audio/009/009_Female_26_285.wav,o changile maphelo a bona
SPCS/data/audio/002/002_Male_24_80.wav,go tšwa police station
SPCS/data/audio/003/003_Female_27_372.wav,all the colleges tša mo
SPCS/data/audio/010/010_Male_22_678.wav,tsamaya ka di public transport
SPCS/data/audio/002/002_Male_24_49.wav,napile professor
SPCS/data/audio/006/006_Male_23_1025.wav,o ileng wa mo blocka
SPCS/data/audio/004/004_Female_17_160.wav,tša melao ya di traffic
SPCS/data/audio/018/018_Male_21_292.wav,o nyaka thušo ya business
SPCS/data/audio/016/016_Female_21_326.wav,mošomo wa psychometric
SPCS/data/audio/002/002_Male_24_173.wav,hweditse di report tse botse
SPCS/data/audio/016/016_Female_21_118.wav,ke lekola file ya gago
SPCS/data/audio/009/009_Female_26_286.wav,baswa leading the right life
SPCS/data/audio/006/006_Male_23_115.wav,be interested go construction fela
SPCS/data/audio/015/015_Female_91_365.wav,go rakwa partying
SPCS/data/audio/014/014_Male_25_447.wav,lekala la banka
SPCS/data/audio/014/014_Male_25_203.wav,hwetša di address tša batho
SPCS/data/audio/018/018_Male_21_488.wav,a festival with a purpose
SPCS/data/audio/007/007_Male_23_335.wav,ka di photo tsa go
SPCS/data/audio/009/009_Female_26_400.wav,di results la mathomo ba
SPCS/data/audio/006/006_Male_23_497.wav,e segella ka di cubes
SPCS/data/audio/006/006_Male_23_839.wav,ge go nyakega copy
SPCS/data/audio/020/020_Male_20_357.wav,wa leloko la board
SPCS/data/audio/016/016_Female_21_120.wav,a festival with a purpose
SPCS/data/audio/013/013_Male_27_280.wav,magistrata wa tikologo gosasa
SPCS/data/audio/012/012_Female_20_459.wav,wa non-automatic
SPCS/data/audio/003/003_Female_27_95.wav,ranta kgahlanong le euro
SPCS/data/audio/007/007_Male_23_617.wav,wa nyaka spinach
SPCS/data/audio/007/007_Male_23_576.wav,go tšwa police station
SPCS/data/audio/015/015_Female_91_351.wav,cellphone ya gago fela
SPCS/data/audio/020/020_Male_20_64.wav,ya gore daddy wa lwala
SPCS/data/audio/002/002_Male_24_302.wav,ba go hwetša degree ye
SPCS/data/audio/006/006_Male_23_283.wav,di ofisi tša rena magaeng
SPCS/data/audio/020/020_Male_20_387.wav,motho a applyele mphiwafela
SPCS/data/audio/004/004_Female_17_294.wav,rena ba bangwe re sensitive
SPCS/data/audio/006/006_Male_23_797.wav,fapana a di social grants
SPCS/data/audio/010/010_Male_22_439.wav,e nyenyefatše gore jewellery
SPCS/data/audio/006/006_Male_23_939.wav,hweditše di report tše botse
SPCS/data/audio/006/006_Male_23_950.wav,go lokišwa tsela ko Nigel
SPCS/data/audio/006/006_Male_23_565.wav,e nale plan ya gore
SPCS/data/audio/012/012_Female_20_151.wav,mošireletši wa setšhaba advocate
SPCS/data/audio/006/006_Male_23_321.wav,ka thulwa ke taxi
SPCS/data/audio/001/001_Female_23_597.wav,ikaparetše dilo tše di simple
SPCS/data/audio/015/015_Female_91_515.wav,gore di form tše re
SPCS/data/audio/017/017_Male_22_417.wav,go lokišwa tsela ko Nigel
SPCS/data/audio/019/019_Male_23_374.wav,ba le fa di pamphlets
SPCS/data/audio/018/018_Male_21_477.wav,le di community radio stations
SPCS/data/audio/002/002_Male_24_768.wav,a dira loan e tee
SPCS/data/audio/009/009_Female_26_28.wav,a dira loan e tee
SPCS/data/audio/006/006_Male_23_436.wav,tsamaya ka di public transport
SPCS/data/audio/018/018_Male_21_117.wav,fourty seven percent
SPCS/data/audio/008/008_Male_23_82.wav,dithuto tša gagwe tša optometry
SPCS/data/audio/005/005_Male_26_318.wav,disturba o sa re wa
SPCS/data/audio/011/011_Female_21_329.wav,bao ba etetšego flat
SPCS/data/audio/016/016_Female_21_64.wav,lenaneo la outreach
SPCS/data/audio/006/006_Male_23_703.wav,di pamphlets tša festival ye
SPCS/data/audio/005/005_Male_26_94.wav,go registara
SPCS/data/audio/002/002_Male_24_198.wav,fokotša koketšo ya di gas
SPCS/data/audio/019/019_Male_23_498.wav,ba na le di disability
SPCS/data/audio/009/009_Female_26_163.wav,go nale diagnostic indicators
SPCS/data/audio/006/006_Male_23_611.wav,ba go hwetša degree ye
SPCS/data/audio/006/006_Male_23_766.wav,mokonstable wa maphodisa
SPCS/data/audio/004/004_Female_17_565.wav,motho a applyele mphiwafela
SPCS/data/audio/014/014_Male_25_467.wav,di exhibition tše tša lena
SPCS/data/audio/007/007_Male_23_495.wav,motsotso wo wa go šaena
SPCS/data/audio/013/013_Male_27_2.wav,pressure ke e ntšhi ye
SPCS/data/audio/004/004_Female_17_225.wav,di jersey le di tracksuit
SPCS/data/audio/020/020_Male_20_510.wav,disturba o sa re wa
SPCS/data/audio/001/001_Female_23_39.wav,exhibition e ebile ka mokgo
SPCS/data/audio/008/008_Male_23_313.wav,ke sepela ka sekuta
SPCS/data/audio/001/001_Female_23_11.wav,gore o ngwala di posts
SPCS/data/audio/016/016_Female_21_489.wav,diswantšho tša cctv
SPCS/data/audio/018/018_Male_21_465.wav,ka june ya ngwaga wona
SPCS/data/audio/004/004_Female_17_222.wav,nako ya bumper to bumper
SPCS/data/audio/015/015_Female_91_428.wav,shopping center tše di kgolwane
SPCS/data/audio/014/014_Male_25_380.wav,baswa leading the right life
SPCS/data/audio/016/016_Female_21_274.wav,ba di form1 form2
SPCS/data/audio/003/003_Female_27_512.wav,wa nyaka spinach
SPCS/data/audio/013/013_Male_27_496.wav,ka morago ga twelve months
SPCS/data/audio/016/016_Female_21_248.wav,re kwešiša condition ya bona
SPCS/data/audio/015/015_Female_91_155.wav,bao ba etetšego flat
SPCS/data/audio/004/004_Female_17_179.wav,ke fishing
SPCS/data/audio/014/014_Male_25_111.wav,banna ba na le pressure
SPCS/data/audio/002/002_Male_24_810.wav,o ithopela two thousand rand
SPCS/data/audio/008/008_Male_23_85.wav,banka ya gona
SPCS/data/audio/004/004_Female_17_106.wav,taba tše tša histori
SPCS/data/audio/016/016_Female_21_96.wav,ba swere economy ya lefase
SPCS/data/audio/009/009_Female_26_393.wav,re e bone talente
SPCS/data/audio/014/014_Male_25_374.wav,go nale di diagnostic indicators
SPCS/data/audio/014/014_Male_25_500.wav,molao tšeo di tsenetšego conference
SPCS/data/audio/009/009_Female_26_297.wav,presidente ya league ya baswa
SPCS/data/audio/005/005_Male_26_423.wav,tše ka moka tša art
SPCS/data/audio/003/003_Female_27_305.wav,go swerwe festival ya kakapa
SPCS/data/audio/012/012_Female_20_266.wav,yellow pepper e tee
SPCS/data/audio/009/009_Female_26_88.wav,e be di official residents
SPCS/data/audio/007/007_Male_23_732.wav,bobedi ke wola wa semi-automatic
SPCS/data/audio/002/002_Male_24_120.wav,some how ka mogau
SPCS/data/audio/016/016_Female_21_125.wav,ikopanye le mokhanselara
SPCS/data/audio/009/009_Female_26_467.wav,mafelo a go socialisa
SPCS/data/audio/005/005_Male_26_406.wav,ga yona ebile slow nyana
SPCS/data/audio/019/019_Male_23_442.wav,gore a ka se afforde
SPCS/data/audio/010/010_Male_22_639.wav,le a re tracer naa
SPCS/data/audio/005/005_Male_26_258.wav,fourty seven percent
SPCS/data/audio/020/020_Male_20_298.wav,nkgahlilego kudu ke ya corruption
SPCS/data/audio/015/015_Female_91_604.wav,who are leading the right
SPCS/data/audio/008/008_Male_23_40.wav,o nyaka butternut e tee
SPCS/data/audio/002/002_Male_24_343.wav,nna ka nkreya mo address
SPCS/data/audio/012/012_Female_20_150.wav,wa two thousand and nine
SPCS/data/audio/001/001_Female_23_339.wav,ke fishing
SPCS/data/audio/008/008_Male_23_184.wav,o nthomela please call me
SPCS/data/audio/010/010_Male_22_114.wav,excellence awards
SPCS/data/audio/007/007_Male_23_182.wav,suggestion ya ka
SPCS/data/audio/020/020_Male_20_331.wav,morutiši ka panga
SPCS/data/audio/002/002_Male_24_40.wav,le child support grant
SPCS/data/audio/002/002_Male_24_94.wav,ikopanye le mokhanselara
SPCS/data/audio/017/017_Male_22_491.wav,o tlo ntšha plastic bag
SPCS/data/audio/001/001_Female_23_8.wav,le di posts tša ka
SPCS/data/audio/013/013_Male_27_12.wav,I am so scared
SPCS/data/audio/005/005_Male_26_332.wav,le ngwana wa eleven years
SPCS/data/audio/020/020_Male_20_241.wav,kare ke fashion ye nngwe
SPCS/data/audio/006/006_Male_23_846.wav,o ya conferenceng
SPCS/data/audio/002/002_Male_24_716.wav,tankana tše pedi
SPCS/data/audio/006/006_Male_23_824.wav,ka june ya ngwaga wona
SPCS/data/audio/001/001_Female_23_297.wav,of those days
SPCS/data/audio/012/012_Female_20_509.wav,ka dikgwedi tše twelve
SPCS/data/audio/012/012_Female_20_23.wav,nyakago di tickets tša festival
SPCS/data/audio/003/003_Female_27_78.wav,a bona profile ya ka
SPCS/data/audio/017/017_Male_22_225.wav,se dira ke go taela
SPCS/data/audio/002/002_Male_24_74.wav,ba ba golang kua bankeng
SPCS/data/audio/006/006_Male_23_104.wav,di ranta tša go feta
SPCS/data/audio/010/010_Male_22_369.wav,lokela ka gare ga plastiki
SPCS/data/audio/015/015_Female_91_543.wav,bohlaba bja toropo ya Pretoria
SPCS/data/audio/002/002_Male_24_174.wav,ko di provinsing tše dingwe
SPCS/data/audio/014/014_Male_25_178.wav,gore motho a qualifaele
SPCS/data/audio/004/004_Female_17_453.wav,go papadi ya netball
SPCS/data/audio/007/007_Male_23_276.wav,jealous ke bolwetši
SPCS/data/audio/013/013_Male_27_30.wav,lane e tee e tšwaletše
SPCS/data/audio/002/002_Male_24_112.wav,taba ya di service standard
SPCS/data/audio/012/012_Female_20_56.wav,tsamaišana le body ya gage
SPCS/data/audio/012/012_Female_20_127.wav,morutiši ka panga
SPCS/data/audio/007/007_Male_23_261.wav,kgoro ya tsheko ya mmasetrata
SPCS/data/audio/015/015_Female_91_415.wav,ka june ya ngwaga wona
SPCS/data/audio/005/005_Male_26_52.wav,lenaneo la television
SPCS/data/audio/011/011_Female_21_153.wav,shopping center tše di kgolwane
SPCS/data/audio/003/003_Female_27_550.wav,ke mang fiance ya gago
SPCS/data/audio/004/004_Female_17_538.wav,account ya kua bankeng
SPCS/data/audio/010/010_Male_22_425.wav,bangwe ba kgona tša tourism
SPCS/data/audio/006/006_Male_23_195.wav,mehla ge o tlaleletša airtime
SPCS/data/audio/006/006_Male_23_121.wav,ke bona project ya lena
SPCS/data/audio/002/002_Male_24_630.wav,brithani
SPCS/data/audio/003/003_Female_27_475.wav,ba ile festivaleng
SPCS/data/audio/020/020_Male_20_514.wav,kgopelo ya bail
SPCS/data/audio/016/016_Female_21_317.wav,gore o ngwala di posts
SPCS/data/audio/010/010_Male_22_565.wav,kgona go ka ba corruptable
SPCS/data/audio/004/004_Female_17_87.wav,tšeo di nalego information
SPCS/data/audio/004/004_Female_17_143.wav,gopola gore facebook ya rena
SPCS/data/audio/017/017_Male_22_453.wav,ya gore daddy wa lwala
SPCS/data/audio/009/009_Female_26_234.wav,I am so scared
SPCS/data/audio/020/020_Male_20_244.wav,wa mohuta wa tic
SPCS/data/audio/008/008_Male_23_434.wav,ke fashion ya go tsenelela
SPCS/data/audio/002/002_Male_24_289.wav,khomišene ya bo setšhaba ya
SPCS/data/audio/005/005_Male_26_439.wav,tšeo di transportilego batho
SPCS/data/audio/004/004_Female_17_355.wav,university of johannesburg
SPCS/data/audio/001/001_Female_23_4.wav,a ka go tsebang personally
SPCS/data/audio/002/002_Male_24_323.wav,tsenela dikgwebo tša construction
SPCS/data/audio/007/007_Male_23_400.wav,mec wa sports and culture
SPCS/data/audio/017/017_Male_22_91.wav,ga yona ebile slow nyana
SPCS/data/audio/011/011_Female_21_316.wav,ke ngwana o mo sharp
SPCS/data/audio/005/005_Male_26_414.wav,tsenela dikgwebo tša construction
SPCS/data/audio/013/013_Male_27_154.wav,ke nale shopo ya ka
SPCS/data/audio/019/019_Male_23_258.wav,ke salad yeo e loketšego
SPCS/data/audio/016/016_Female_21_446.wav,o nale account ya banka
SPCS/data/audio/017/017_Male_22_364.wav,dansa le gona ke sport
SPCS/data/audio/006/006_Male_23_232.wav,gore a ka se afforde
SPCS/data/audio/004/004_Female_17_145.wav,ge motho a dira abortion
SPCS/data/audio/001/001_Female_23_259.wav,bowa ka bus ya mathomo
SPCS/data/audio/006/006_Male_23_729.wav,banna ba na le pressure
SPCS/data/audio/002/002_Male_24_178.wav,pressure ke e ntšhi ye
SPCS/data/audio/012/012_Female_20_535.wav,go feta maatla a ranta
SPCS/data/audio/006/006_Male_23_39.wav,retshwenya ke di drugs
SPCS/data/audio/005/005_Male_26_320.wav,jealous ke bolwetši
SPCS/data/audio/020/020_Male_20_349.wav,doctor re a le amogela
SPCS/data/audio/020/020_Male_20_292.wav,magistrata wa tikologo gosasa
SPCS/data/audio/004/004_Female_17_183.wav,ke goletše mo lekeišeneng
SPCS/data/audio/002/002_Male_24_427.wav,e lego planete
SPCS/data/audio/015/015_Female_91_232.wav,tše ka moka tša art
SPCS/data/audio/020/020_Male_20_295.wav,excellence awards
SPCS/data/audio/018/018_Male_21_347.wav,ke reality show ya television
SPCS/data/audio/010/010_Male_22_374.wav,updata nna ke a commenta
SPCS/data/audio/013/013_Male_27_403.wav,bible e bolela bjalo
SPCS/data/audio/018/018_Male_21_272.wav,mabapi le di exhibition
SPCS/data/audio/008/008_Male_23_443.wav,ba go nyaka di kontraka
SPCS/data/audio/010/010_Male_22_331.wav,disturba o sa re wa
SPCS/data/audio/008/008_Male_23_134.wav,mec wa sports and culture
SPCS/data/audio/004/004_Female_17_395.wav,di company tša afrika borwa
SPCS/data/audio/002/002_Male_24_129.wav,gopola gore facebook ya rena
SPCS/data/audio/012/012_Female_20_329.wav,ba hlwela television
SPCS/data/audio/012/012_Female_20_53.wav,mafelo a go socialisa
SPCS/data/audio/015/015_Female_91_26.wav,who are leading the right
SPCS/data/audio/019/019_Male_23_280.wav,a ka go tsebang personally
SPCS/data/audio/013/013_Male_27_198.wav,ke di bursary tše kae
SPCS/data/audio/019/019_Male_23_29.wav,tšona di skills
SPCS/data/audio/007/007_Male_23_311.wav,wa di griller go fihlela
SPCS/data/audio/002/002_Male_24_53.wav,re kwešiša position ya bona
SPCS/data/audio/013/013_Male_27_179.wav,le confusion ya di date
SPCS/data/audio/017/017_Male_22_75.wav,tša komišene ya bo setšhaba
SPCS/data/audio/006/006_Male_23_973.wav,ka company ya engineering
SPCS/data/audio/006/006_Male_23_278.wav,gore motho a qualifaele
SPCS/data/audio/013/013_Male_27_374.wav,eighteen years
SPCS/data/audio/015/015_Female_91_624.wav,tša melao ya di traffic
SPCS/data/audio/016/016_Female_21_16.wav,ditaba tša dipapadi tša swimming
SPCS/data/audio/002/002_Male_24_877.wav,mo historing ya rena
SPCS/data/audio/013/013_Male_27_181.wav,wa kgona go auditiona mo
SPCS/data/audio/005/005_Male_26_32.wav,ge e sena barcode
SPCS/data/audio/019/019_Male_23_382.wav,di company tša afrika borwa
SPCS/data/audio/019/019_Male_23_499.wav,napile professor
SPCS/data/audio/002/002_Male_24_730.wav,ranta e wele
SPCS/data/audio/011/011_Female_21_39.wav,basadi ba nale pressure
SPCS/data/audio/006/006_Male_23_722.wav,basadi ba nale pressure
SPCS/data/audio/003/003_Female_27_389.wav,dansa le gona ke sport
SPCS/data/audio/017/017_Male_22_323.wav,e be agency fela
SPCS/data/audio/002/002_Male_24_21.wav,e tšhaba tšhaba mo networkeng
SPCS/data/audio/019/019_Male_23_33.wav,le di track suit
SPCS/data/audio/015/015_Female_91_188.wav,ka di photo tsa go
SPCS/data/audio/006/006_Male_23_144.wav,gammogo le quantum ye one
SPCS/data/audio/020/020_Male_20_235.wav,batho bale ba go repossesa
SPCS/data/audio/020/020_Male_20_398.wav,a ba fa citizen report
SPCS/data/audio/002/002_Male_24_659.wav,mabapi le di exhibition
SPCS/data/audio/006/006_Male_23_646.wav,training academy ya di art
SPCS/data/audio/006/006_Male_23_250.wav,excellence awards
SPCS/data/audio/003/003_Female_27_407.wav,batho ba di cellphone
SPCS/data/audio/016/016_Female_21_497.wav,ga o tlo re hello
SPCS/data/audio/016/016_Female_21_43.wav,kgona go ka ba corruptable
SPCS/data/audio/007/007_Male_23_496.wav,se dira ke go taela
SPCS/data/audio/008/008_Male_23_355.wav,there is better way
SPCS/data/audio/002/002_Male_24_446.wav,go ya united kingdom
SPCS/data/audio/016/016_Female_21_59.wav,tšona di skills
SPCS/data/audio/014/014_Male_25_237.wav,re ka ba le agency
SPCS/data/audio/002/002_Male_24_447.wav,mmušo wa rena wa democracy
SPCS/data/audio/016/016_Female_21_433.wav,basadi ba lokela pressure banneng
SPCS/data/audio/020/020_Male_20_396.wav,di principles tša batho pele
SPCS/data/audio/011/011_Female_21_256.wav,ke thomile ministry ke
SPCS/data/audio/001/001_Female_23_595.wav,mafelo a go socialisa
SPCS/data/audio/012/012_Female_20_350.wav,updata status ga ba commente
SPCS/data/audio/001/001_Female_23_441.wav,o ileng wa mo blocka
SPCS/data/audio/009/009_Female_26_324.wav,feleletše a invita ga ntši
SPCS/data/audio/008/008_Male_23_416.wav,verse seventeen
SPCS/data/audio/003/003_Female_27_471.wav,di wheelchair di tletše gohle
SPCS/data/audio/003/003_Female_27_443.wav,bitšwa University of the North
SPCS/data/audio/016/016_Female_21_279.wav,ba hlwela television
SPCS/data/audio/017/017_Male_22_61.wav,e le go mo blocka
SPCS/data/audio/006/006_Male_23_41.wav,ba sepela ka group
SPCS/data/audio/012/012_Female_20_618.wav,shopping center tše di kgolwane
SPCS/data/audio/007/007_Male_23_212.wav,ke fishing
SPCS/data/audio/018/018_Male_21_263.wav,okay ke a leboga
SPCS/data/audio/010/010_Male_22_150.wav,morutiši ka panga
SPCS/data/audio/019/019_Male_23_405.wav,mehla ge o tlaleletša airtime
SPCS/data/audio/017/017_Male_22_242.wav,ga o tlo re hello
SPCS/data/audio/011/011_Female_21_490.wav,ke go ya khaunthareng
SPCS/data/audio/008/008_Male_23_169.wav,e fetang eight million rands
SPCS/data/audio/011/011_Female_21_19.wav,ranta e wele
SPCS/data/audio/017/017_Male_22_206.wav,uniform ya bana ya sekolo
SPCS/data/audio/008/008_Male_23_323.wav,holong ya masepala
SPCS/data/audio/014/014_Male_25_430.wav,go tsena tsena ga dipolotiki
SPCS/data/audio/020/020_Male_20_98.wav,wa nyaka spinach
SPCS/data/audio/001/001_Female_23_110.wav,tšwa go album ya majakathata
SPCS/data/audio/019/019_Male_23_378.wav,bobedi ke wola wa semi-automatic
SPCS/data/audio/010/010_Male_22_603.wav,go bolela le bona gore
SPCS/data/audio/010/010_Male_22_643.wav,di exhibitors di tlile
SPCS/data/audio/003/003_Female_27_57.wav,gona ka mo stadium sa
SPCS/data/audio/015/015_Female_91_35.wav,suggestion ya ka
SPCS/data/audio/001/001_Female_23_243.wav,wa two thousand and nine
SPCS/data/audio/013/013_Male_27_515.wav,ke ngwana o mo sharp
SPCS/data/audio/007/007_Male_23_334.wav,nako e ngwe o ntheka
SPCS/data/audio/011/011_Female_21_323.wav,o drainwa mo sepetlele
SPCS/data/audio/003/003_Female_27_279.wav,goba yona art
SPCS/data/audio/014/014_Male_25_253.wav,a ba fa citizen report
SPCS/data/audio/001/001_Female_23_499.wav,ba suggesta gore rena re
SPCS/data/audio/007/007_Male_23_418.wav,ke di temporary workers
SPCS/data/audio/018/018_Male_21_474.wav,account ya kua bankeng
SPCS/data/audio/005/005_Male_26_412.wav,bangwe ba kgona tša tourism
SPCS/data/audio/004/004_Female_17_473.wav,excellence awards
SPCS/data/audio/008/008_Male_23_343.wav,a ba fa citizen report
SPCS/data/audio/007/007_Male_23_771.wav,ke go ya khaunthareng
SPCS/data/audio/008/008_Male_23_397.wav,fourty seven percent
SPCS/data/audio/018/018_Male_21_339.wav,la tharo december twenty eleven
SPCS/data/audio/019/019_Male_23_204.wav,apara di shades tša gago
SPCS/data/audio/012/012_Female_20_338.wav,ke salad yeo e loketšego
SPCS/data/audio/003/003_Female_27_271.wav,e tšhaba tšhaba mo networkeng
SPCS/data/audio/002/002_Male_24_96.wav,le ge democracy e kokota
SPCS/data/audio/003/003_Female_27_40.wav,o changile maphelo a bona
SPCS/data/audio/005/005_Male_26_28.wav,leina la projeke ya setšhaba
SPCS/data/audio/003/003_Female_27_232.wav,a dira loan e tee
SPCS/data/audio/018/018_Male_21_215.wav,lokela ka gare ga plastiki
SPCS/data/audio/005/005_Male_26_288.wav,betha di pillar ka matlapa
SPCS/data/audio/014/014_Male_25_59.wav,category tše nne tša
SPCS/data/audio/014/014_Male_25_79.wav,e fetang eight million rands
SPCS/data/audio/004/004_Female_17_56.wav,e be di official residents
SPCS/data/audio/004/004_Female_17_366.wav,ka di six tša december
SPCS/data/audio/015/015_Female_91_423.wav,ba ba golang kua bankeng
SPCS/data/audio/010/010_Male_22_453.wav,ba ntšhitše di bus
SPCS/data/audio/002/002_Male_24_436.wav,province e tsamaiše
SPCS/data/audio/009/009_Female_26_20.wav,ikaparetše dilo tše di simple
SPCS/data/audio/015/015_Female_91_126.wav,mošomo wa bankeng
SPCS/data/audio/008/008_Male_23_142.wav,nna ga ke coach
SPCS/data/audio/020/020_Male_20_272.wav,e le tša gauta
SPCS/data/audio/006/006_Male_23_484.wav,o ka se confront lapa
SPCS/data/audio/013/013_Male_27_355.wav,ka thulwa ke taxi
SPCS/data/audio/015/015_Female_91_585.wav,baswa ba tšwile pateng
SPCS/data/audio/001/001_Female_23_445.wav,nna ke blockile morago ga
SPCS/data/audio/012/012_Female_20_4.wav,swere di kontraka tša mengwaga
SPCS/data/audio/015/015_Female_91_259.wav,as long as e le
SPCS/data/audio/009/009_Female_26_9.wav,ka dilo tša material
SPCS/data/audio/011/011_Female_21_95.wav,phone ya ka e be
SPCS/data/audio/018/018_Male_21_412.wav,nkgahlilego kudu ke ya corruption
SPCS/data/audio/009/009_Female_26_348.wav,ba go hwetša degree ye
SPCS/data/audio/020/020_Male_20_237.wav,facer bjang girlfriend ya gagwe
SPCS/data/audio/002/002_Male_24_571.wav,go nale di diagnostic indicators
SPCS/data/audio/006/006_Male_23_868.wav,mmušo wa rena wa democracy
SPCS/data/audio/018/018_Male_21_221.wav,nna ke blockile morago ga
SPCS/data/audio/001/001_Female_23_195.wav,e tšhaba tšhaba mo networkeng
SPCS/data/audio/007/007_Male_23_560.wav,doctor re a le amogela
SPCS/data/audio/003/003_Female_27_216.wav,o nale account ya banka
SPCS/data/audio/015/015_Female_91_94.wav,bohlaba bja toropo ya Pretoria
SPCS/data/audio/002/002_Male_24_788.wav,cellphone ya gago fela
SPCS/data/audio/001/001_Female_23_139.wav,o ka re romela email
SPCS/data/audio/015/015_Female_91_161.wav,wa nyaka di mushrooms
SPCS/data/audio/015/015_Female_91_489.wav,di ballroom
SPCS/data/audio/007/007_Male_23_389.wav,o nyaka thušo ya business
SPCS/data/audio/013/013_Male_27_143.wav,re beakantše ya agriculture
SPCS/data/audio/001/001_Female_23_539.wav,ticket ke gona e sepela
SPCS/data/audio/001/001_Female_23_426.wav,ge a ka dira appeal
SPCS/data/audio/012/012_Female_20_160.wav,shopping center tše di kgolwane
SPCS/data/audio/016/016_Female_21_49.wav,the best you can do
SPCS/data/audio/015/015_Female_91_485.wav,go buša order
SPCS/data/audio/007/007_Male_23_715.wav,molao tšeo di tsenetšego conference
SPCS/data/audio/006/006_Male_23_367.wav,and few ke ka kerekeng
SPCS/data/audio/012/012_Female_20_62.wav,uniform ya bana ya sekolo
SPCS/data/audio/020/020_Male_20_28.wav,go lokišwa tsela ko Nigel
SPCS/data/audio/007/007_Male_23_381.wav,training academay ya di arts
SPCS/data/audio/012/012_Female_20_249.wav,komišene yeo e hlomilwego
SPCS/data/audio/006/006_Male_23_213.wav,goba di parkeng
SPCS/data/audio/013/013_Male_27_151.wav,di exhibition tše tša lena
SPCS/data/audio/017/017_Male_22_115.wav,tsamaya nako ya two years
SPCS/data/audio/015/015_Female_91_518.wav,ke goletše mo lekeišeneng
SPCS/data/audio/002/002_Male_24_786.wav,se dira ke go taela
SPCS/data/audio/008/008_Male_23_100.wav,re beakantše ya agriculture
SPCS/data/audio/009/009_Female_26_63.wav,ga o tlo re hello
SPCS/data/audio/002/002_Male_24_308.wav,ba di lori le bahlwekiši
SPCS/data/audio/002/002_Male_24_617.wav,rena ba bangwe re sensitive
SPCS/data/audio/019/019_Male_23_227.wav,mošomo wa bankeng
SPCS/data/audio/012/012_Female_20_401.wav,be interested go construction fela
SPCS/data/audio/010/010_Male_22_144.wav,le child support grant
SPCS/data/audio/009/009_Female_26_487.wav,gore a ka se afforde
SPCS/data/audio/008/008_Male_23_188.wav,ba grade four to seven
SPCS/data/audio/015/015_Female_91_536.wav,festival ya kgoparara ya thobelaFM
SPCS/data/audio/009/009_Female_26_337.wav,tona ya kgwebo le indasteri
SPCS/data/audio/013/013_Male_27_173.wav,ba ntšhitše di bus
SPCS/data/audio/014/014_Male_25_464.wav,maketše ge ba bona response
SPCS/data/audio/013/013_Male_27_253.wav,ka january a ka emiša
SPCS/data/audio/005/005_Male_26_218.wav,ke bona on daily basis
SPCS/data/audio/020/020_Male_20_126.wav,go tsena tsena ga dipolotiki
SPCS/data/audio/005/005_Male_26_481.wav,ge e sena barcode
SPCS/data/audio/006/006_Male_23_843.wav,bowa ka bus ya mathomo
SPCS/data/audio/016/016_Female_21_103.wav,wa leloko la board
SPCS/data/audio/001/001_Female_23_105.wav,o tlo tlotša polish
SPCS/data/audio/017/017_Male_22_494.wav,updata status ga ba commente
SPCS/data/audio/012/012_Female_20_452.wav,ke di temporary workers
SPCS/data/audio/006/006_Male_23_1066.wav,gona fa tournamenteng ye
SPCS/data/audio/005/005_Male_26_379.wav,ka di photo tsa go
SPCS/data/audio/011/011_Female_21_509.wav,bowa gae ka di medal
SPCS/data/audio/010/010_Male_22_376.wav,nna ke blockile mogwera
SPCS/data/audio/001/001_Female_23_392.wav,go hwetša di opportunities
SPCS/data/audio/016/016_Female_21_231.wav,bathopa difoka tša di bursary
SPCS/data/audio/006/006_Male_23_811.wav,re kwešiša position ya bona
SPCS/data/audio/001/001_Female_23_449.wav,motho o a mo blocka
SPCS/data/audio/001/001_Female_23_521.wav,re e bone talente
SPCS/data/audio/019/019_Male_23_353.wav,ka di six tša december
SPCS/data/audio/004/004_Female_17_126.wav,taba ya di service standard
SPCS/data/audio/019/019_Male_23_49.wav,ba na le di disability
SPCS/data/audio/020/020_Male_20_336.wav,ba sepela ka di crutches
SPCS/data/audio/020/020_Male_20_450.wav,ke fishing
SPCS/data/audio/013/013_Male_27_100.wav,a mbora ka nako yeo
SPCS/data/audio/001/001_Female_23_378.wav,ke fashion ya go tsenelela
SPCS/data/audio/002/002_Male_24_403.wav,mehla ge o tlaleletša airtime
SPCS/data/audio/020/020_Male_20_499.wav,o nale disability
SPCS/data/audio/017/017_Male_22_444.wav,the head of department
SPCS/data/audio/002/002_Male_24_263.wav,wa nyaka salad dressing
SPCS/data/audio/002/002_Male_24_410.wav,botša eng girlfriend ya ka
SPCS/data/audio/018/018_Male_21_36.wav,ke le busy ka ofising
SPCS/data/audio/012/012_Female_20_88.wav,magistrata wa tikologo gosasa
SPCS/data/audio/019/019_Male_23_439.wav,mo kapteni wa sehlopa
SPCS/data/audio/001/001_Female_23_365.wav,recharga ka MTN easy
SPCS/data/audio/018/018_Male_21_322.wav,swere di kontraka tša mengwaga
SPCS/data/audio/005/005_Male_26_309.wav,go hwetša di opportunities
SPCS/data/audio/006/006_Male_23_572.wav,e nyenyefatše gore jewellery
SPCS/data/audio/019/019_Male_23_423.wav,goba di parkeng
SPCS/data/audio/002/002_Male_24_817.wav,di jeresi tše di botse
SPCS/data/audio/007/007_Male_23_594.wav,e be agency fela
SPCS/data/audio/019/019_Male_23_457.wav,magistrata wa tikologo gosasa
SPCS/data/audio/007/007_Male_23_102.wav,go swerwe festival ya kakapa
SPCS/data/audio/001/001_Female_23_598.wav,tsamaišana le body ya gage
SPCS/data/audio/003/003_Female_27_194.wav,ranta e wele
SPCS/data/audio/005/005_Male_26_109.wav,the best you can do
SPCS/data/audio/004/004_Female_17_318.wav,banka ya gona
SPCS/data/audio/011/011_Female_21_373.wav,tša komišene ya bo setšhaba
SPCS/data/audio/013/013_Male_27_502.wav,jealous ke bolwetši
SPCS/data/audio/017/017_Male_22_149.wav,ba le fa di pamphlets
SPCS/data/audio/019/019_Male_23_209.wav,nako ya bumper to bumper
SPCS/data/audio/010/010_Male_22_140.wav,ba home affairs
SPCS/data/audio/001/001_Female_23_276.wav,motho a applyele mphiwafela
SPCS/data/audio/002/002_Male_24_584.wav,o ka se confront lapa
SPCS/data/audio/010/010_Male_22_384.wav,rena ba bangwe re sensitive
SPCS/data/audio/007/007_Male_23_279.wav,bomenetša bja di tendera
SPCS/data/audio/003/003_Female_27_1.wav,bathopa difoka tša di bursary
SPCS/data/audio/014/014_Male_25_185.wav,peresente tše masome seswai hlano
SPCS/data/audio/009/009_Female_26_183.wav,di contributa go downfall ya
SPCS/data/audio/001/001_Female_23_13.wav,ka di photo tsa go
SPCS/data/audio/006/006_Male_23_677.wav,category tše nne tša
SPCS/data/audio/006/006_Male_23_198.wav,ba grade four to seven
SPCS/data/audio/015/015_Female_91_398.wav,napile professor
SPCS/data/audio/015/015_Female_91_551.wav,pele o ka tlotša polish
SPCS/data/audio/009/009_Female_26_318.wav,nna ke blockile mogwera
SPCS/data/audio/010/010_Male_22_142.wav,gore motho a qualifaele
SPCS/data/audio/006/006_Male_23_771.wav,nkgahlilego kudu ke ya corruption
SPCS/data/audio/015/015_Female_91_108.wav,nako ya bumper to bumper
SPCS/data/audio/016/016_Female_21_153.wav,all the colleges tša mo
SPCS/data/audio/010/010_Male_22_213.wav,go ya united kingdom
SPCS/data/audio/005/005_Male_26_181.wav,e lego planete
SPCS/data/audio/017/017_Male_22_248.wav,karabo ke roast lamb
SPCS/data/audio/012/012_Female_20_262.wav,hweditše di report tše botse
SPCS/data/audio/011/011_Female_21_291.wav,re kwešiša condition ya bona
SPCS/data/audio/013/013_Male_27_229.wav,kare ke fashion ye nngwe
SPCS/data/audio/006/006_Male_23_796.wav,gore motho a qualifaele
SPCS/data/audio/003/003_Female_27_534.wav,ge a dulela go commenta
SPCS/data/audio/016/016_Female_21_48.wav,ga o tlo re hello
SPCS/data/audio/007/007_Male_23_749.wav,di pamphlets tša festival ye
SPCS/data/audio/009/009_Female_26_334.wav,ka di photo tsa go
SPCS/data/audio/014/014_Male_25_452.wav,exhibition yela ra go bolela
SPCS/data/audio/012/012_Female_20_261.wav,province yengwe le yengwe
SPCS/data/audio/018/018_Male_21_394.wav,a tšea di crate
SPCS/data/audio/005/005_Male_26_443.wav,ka di six tša december
SPCS/data/audio/014/014_Male_25_37.wav,ko sekhukhuni district ya gešu
SPCS/data/audio/006/006_Male_23_503.wav,o tlo ntšha plastic bag
SPCS/data/audio/018/018_Male_21_62.wav,taba ya di service standard
SPCS/data/audio/003/003_Female_27_269.wav,lamb or nku
SPCS/data/audio/002/002_Male_24_68.wav,ka twenty fifteen
SPCS/data/audio/016/016_Female_21_346.wav,ga yona ebile slow nyana
SPCS/data/audio/005/005_Male_26_100.wav,diswantšho tša cctv
SPCS/data/audio/018/018_Male_21_94.wav,hundred and seven for two
SPCS/data/audio/011/011_Female_21_346.wav,nna ke blockile mogwera
SPCS/data/audio/015/015_Female_91_44.wav,hundred and seven for two
SPCS/data/audio/002/002_Male_24_255.wav,bao ba etetšego flat
SPCS/data/audio/010/010_Male_22_405.wav,dithuto tša gagwe tša optometry
SPCS/data/audio/008/008_Male_23_68.wav,nako e ngwe o ntheka
SPCS/data/audio/010/010_Male_22_580.wav,yona rehabilitation
SPCS/data/audio/020/020_Male_20_119.wav,le di posts tša ka
SPCS/data/audio/014/014_Male_25_31.wav,learnership ye tsamaya tsamaya bjang
SPCS/data/audio/008/008_Male_23_93.wav,exhibition yela ra go bolela
SPCS/data/audio/006/006_Male_23_713.wav,mehla ge o tlaleletša airtime
SPCS/data/audio/018/018_Male_21_135.wav,yellow pepper e tee
SPCS/data/audio/007/007_Male_23_145.wav,e be agency fela
SPCS/data/audio/002/002_Male_24_750.wav,basadi ba nale pressure
SPCS/data/audio/003/003_Female_27_158.wav,wa kgona go auditiona mo
SPCS/data/audio/009/009_Female_26_519.wav,o ithopela two thousand rand
SPCS/data/audio/011/011_Female_21_423.wav,ba ntšhitše di bus
SPCS/data/audio/012/012_Female_20_620.wav,ge go nyakega copy
SPCS/data/audio/003/003_Female_27_392.wav,ba mo knockile
SPCS/data/audio/006/006_Male_23_156.wav,ebile ga se wena coach
SPCS/data/audio/009/009_Female_26_376.wav,ke nale shopo ya ka
SPCS/data/audio/011/011_Female_21_269.wav,ditaba ka Standford Matlou
SPCS/data/audio/012/012_Female_20_461.wav,o tlo tlotša polish
SPCS/data/audio/016/016_Female_21_563.wav,ke sepela ka sekuta
SPCS/data/audio/007/007_Male_23_430.wav,o romele tšhelete ya administration
SPCS/data/audio/006/006_Male_23_365.wav,who are leading the right
SPCS/data/audio/009/009_Female_26_328.wav,ke a blocka ge motho
SPCS/data/audio/015/015_Female_91_443.wav,ikopanye le mokhanselara
SPCS/data/audio/016/016_Female_21_577.wav,re ka ba le agency
SPCS/data/audio/015/015_Female_91_402.wav,re kwešiša position ya bona
SPCS/data/audio/003/003_Female_27_563.wav,okay ke a leboga
SPCS/data/audio/020/020_Male_20_74.wav,colleges le di universities tša
SPCS/data/audio/003/003_Female_27_140.wav,tsamaya nako ya two years
SPCS/data/audio/003/003_Female_27_426.wav,ntšhitše di sprinter tše two
SPCS/data/audio/015/015_Female_91_72.wav,o mo top hundred
SPCS/data/audio/003/003_Female_27_82.wav,bangwe ga ba na timing
SPCS/data/audio/012/012_Female_20_582.wav,ga ba ba lucky
SPCS/data/audio/008/008_Male_23_8.wav,disturba o sa re wa
SPCS/data/audio/017/017_Male_22_143.wav,konsarata tša mmino
SPCS/data/audio/006/006_Male_23_857.wav,province e tsamaiše
SPCS/data/audio/007/007_Male_23_97.wav,di bitšang gore ke infection
SPCS/data/audio/004/004_Female_17_613.wav,maketše ge ba bona response
SPCS/data/audio/007/007_Male_23_717.wav,ebile ga se wena coach
SPCS/data/audio/010/010_Male_22_285.wav,hweditše di report tše botse
SPCS/data/audio/014/014_Male_25_414.wav,nna ke blockile motho ka
SPCS/data/audio/003/003_Female_27_65.wav,wa di griller go fihlela
SPCS/data/audio/001/001_Female_23_131.wav,barutiši ba sekolo sa primary
SPCS/data/audio/006/006_Male_23_850.wav,taba tše tša histori
SPCS/data/audio/010/010_Male_22_638.wav,go tla interview
SPCS/data/audio/008/008_Male_23_104.wav,tsenela dikgwebo tša construction
SPCS/data/audio/020/020_Male_20_379.wav,ikopanye le mokhanselara
SPCS/data/audio/019/019_Male_23_167.wav,gore di form tše re
SPCS/data/audio/002/002_Male_24_939.wav,hlaelelo ya diesel ya sulphur
SPCS/data/audio/016/016_Female_21_587.wav,e na le barcode
SPCS/data/audio/016/016_Female_21_480.wav,se dira ke go taela
SPCS/data/audio/016/016_Female_21_539.wav,swanetše go tsošološa di grants
SPCS/data/audio/006/006_Male_23_907.wav,hundred kilometer ka awara
SPCS/data/audio/015/015_Female_91_520.wav,fine ye kgolo kgolo
SPCS/data/audio/012/012_Female_20_514.wav,hundred and fifty rand fela
SPCS/data/audio/006/006_Male_23_873.wav,ba phasa
SPCS/data/audio/015/015_Female_91_229.wav,mantlo a fifteen thousand
SPCS/data/audio/006/006_Male_23_880.wav,all the colleges tša mo
SPCS/data/audio/005/005_Male_26_193.wav,motho a applyele mphiwafela
SPCS/data/audio/018/018_Male_21_343.wav,ranta e wele
SPCS/data/audio/001/001_Female_23_384.wav,go roaster nama ya nku
SPCS/data/audio/015/015_Female_91_355.wav,pele ga komiti ya palamente
SPCS/data/audio/004/004_Female_17_513.wav,di bitšang gore ke infection
SPCS/data/audio/009/009_Female_26_235.wav,go fihla mafelelong a January
SPCS/data/audio/019/019_Male_23_456.wav,pele ga komiti ya palamente
SPCS/data/audio/010/010_Male_22_101.wav,ka gare ga traffic circle
SPCS/data/audio/005/005_Male_26_331.wav,baswa leading the right life
SPCS/data/audio/015/015_Female_91_647.wav,ke goletše mo lekeišeneng
SPCS/data/audio/006/006_Male_23_254.wav,a bolailwego ka panga
SPCS/data/audio/010/010_Male_22_621.wav,ba mo knockile
SPCS/data/audio/007/007_Male_23_415.wav,category tše nne tša
SPCS/data/audio/003/003_Female_27_136.wav,e nyenyefatše gore jewellery
SPCS/data/audio/013/013_Male_27_38.wav,kgoro ya tsheko ya mmasetrata
SPCS/data/audio/019/019_Male_23_40.wav,fapana a di social grants
SPCS/data/audio/004/004_Female_17_212.wav,fokotša koketšo ya di gas
SPCS/data/audio/015/015_Female_91_378.wav,goba yona art
SPCS/data/audio/003/003_Female_27_548.wav,di robot ga di šome
SPCS/data/audio/015/015_Female_91_137.wav,especially young people
SPCS/data/audio/003/003_Female_27_525.wav,motho o a mo blocka
SPCS/data/audio/015/015_Female_91_491.wav,ba mo knockile
SPCS/data/audio/007/007_Male_23_47.wav,se dira ke go taela
SPCS/data/audio/007/007_Male_23_762.wav,ba grade four to seven
SPCS/data/audio/006/006_Male_23_913.wav,gagwe o be a graduata
SPCS/data/audio/016/016_Female_21_473.wav,companying a tee
SPCS/data/audio/004/004_Female_17_282.wav,nna ke blockile batho
SPCS/data/audio/013/013_Male_27_267.wav,level e tee ya salary
SPCS/data/audio/002/002_Male_24_156.wav,graduation ya ngwana wa gagwe
SPCS/data/audio/001/001_Female_23_386.wav,bakgopedi ba di tendera
SPCS/data/audio/018/018_Male_21_413.wav,a bolailwego ka panga
SPCS/data/audio/002/002_Male_24_389.wav,la tharo december twenty eleven
SPCS/data/audio/013/013_Male_27_160.wav,e nyenyefatše gore di portrait
SPCS/data/audio/018/018_Male_21_138.wav,I am so scared
SPCS/data/audio/015/015_Female_91_559.wav,go roaster nama ya nku
SPCS/data/audio/012/012_Female_20_67.wav,bowa gae ka di medal
SPCS/data/audio/013/013_Male_27_321.wav,ba na le di disability
SPCS/data/audio/004/004_Female_17_111.wav,re ka ba le agency
SPCS/data/audio/007/007_Male_23_370.wav,tsenela dikgwebo tša construction
SPCS/data/audio/007/007_Male_23_534.wav,gore motho a qualifaele
SPCS/data/audio/003/003_Female_27_555.wav,account ya yona e ka
SPCS/data/audio/016/016_Female_21_164.wav,o swara style
SPCS/data/audio/020/020_Male_20_328.wav,di ofisi tša rena magaeng
SPCS/data/audio/020/020_Male_20_334.wav,napile professor
SPCS/data/audio/019/019_Male_23_93.wav,taba tše tša histori
SPCS/data/audio/013/013_Male_27_309.wav,ba home affairs
SPCS/data/audio/020/020_Male_20_199.wav,go amana le di athletiki
SPCS/data/audio/006/006_Male_23_2.wav,traffic lights ga di šome
SPCS/data/audio/004/004_Female_17_229.wav,ka company ya engineering
SPCS/data/audio/008/008_Male_23_140.wav,as long as e le
SPCS/data/audio/001/001_Female_23_492.wav,le di challenge tše kgolo
SPCS/data/audio/014/014_Male_25_10.wav,re beakantše ya agriculture
SPCS/data/audio/009/009_Female_26_79.wav,lenaneo la outreach
SPCS/data/audio/014/014_Male_25_461.wav,bangwe ba kgona tša tourism
SPCS/data/audio/017/017_Male_22_110.wav,training academay ya di arts
SPCS/data/audio/007/007_Male_23_547.wav,ba sepela ka di crutches
SPCS/data/audio/016/016_Female_21_198.wav,fourty seven percent
SPCS/data/audio/012/012_Female_20_585.wav,go swerwe festival ya kakapa
SPCS/data/audio/019/019_Male_23_223.wav,nna ke a porega
SPCS/data/audio/002/002_Male_24_919.wav,o swara style
SPCS/data/audio/019/019_Male_23_413.wav,ka dilo tša material
SPCS/data/audio/014/014_Male_25_503.wav,go amana le di athletiki
SPCS/data/audio/009/009_Female_26_365.wav,re beakantše ya agriculture
SPCS/data/audio/006/006_Male_23_760.wav,cellphone ya gago fela
SPCS/data/audio/011/011_Female_21_189.wav,ba phasa
SPCS/data/audio/001/001_Female_23_281.wav,e na le barcode
SPCS/data/audio/011/011_Female_21_306.wav,bomenetša bja di tendera
SPCS/data/audio/002/002_Male_24_698.wav,nna ga ke coach
SPCS/data/audio/019/019_Male_23_178.wav,di results le se meetseng
SPCS/data/audio/007/007_Male_23_267.wav,ka la tharo december
SPCS/data/audio/002/002_Male_24_416.wav,o hwetše code ya moswananoši
SPCS/data/audio/007/007_Male_23_687.wav,tše ka moka tša art
SPCS/data/audio/006/006_Male_23_255.wav,komišene ya bosetšhaba
SPCS/data/audio/009/009_Female_26_173.wav,ke bona on daily basis
SPCS/data/audio/011/011_Female_21_319.wav,ka se tlo confront motho
SPCS/data/audio/007/007_Male_23_272.wav,ba ile festivaleng
SPCS/data/audio/019/019_Male_23_217.wav,o nale disability
SPCS/data/audio/016/016_Female_21_6.wav,tsamaišana le body ya gage
SPCS/data/audio/005/005_Male_26_113.wav,o re hello le kae
SPCS/data/audio/006/006_Male_23_807.wav,napile professor
SPCS/data/audio/010/010_Male_22_516.wav,ka dilo tša material
SPCS/data/audio/010/010_Male_22_278.wav,ko di provinsing tše dingwe
SPCS/data/audio/005/005_Male_26_293.wav,pele o ka tlotša polish
SPCS/data/audio/019/019_Male_23_89.wav,o ya conferenceng
SPCS/data/audio/019/019_Male_23_329.wav,e nale plan ya gore
SPCS/data/audio/015/015_Female_91_459.wav,mmušo wa rena wa democracy
SPCS/data/audio/017/017_Male_22_529.wav,banka ya gona
SPCS/data/audio/018/018_Male_21_481.wav,ka thulwa ke taxi
SPCS/data/audio/017/017_Male_22_303.wav,le di community radio stations
SPCS/data/audio/005/005_Male_26_155.wav,doctor re a le amogela
SPCS/data/audio/008/008_Male_23_230.wav,se dira ke go taela
SPCS/data/audio/007/007_Male_23_73.wav,e tsebagaditše di projeke
SPCS/data/audio/008/008_Male_23_196.wav,o nale account ya banka
SPCS/data/audio/017/017_Male_22_58.wav,ke a blocka ge motho
SPCS/data/audio/006/006_Male_23_674.wav,ticket ke gona e sepela
SPCS/data/audio/013/013_Male_27_80.wav,gona ka mo stadium sa
SPCS/data/audio/006/006_Male_23_388.wav,ekile ya ba di drama
SPCS/data/audio/001/001_Female_23_330.wav,graduation ya ngwana wa gagwe
SPCS/data/audio/010/010_Male_22_327.wav,ka morago ga twelve months
SPCS/data/audio/002/002_Male_24_361.wav,nna ga ke coach
SPCS/data/audio/019/019_Male_23_454.wav,ka hwetša twenty percent discount
SPCS/data/audio/007/007_Male_23_435.wav,e fetang eight million rands
SPCS/data/audio/014/014_Male_25_166.wav,e tsebagaditše di projeke
SPCS/data/audio/016/016_Female_21_107.wav,ke tswaletše account kua bankeng
SPCS/data/audio/010/010_Male_22_84.wav,ka january a ka emiša
SPCS/data/audio/009/009_Female_26_305.wav,o nyaka butternut e tee
SPCS/data/audio/017/017_Male_22_272.wav,le go head of department
SPCS/data/audio/020/020_Male_20_89.wav,tšwela pele bjalo ka presidente
SPCS/data/audio/006/006_Male_23_559.wav,mabapi le di exhibition
SPCS/data/audio/009/009_Female_26_486.wav,gona fa tournamenteng ye
SPCS/data/audio/002/002_Male_24_90.wav,e lego planete
SPCS/data/audio/009/009_Female_26_87.wav,motho wo a di applyelang
SPCS/data/audio/015/015_Female_91_134.wav,go nale di diagnostic indicators
SPCS/data/audio/005/005_Male_26_511.wav,banna ba na le pressure
SPCS/data/audio/018/018_Male_21_460.wav,ba changile di address
SPCS/data/audio/011/011_Female_21_372.wav,di robot ga di šome
SPCS/data/audio/015/015_Female_91_275.wav,pakaneng ya omo auto
SPCS/data/audio/005/005_Male_26_226.wav,suggestion ya ka
SPCS/data/audio/001/001_Female_23_214.wav,le child support grant
SPCS/data/audio/003/003_Female_27_154.wav,mec wa sports and culture
SPCS/data/audio/015/015_Female_91_454.wav,filimi tša metsotso ye masomepedi
SPCS/data/audio/006/006_Male_23_854.wav,le ge democracy e kokota
SPCS/data/audio/020/020_Male_20_56.wav,ka la tharo december
SPCS/data/audio/015/015_Female_91_362.wav,nkgahlilego kudu ke ya corruption
SPCS/data/audio/002/002_Male_24_229.wav,jealous ke bolwetši
SPCS/data/audio/007/007_Male_23_217.wav,le le recodilwego
SPCS/data/audio/013/013_Male_27_388.wav,ba phasa
SPCS/data/audio/010/010_Male_22_494.wav,ge e sena barcode
SPCS/data/audio/015/015_Female_91_568.wav,the head of department
SPCS/data/audio/005/005_Male_26_390.wav,tša komišene ya bo setšhaba
SPCS/data/audio/006/006_Male_23_460.wav,ka morago ga twelve months
SPCS/data/audio/010/010_Male_22_52.wav,ke reality show ya television
SPCS/data/audio/015/015_Female_91_290.wav,ge e sena barcode
SPCS/data/audio/010/010_Male_22_173.wav,wa two thousand and nine
SPCS/data/audio/013/013_Male_27_87.wav,wa nyaka salad dressing
SPCS/data/audio/017/017_Male_22_141.wav,ticket ke gona e sepela
SPCS/data/audio/007/007_Male_23_194.wav,a beilego record e ntshwa
SPCS/data/audio/020/020_Male_20_449.wav,di exhibitors di tlile
SPCS/data/audio/003/003_Female_27_200.wav,batho bale ba go repossesa
SPCS/data/audio/006/006_Male_23_887.wav,gopola gore facebook ya rena
SPCS/data/audio/016/016_Female_21_364.wav,dira diimport and export
SPCS/data/audio/020/020_Male_20_83.wav,o ka se confront lapa
SPCS/data/audio/004/004_Female_17_209.wav,ditaba ka Standford Matlou
SPCS/data/audio/018/018_Male_21_106.wav,graduation ya ngwana wa gagwe
SPCS/data/audio/011/011_Female_21_267.wav,bitšwa University of the North
SPCS/data/audio/004/004_Female_17_389.wav,pakaneng ya omo auto
SPCS/data/audio/017/017_Male_22_487.wav,wa nyaka spinach
SPCS/data/audio/013/013_Male_27_201.wav,bobedi ke wola wa semi-automatic
SPCS/data/audio/012/012_Female_20_439.wav,o auditione mo districting engwe
SPCS/data/audio/012/012_Female_20_478.wav,ke reality show ya television
SPCS/data/audio/016/016_Female_21_276.wav,ka se tlo confront motho
SPCS/data/audio/017/017_Male_22_530.wav,account ya yona e ka
SPCS/data/audio/006/006_Male_23_988.wav,rapelelwa peace love and harmony
SPCS/data/audio/010/010_Male_22_537.wav,hundred and fifty rand fela
SPCS/data/audio/003/003_Female_27_326.wav,ke tswaletše account kua bankeng
SPCS/data/audio/020/020_Male_20_206.wav,of real gospel music
SPCS/data/audio/014/014_Male_25_6.wav,ga yona ebile slow nyana
SPCS/data/audio/007/007_Male_23_606.wav,presidente ya league ya baswa
SPCS/data/audio/018/018_Male_21_30.wav,go tšwa police station
SPCS/data/audio/018/018_Male_21_246.wav,gare ga toropo ya johannesburg
SPCS/data/audio/010/010_Male_22_655.wav,ntšhitše di sprinter tše two
SPCS/data/audio/010/010_Male_22_491.wav,ka two thousand and eight
SPCS/data/audio/020/020_Male_20_190.wav,di results la mathomo ba
SPCS/data/audio/017/017_Male_22_17.wav,le ngwana wa eleven years
SPCS/data/audio/016/016_Female_21_225.wav,bohlaba bja toropo ya Pretoria
SPCS/data/audio/002/002_Male_24_644.wav,lekala la banka
SPCS/data/audio/002/002_Male_24_27.wav,yona rehabilitation
SPCS/data/audio/003/003_Female_27_146.wav,business ya ka e kgone
SPCS/data/audio/019/019_Male_23_46.wav,peresente tše masome seswai hlano
SPCS/data/audio/008/008_Male_23_61.wav,rena ba bangwe re sensitive
SPCS/data/audio/005/005_Male_26_341.wav,šomiša di million tse lekgolo
SPCS/data/audio/010/010_Male_22_534.wav,uniform ya bana ya sekolo
SPCS/data/audio/017/017_Male_22_454.wav,jealous ke bolwetši
SPCS/data/audio/001/001_Female_23_343.wav,ke goletše mo lekeišeneng
SPCS/data/audio/019/019_Male_23_162.wav,o robile record
SPCS/data/audio/013/013_Male_27_379.wav,industeri ya di filimi ka
SPCS/data/audio/020/020_Male_20_329.wav,go accessa ditirelo tša rena
SPCS/data/audio/016/016_Female_21_387.wav,date yela ke di nineteen
SPCS/data/audio/013/013_Male_27_172.wav,tšeo di transportilego batho
SPCS/data/audio/005/005_Male_26_238.wav,a beilego record e ntshwa
SPCS/data/audio/006/006_Male_23_828.wav,mošireletši wa setšhaba advocate
SPCS/data/audio/005/005_Male_26_199.wav,go phatlalala le province
SPCS/data/audio/013/013_Male_27_120.wav,gare ga toropo ya johannesburg
SPCS/data/audio/016/016_Female_21_44.wav,nkgahlilego kudu ke ya corruption
SPCS/data/audio/019/019_Male_23_34.wav,lenaneo la outreach
SPCS/data/audio/007/007_Male_23_57.wav,excellence awards
SPCS/data/audio/004/004_Female_17_539.wav,ke tswaletše account kua bankeng
SPCS/data/audio/003/003_Female_27_591.wav,university of johannesburg
SPCS/data/audio/010/010_Male_22_362.wav,o tlo nyaka green pepper
SPCS/data/audio/005/005_Male_26_270.wav,di polio
SPCS/data/audio/009/009_Female_26_409.wav,go amana le di athletiki
SPCS/data/audio/008/008_Male_23_262.wav,le di track suit
SPCS/data/audio/003/003_Female_27_549.wav,tša komišene ya bo setšhaba
SPCS/data/audio/013/013_Male_27_264.wav,gona fa tournamenteng ye
SPCS/data/audio/013/013_Male_27_398.wav,there is better way
SPCS/data/audio/004/004_Female_17_481.wav,the best you can do
SPCS/data/audio/001/001_Female_23_489.wav,ga yona ebile slow nyana
SPCS/data/audio/008/008_Male_23_126.wav,business ya ka e kgone
SPCS/data/audio/020/020_Male_20_188.wav,ka di six tša december
SPCS/data/audio/002/002_Male_24_662.wav,ba suggesta gore rena re
SPCS/data/audio/007/007_Male_23_399.wav,ka di six tša december
SPCS/data/audio/003/003_Female_27_568.wav,le di challenge tše kgolo
SPCS/data/audio/008/008_Male_23_222.wav,gore a ka se afforde
SPCS/data/audio/003/003_Female_27_21.wav,ka la tharo december
SPCS/data/audio/004/004_Female_17_114.wav,ke yona disability
SPCS/data/audio/016/016_Female_21_391.wav,molao tšeo di tsenetšego conference
SPCS/data/audio/016/016_Female_21_147.wav,la national planning commission
SPCS/data/audio/006/006_Male_23_637.wav,e nale plan ya gore
SPCS/data/audio/004/004_Female_17_265.wav,presidente ya league ya baswa
SPCS/data/audio/002/002_Male_24_175.wav,university of technology
SPCS/data/audio/014/014_Male_25_501.wav,nna ga ke coach
SPCS/data/audio/014/014_Male_25_97.wav,barutiši ba sekolo sa primary
SPCS/data/audio/001/001_Female_23_185.wav,go na le category enngwe
SPCS/data/audio/012/012_Female_20_285.wav,ke fashion ya go tsenelela
SPCS/data/audio/013/013_Male_27_41.wav,re kwešiša condition ya bona
SPCS/data/audio/002/002_Male_24_24.wav,o ithopela two thousand rand
SPCS/data/audio/002/002_Male_24_943.wav,batho ba di cellphone
SPCS/data/audio/012/012_Female_20_322.wav,le ngwana wa eleven years
SPCS/data/audio/013/013_Male_27_312.wav,fapana a di social grants
SPCS/data/audio/020/020_Male_20_467.wav,ke thomile ministry ke
SPCS/data/audio/006/006_Male_23_922.wav,di exhibitors di tlile
SPCS/data/audio/012/012_Female_20_72.wav,gona fa tournamenteng ye
SPCS/data/audio/008/008_Male_23_45.wav,wa di griller go fihlela
SPCS/data/audio/018/018_Male_21_341.wav,nyakago di tickets tša festival
SPCS/data/audio/013/013_Male_27_22.wav,fokotša koketšo ya di gas
SPCS/data/audio/007/007_Male_23_681.wav,ke bona project ya lena
SPCS/data/audio/002/002_Male_24_271.wav,nna ke blockile morago ga
SPCS/data/audio/004/004_Female_17_71.wav,wa porega bjang
SPCS/data/audio/003/003_Female_27_431.wav,hweditše di report tše botse
SPCS/data/audio/018/018_Male_21_178.wav,ya gore daddy wa lwala
SPCS/data/audio/001/001_Female_23_375.wav,wa boraro ga se semi-automatic
SPCS/data/audio/001/001_Female_23_502.wav,e nale plan ya gore
SPCS/data/audio/012/012_Female_20_142.wav,ba changile di address
SPCS/data/audio/014/014_Male_25_308.wav,komišene yeo e hlomilwego
SPCS/data/audio/004/004_Female_17_142.wav,and few ke ka kerekeng
SPCS/data/audio/002/002_Male_24_295.wav,mošomo wa psychometric
SPCS/data/audio/001/001_Female_23_554.wav,o tlo tlotša polish
SPCS/data/audio/013/013_Male_27_96.wav,nna ke blockile mogwera
SPCS/data/audio/006/006_Male_23_626.wav,di tlileng go tlo exhibita
SPCS/data/audio/016/016_Female_21_591.wav,di principles tša batho pele
SPCS/data/audio/007/007_Male_23_729.wav,ke di bursary tše kae
SPCS/data/audio/003/003_Female_27_539.wav,khomišene ya bo setšhaba ya
SPCS/data/audio/003/003_Female_27_560.wav,mabapi le construction exhibition
SPCS/data/audio/012/012_Female_20_78.wav,ka gare ga traffic circle
SPCS/data/audio/013/013_Male_27_157.wav,dira diimport and export
SPCS/data/audio/018/018_Male_21_180.wav,rapelelwa peace love and harmony
SPCS/data/audio/001/001_Female_23_368.wav,bohlaba bja toropo ya Pretoria
SPCS/data/audio/001/001_Female_23_437.wav,wa nyaka salad dressing
SPCS/data/audio/015/015_Female_91_227.wav,di exhibition tše tša lena
SPCS/data/audio/002/002_Male_24_406.wav,ba grade four to seven
SPCS/data/audio/016/016_Female_21_530.wav,di bitšang gore ke infection
SPCS/data/audio/005/005_Male_26_465.wav,ke di bursary tše kae
SPCS/data/audio/007/007_Male_23_85.wav,gore motho a qualifaele
SPCS/data/audio/010/010_Male_22_317.wav,ba go nyaka di kontraka
SPCS/data/audio/016/016_Female_21_358.wav,di exhibition tše tša lena
SPCS/data/audio/018/018_Male_21_458.wav,swanetše go tsošološa di grants
SPCS/data/audio/017/017_Male_22_102.wav,ke bona project ya lena
SPCS/data/audio/006/006_Male_23_20.wav,ba ile festivaleng
SPCS/data/audio/017/017_Male_22_387.wav,ke blockile celebrities
SPCS/data/audio/008/008_Male_23_48.wav,o ileng wa mo blocka
SPCS/data/audio/002/002_Male_24_528.wav,recharga ka MTN easy
SPCS/data/audio/006/006_Male_23_686.wav,bobedi ke wola wa semi-automatic
SPCS/data/audio/008/008_Male_23_122.wav,university of johannesburg
SPCS/data/audio/007/007_Male_23_207.wav,le a re tracer naa
SPCS/data/audio/002/002_Male_24_45.wav,peresente tše masome seswai hlano
SPCS/data/audio/001/001_Female_23_53.wav,e nale plan ya gore
SPCS/data/audio/005/005_Male_26_384.wav,brithani
SPCS/data/audio/011/011_Female_21_430.wav,date yela ke di nineteen
SPCS/data/audio/009/009_Female_26_438.wav,re leba ka studio six
SPCS/data/audio/010/010_Male_22_320.wav,o nale disability
SPCS/data/audio/004/004_Female_17_459.wav,o sa le a stuckile
SPCS/data/audio/019/019_Male_23_220.wav,the head of department
SPCS/data/audio/002/002_Male_24_441.wav,after school
SPCS/data/audio/013/013_Male_27_431.wav,ka landline
SPCS/data/audio/010/010_Male_22_593.wav,le child support grant
SPCS/data/audio/009/009_Female_26_254.wav,nako ya bumper to bumper
SPCS/data/audio/001/001_Female_23_340.wav,gore di form tše re
SPCS/data/audio/011/011_Female_21_513.wav,go papadi ya netball
SPCS/data/audio/006/006_Male_23_407.wav,ke goletše mo lekeišeneng
SPCS/data/audio/007/007_Male_23_758.wav,o nthomela please call me
SPCS/data/audio/010/010_Male_22_147.wav,di ofisi tša rena magaeng
SPCS/data/audio/015/015_Female_91_630.wav,raloka televišeneng
SPCS/data/audio/020/020_Male_20_148.wav,exhibition yela ra go bolela
SPCS/data/audio/012/012_Female_20_302.wav,di wheelchair di tletše gohle
SPCS/data/audio/006/006_Male_23_272.wav,le di track suit
SPCS/data/audio/007/007_Male_23_685.wav,ke nale shopo ya ka
SPCS/data/audio/006/006_Male_23_734.wav,go feta eight million rand
SPCS/data/audio/001/001_Female_23_310.wav,go buša order
SPCS/data/audio/008/008_Male_23_415.wav,yellow pepper e tee
SPCS/data/audio/002/002_Male_24_896.wav,mmušo wa rena wa democracy
SPCS/data/audio/007/007_Male_23_419.wav,swere di kontraka tša mengwaga
SPCS/data/audio/002/002_Male_24_159.wav,go tla interview
SPCS/data/audio/017/017_Male_22_217.wav,gore a ka se afforde
SPCS/data/audio/015/015_Female_91_102.wav,pele o ka tlotša polish
SPCS/data/audio/009/009_Female_26_232.wav,verse seventeen
SPCS/data/audio/011/011_Female_21_139.wav,doctor re a le amogela
SPCS/data/audio/003/003_Female_27_92.wav,tona ya kgwebo le indasteri
SPCS/data/audio/006/006_Male_23_159.wav,ticket ke gona e sepela
SPCS/data/audio/009/009_Female_26_441.wav,ge e le second half
SPCS/data/audio/014/014_Male_25_24.wav,dira diimport and export
SPCS/data/audio/019/019_Male_23_470.wav,phone ya ka e be
SPCS/data/audio/017/017_Male_22_26.wav,šomiša di million tse lekgolo
SPCS/data/audio/016/016_Female_21_549.wav,wa two thousand and nine
SPCS/data/audio/012/012_Female_20_599.wav,wa two thousand and nine
SPCS/data/audio/002/002_Male_24_376.wav,motšhene wa go hlahlela ka
SPCS/data/audio/002/002_Male_24_183.wav,ounce e tee ke
SPCS/data/audio/005/005_Male_26_220.wav,gopola gore facebook ya rena
SPCS/data/audio/020/020_Male_20_504.wav,di wheelchair di tletše gohle
SPCS/data/audio/010/010_Male_22_249.wav,fifteen thousand runs
SPCS/data/audio/006/006_Male_23_203.wav,ka dilo tša material
SPCS/data/audio/006/006_Male_23_430.wav,bitšwa University of the North
SPCS/data/audio/009/009_Female_26_177.wav,ge motho a dira abortion
SPCS/data/audio/017/017_Male_22_499.wav,nna ke blockile motho ka
SPCS/data/audio/008/008_Male_23_429.wav,tsamaya ka di public transport
SPCS/data/audio/012/012_Female_20_575.wav,peresente tše masome seswai hlano
SPCS/data/audio/003/003_Female_27_186.wav,tšwa go album ya majakathata
SPCS/data/audio/018/018_Male_21_245.wav,mošomo wa psychometric
SPCS/data/audio/017/017_Male_22_475.wav,šomiša di million tse lekgolo
SPCS/data/audio/002/002_Male_24_776.wav,go papadi ya netball
SPCS/data/audio/017/017_Male_22_292.wav,wo ka di nine
SPCS/data/audio/010/010_Male_22_36.wav,di company tša afrika borwa
SPCS/data/audio/011/011_Female_21_300.wav,mošomo wa bankeng
SPCS/data/audio/004/004_Female_17_323.wav,di ranta tša go feta
SPCS/data/audio/016/016_Female_21_169.wav,dinatla tša mmino wa gospel
SPCS/data/audio/015/015_Female_91_424.wav,account ya kua bankeng
SPCS/data/audio/018/018_Male_21_482.wav,ke sepela ka sekuta
SPCS/data/audio/020/020_Male_20_6.wav,le le recodilwego
SPCS/data/audio/001/001_Female_23_430.wav,gona ka mo stadium sa
SPCS/data/audio/005/005_Male_26_247.wav,graduation ya ngwana wa gagwe
SPCS/data/audio/009/009_Female_26_333.wav,nako e ngwe o ntheka
SPCS/data/audio/010/010_Male_22_380.wav,a mbora ka nako yeo
SPCS/data/audio/008/008_Male_23_250.wav,phone ya ka e be
SPCS/data/audio/011/011_Female_21_101.wav,e tsebagaditše di projeke
SPCS/data/audio/007/007_Male_23_21.wav,ikaparetše dilo tše di simple
SPCS/data/audio/019/019_Male_23_351.wav,gammogo le quantum ye one
SPCS/data/audio/006/006_Male_23_23.wav,ya gore daddy wa lwala
SPCS/data/audio/014/014_Male_25_117.wav,projeke ya setšhaba
SPCS/data/audio/012/012_Female_20_182.wav,eighteen years
SPCS/data/audio/008/008_Male_23_258.wav,tšona di skills
SPCS/data/audio/016/016_Female_21_105.wav,ba ba golang kua bankeng
SPCS/data/audio/010/010_Male_22_18.wav,ebile ga se wena coach
SPCS/data/audio/004/004_Female_17_66.wav,ga ba ba lucky
SPCS/data/audio/015/015_Female_91_556.wav,traffic lights ga di šome
SPCS/data/audio/007/007_Male_23_561.wav,ba swere economy ya lefase
SPCS/data/audio/006/006_Male_23_553.wav,attendance e thomile e le
SPCS/data/audio/007/007_Male_23_610.wav,bao ba etetšego flat
SPCS/data/audio/007/007_Male_23_759.wav,mehla ge o tlaleletša airtime
SPCS/data/audio/006/006_Male_23_951.wav,bitšwa University of the North
SPCS/data/audio/016/016_Female_21_3.wav,mafelo a go socialisa
SPCS/data/audio/010/010_Male_22_533.wav,ka january a ka emiša
SPCS/data/audio/016/016_Female_21_36.wav,go feta maatla a ranta
SPCS/data/audio/011/011_Female_21_318.wav,retshwenya ke di drugs
SPCS/data/audio/004/004_Female_17_437.wav,ikaparetše dilo tše di simple
SPCS/data/audio/008/008_Male_23_52.wav,nna ke blockile morago ga
SPCS/data/audio/007/007_Male_23_382.wav,e nyenyefatše gore jewellery
SPCS/data/audio/019/019_Male_23_66.wav,ba swere economy ya lefase
SPCS/data/audio/003/003_Female_27_543.wav,brithani
SPCS/data/audio/018/018_Male_21_485.wav,ke le busy ka ofising
SPCS/data/audio/012/012_Female_20_393.wav,exhibition yela ra go bolela
SPCS/data/audio/002/002_Male_24_113.wav,a ba fa citizen report
SPCS/data/audio/018/018_Male_21_198.wav,ba hlwela television
SPCS/data/audio/001/001_Female_23_611.wav,ikaparetše dilo tše di simple
SPCS/data/audio/017/017_Male_22_11.wav,home affairs ba tla be
SPCS/data/audio/006/006_Male_23_716.wav,ba grade four to seven
SPCS/data/audio/001/001_Female_23_494.wav,be interested go construction fela
SPCS/data/audio/006/006_Male_23_936.wav,pressure ke e ntšhi ye
SPCS/data/audio/014/014_Male_25_441.wav,dithuto tša gagwe tša optometry
SPCS/data/audio/002/002_Male_24_816.wav,go bopa furnitura
SPCS/data/audio/002/002_Male_24_452.wav,ba phasa
SPCS/data/audio/005/005_Male_26_15.wav,ba le fa di pamphlets
SPCS/data/audio/017/017_Male_22_28.wav,ge a ka dira appeal
SPCS/data/audio/011/011_Female_21_347.wav,ga ba fetole my comments
SPCS/data/audio/010/010_Male_22_596.wav,di ofisi tša rena magaeng
SPCS/data/audio/002/002_Male_24_753.wav,ke go ya khaunthareng
SPCS/data/audio/019/019_Male_23_231.wav,rapelelwa peace love and harmony
SPCS/data/audio/005/005_Male_26_171.wav,go tšwa police station
SPCS/data/audio/019/019_Male_23_190.wav,go fihla mafelelong a January
SPCS/data/audio/018/018_Male_21_409.wav,excellence awards
SPCS/data/audio/003/003_Female_27_152.wav,for go transporta baswa ba
SPCS/data/audio/002/002_Male_24_759.wav,goba di parkeng
SPCS/data/audio/006/006_Male_23_1018.wav,e segella ka di cubes
SPCS/data/audio/002/002_Male_24_192.wav,go lokišwa tsela ko Nigel
SPCS/data/audio/017/017_Male_22_402.wav,di results le se meetseng
SPCS/data/audio/012/012_Female_20_510.wav,ka january a ka emiša
SPCS/data/audio/018/018_Male_21_429.wav,go bopa furnitura
SPCS/data/audio/008/008_Male_23_272.wav,e be di official residents
SPCS/data/audio/010/010_Male_22_452.wav,tšeo di transportilego batho
SPCS/data/audio/009/009_Female_26_106.wav,ba re romele di form
SPCS/data/audio/013/013_Male_27_72.wav,ba hlwela television
SPCS/data/audio/002/002_Male_24_517.wav,province yengwe le yengwe
SPCS/data/audio/005/005_Male_26_128.wav,go accessa di services tša
SPCS/data/audio/016/016_Female_21_413.wav,a mo hlasela ka panga
SPCS/data/audio/002/002_Male_24_245.wav,ka se tlo confront motho
SPCS/data/audio/017/017_Male_22_427.wav,pele o ka tlotša polish
SPCS/data/audio/002/002_Male_24_250.wav,šomiša di million tse lekgolo
SPCS/data/audio/002/002_Male_24_884.wav,e be agency fela
SPCS/data/audio/004/004_Female_17_611.wav,mabapi le di exhibition
SPCS/data/audio/002/002_Male_24_793.wav,magistrata wa tikologo gosasa
SPCS/data/audio/002/002_Male_24_924.wav,dinatla tša mmino wa gospel
SPCS/data/audio/002/002_Male_24_450.wav,a ba fa citizen report
SPCS/data/audio/013/013_Male_27_474.wav,wa boraro ga se semi-automatic
SPCS/data/audio/010/010_Male_22_97.wav,companying a tee
SPCS/data/audio/006/006_Male_23_175.wav,o romele tšhelete ya administration
SPCS/data/audio/015/015_Female_91_662.wav,red pepper e tee
SPCS/data/audio/003/003_Female_27_501.wav,presidente ya league ya baswa
SPCS/data/audio/006/006_Male_23_1006.wav,ba hlwela television
SPCS/data/audio/015/015_Female_91_166.wav,o tlo ntšha plastic bag
SPCS/data/audio/006/006_Male_23_799.wav,motho wo a di applyelang
SPCS/data/audio/019/019_Male_23_348.wav,re e bone talente
SPCS/data/audio/005/005_Male_26_77.wav,bowa gae ka di medal
SPCS/data/audio/011/011_Female_21_28.wav,basadi ba lokela pressure banneng
SPCS/data/audio/018/018_Male_21_264.wav,exhibition e ebile ka mokgo
SPCS/data/audio/013/013_Male_27_319.wav,morutiši ka panga
SPCS/data/audio/019/019_Male_23_152.wav,goba soapie goba sitcom
SPCS/data/audio/002/002_Male_24_699.wav,ebile ga se wena coach
SPCS/data/audio/003/003_Female_27_171.wav,of real gospel music
SPCS/data/audio/018/018_Male_21_217.wav,o ileng wa mo blocka
SPCS/data/audio/001/001_Female_23_34.wav,di ranta tša go feta
SPCS/data/audio/015/015_Female_91_389.wav,le child support grant
SPCS/data/audio/012/012_Female_20_312.wav,kgopelo ya bail
SPCS/data/audio/007/007_Male_23_278.wav,kgopelo ya bail
SPCS/data/audio/010/010_Male_22_623.wav,hundred and seven for two
SPCS/data/audio/006/006_Male_23_700.wav,nyakago di tickets tša festival
SPCS/data/audio/006/006_Male_23_791.wav,lenaneo la outreach
SPCS/data/audio/004/004_Female_17_159.wav,fifteen thousand runs
SPCS/data/audio/010/010_Male_22_245.wav,team ya gagwe ya go
SPCS/data/audio/016/016_Female_21_506.wav,e tsebagaditše di projeke
SPCS/data/audio/004/004_Female_17_120.wav,industeri ya di filimi ka
SPCS/data/audio/009/009_Female_26_132.wav,ke le busy ka ofising
SPCS/data/audio/018/018_Male_21_146.wav,University ya limpopo ya baithuti
SPCS/data/audio/019/019_Male_23_96.wav,labohlano la di eighteen november
SPCS/data/audio/013/013_Male_27_257.wav,hundred and fifty rand fela
SPCS/data/audio/004/004_Female_17_483.wav,phone ya ka e be
SPCS/data/audio/015/015_Female_91_236.wav,e nyenyefatše gore di portrait
SPCS/data/audio/008/008_Male_23_35.wav,o hlokagetše fleteng ya gage
SPCS/data/audio/014/014_Male_25_44.wav,mec wa sports and culture
SPCS/data/audio/006/006_Male_23_157.wav,go amana le di athletiki
SPCS/data/audio/012/012_Female_20_386.wav,account ya yona e ka
SPCS/data/audio/013/013_Male_27_129.wav,account ya yona e ka
SPCS/data/audio/020/020_Male_20_263.wav,ka lefela loan ya gagwe
SPCS/data/audio/016/016_Female_21_37.wav,pele ga komiti ya palamente
SPCS/data/audio/008/008_Male_23_307.wav,di awareness campaign
SPCS/data/audio/015/015_Female_91_128.wav,ya gore daddy wa lwala
SPCS/data/audio/019/019_Male_23_111.wav,mmušo wa rena wa democracy
SPCS/data/audio/015/015_Female_91_386.wav,go accessa di services tša
SPCS/data/audio/018/018_Male_21_102.wav,raloka televišeneng
SPCS/data/audio/016/016_Female_21_280.wav,o drainwa mo sepetlele
SPCS/data/audio/003/003_Female_27_486.wav,baswa ba tšwile pateng
SPCS/data/audio/012/012_Female_20_12.wav,o tlo tlotša polish
SPCS/data/audio/002/002_Male_24_562.wav,ba ile festivaleng
SPCS/data/audio/017/017_Male_22_311.wav,ke le busy ka ofising
SPCS/data/audio/003/003_Female_27_597.wav,re e bone talente
SPCS/data/audio/004/004_Female_17_329.wav,ga yona ebile slow nyana
SPCS/data/audio/011/011_Female_21_169.wav,labohlano la di eighteen november
SPCS/data/audio/001/001_Female_23_396.wav,nna ke a porega
SPCS/data/audio/012/012_Female_20_444.wav,go amana le di athletiki
SPCS/data/audio/001/001_Female_23_357.wav,ounce e tee ke
SPCS/data/audio/006/006_Male_23_238.wav,ge re ema traffic circleng
SPCS/data/audio/012/012_Female_20_492.wav,botša eng girlfriend ya ka
SPCS/data/audio/003/003_Female_27_391.wav,team ya gagwe ya go
SPCS/data/audio/013/013_Male_27_35.wav,di jersey le di tracksuit
SPCS/data/audio/003/003_Female_27_588.wav,ba di bitšang di learnership
SPCS/data/audio/002/002_Male_24_99.wav,province e tsamaiše
SPCS/data/audio/003/003_Female_27_377.wav,ke bona on daily basis
SPCS/data/audio/016/016_Female_21_597.wav,go nale diagnostic indicators
SPCS/data/audio/005/005_Male_26_9.wav,konsarata tša mmino
SPCS/data/audio/012/012_Female_20_330.wav,o drainwa mo sepetlele
SPCS/data/audio/013/013_Male_27_307.wav,mathata a di grant
SPCS/data/audio/009/009_Female_26_443.wav,ke reality show ya television
SPCS/data/audio/010/010_Male_22_80.wav,go feta eight million rand
SPCS/data/audio/002/002_Male_24_62.wav,go šomišana le di stakeholders
SPCS/data/audio/011/011_Female_21_147.wav,tšeo di nalego information
SPCS/data/audio/010/010_Male_22_288.wav,red pepper e tee
SPCS/data/audio/014/014_Male_25_109.wav,basadi ba nale yona pressure
SPCS/data/audio/008/008_Male_23_310.wav,go tšwa police station
SPCS/data/audio/009/009_Female_26_162.wav,la national planning commission
SPCS/data/audio/014/014_Male_25_356.wav,o nale disability
SPCS/data/audio/010/010_Male_22_651.wav,o mo top hundred
SPCS/data/audio/020/020_Male_20_352.wav,wo ka di nine
SPCS/data/audio/010/010_Male_22_292.wav,I am so scared
SPCS/data/audio/012/012_Female_20_485.wav,mehla ge o tlaleletša airtime
SPCS/data/audio/009/009_Female_26_276.wav,rapelelwa peace love and harmony
SPCS/data/audio/004/004_Female_17_116.wav,motho a applyele mphiwafela
SPCS/data/audio/017/017_Male_22_106.wav,ke nale shopo ya ka
SPCS/data/audio/014/014_Male_25_233.wav,holong ya masepala
SPCS/data/audio/017/017_Male_22_435.wav,go roaster nama ya nku
SPCS/data/audio/011/011_Female_21_270.wav,University ya limpopo ya baithuti
SPCS/data/audio/007/007_Male_23_750.wav,ge e le second half
SPCS/data/audio/015/015_Female_91_506.wav,batho ba di cellphone
SPCS/data/audio/014/014_Male_25_312.wav,o mo top hundred
SPCS/data/audio/018/018_Male_21_42.wav,taba tše tša histori
SPCS/data/audio/007/007_Male_23_375.wav,e nale plan ya gore
SPCS/data/audio/012/012_Female_20_184.wav,kgona go isupporta
SPCS/data/audio/012/012_Female_20_97.wav,go rakwa partying
SPCS/data/audio/013/013_Male_27_327.wav,go kreya di opportunities
SPCS/data/audio/003/003_Female_27_418.wav,komišene yeo e hlomilwego
SPCS/data/audio/006/006_Male_23_149.wav,le confusion ya di date
SPCS/data/audio/007/007_Male_23_179.wav,a sa tsebe di outcome
SPCS/data/audio/009/009_Female_26_247.wav,wa boraro ga se semi-automatic
SPCS/data/audio/018/018_Male_21_265.wav,ga yona ebile slow nyana
SPCS/data/audio/017/017_Male_22_59.wav,le di posts tša ka
SPCS/data/audio/013/013_Male_27_176.wav,ka di six tša december
SPCS/data/audio/010/010_Male_22_509.wav,kare ke fashion ye nngwe
SPCS/data/audio/017/017_Male_22_330.wav,filimi tša metsotso ye masomepedi
SPCS/data/audio/007/007_Male_23_787.wav,go lokišwa tsela ko Nigel
SPCS/data/audio/017/017_Male_22_403.wav,pressure ke e ntšhi ye
SPCS/data/audio/006/006_Male_23_780.wav,o re hello le kae
SPCS/data/audio/011/011_Female_21_15.wav,la tharo december twenty eleven
SPCS/data/audio/017/017_Male_22_434.wav,re palelwa ke go copa
SPCS/data/audio/020/020_Male_20_500.wav,re kwešiša condition ya bona
SPCS/data/audio/001/001_Female_23_361.wav,festival ya kgoparara ya thobelaFM
SPCS/data/audio/017/017_Male_22_30.wav,o hlokagetše fleteng ya gage
SPCS/data/audio/010/010_Male_22_67.wav,ka dilo tša material
SPCS/data/audio/010/010_Male_22_63.wav,wa mohuta wa tic
SPCS/data/audio/009/009_Female_26_193.wav,a beilego record e ntshwa
SPCS/data/audio/002/002_Male_24_102.wav,motho a applyele mphiwafela
SPCS/data/audio/016/016_Female_21_541.wav,ba changile di address
SPCS/data/audio/002/002_Male_24_110.wav,mmušo wa rena wa democracy
SPCS/data/audio/014/014_Male_25_76.wav,tšwa go album ya majakathata
SPCS/data/audio/013/013_Male_27_178.wav,di results la mathomo ba
SPCS/data/audio/005/005_Male_26_291.wav,bathopa difoka tša di bursary
SPCS/data/audio/006/006_Male_23_728.wav,go leka go impressa basadi
SPCS/data/audio/012/012_Female_20_508.wav,ka lefela loan ya gagwe
SPCS/data/audio/015/015_Female_91_245.wav,business ya ka e kgone
SPCS/data/audio/014/014_Male_25_466.wav,ke bona project ya lena
SPCS/data/audio/016/016_Female_21_35.wav,ka hwetša twenty percent discount
SPCS/data/audio/006/006_Male_23_6.wav,di jersey le di tracksuit
SPCS/data/audio/005/005_Male_26_513.wav,goba di parkeng
SPCS/data/audio/004/004_Female_17_255.wav,le ngwana wa eleven years
SPCS/data/audio/006/006_Male_23_531.wav,ranta kgahlanong le euro
SPCS/data/audio/019/019_Male_23_79.wav,le di community radio stations
SPCS/data/audio/006/006_Male_23_132.wav,training academy ya di art
SPCS/data/audio/007/007_Male_23_229.wav,ke thomile ministry ke
SPCS/data/audio/002/002_Male_24_232.wav,bomenetša bja di tendera
SPCS/data/audio/008/008_Male_23_299.wav,wa two thousand and nine
SPCS/data/audio/006/006_Male_23_717.wav,wa mohuta wa tic
SPCS/data/audio/006/006_Male_23_234.wav,level e tee ya salary
SPCS/data/audio/008/008_Male_23_304.wav,ba ba golang kua bankeng
SPCS/data/audio/018/018_Male_21_399.wav,se dira ke go taela
SPCS/data/audio/002/002_Male_24_417.wav,basadi ba nale yona pressure
SPCS/data/audio/006/006_Male_23_193.wav,basadi ba lokela pressure banneng
SPCS/data/audio/008/008_Male_23_347.wav,go nale diagnostic indicators
SPCS/data/audio/011/011_Female_21_305.wav,kgopelo ya bail
SPCS/data/audio/011/011_Female_21_258.wav,red pepper e tee
SPCS/data/audio/013/013_Male_27_509.wav,baswa ba tšwile pateng
SPCS/data/audio/003/003_Female_27_526.wav,a mbora ka nako yeo
SPCS/data/audio/011/011_Female_21_209.wav,suggestion ya ka
SPCS/data/audio/010/010_Male_22_20.wav,go feta two hundred thousand
SPCS/data/audio/018/018_Male_21_7.wav,wa porega bjang
SPCS/data/audio/016/016_Female_21_466.wav,bowa gae ka di medal
SPCS/data/audio/016/016_Female_21_495.wav,komišene ya bosetšhaba
SPCS/data/audio/001/001_Female_23_90.wav,ticket ke gona e sepela
SPCS/data/audio/006/006_Male_23_40.wav,ka se tlo confront motho
SPCS/data/audio/006/006_Male_23_298.wav,lokiša hundred and twenty rand
SPCS/data/audio/010/010_Male_22_128.wav,o ithopela two thousand rand
SPCS/data/audio/014/014_Male_25_254.wav,ba grade twelve learners
SPCS/data/audio/012/012_Female_20_21.wav,la tharo december twenty eleven
SPCS/data/audio/001/001_Female_23_525.wav,for go transporta baswa ba
SPCS/data/audio/007/007_Male_23_308.wav,wa nyaka di mushrooms
SPCS/data/audio/002/002_Male_24_915.wav,gopola gore facebook ya rena
SPCS/data/audio/001/001_Female_23_175.wav,kgona go go rekela airtime
SPCS/data/audio/014/014_Male_25_478.wav,ba di bitšang di learnership
SPCS/data/audio/006/006_Male_23_102.wav,lekala la banka
SPCS/data/audio/005/005_Male_26_191.wav,ke yona disability
SPCS/data/audio/017/017_Male_22_533.wav,ba di lori le bahlwekiši
SPCS/data/audio/006/006_Male_23_1041.wav,le di posts tša ka
SPCS/data/audio/003/003_Female_27_212.wav,botša eng girlfriend ya ka
SPCS/data/audio/004/004_Female_17_314.wav,ke mang fiance ya gago
SPCS/data/audio/007/007_Male_23_520.wav,o ithopela two thousand rand
SPCS/data/audio/012/012_Female_20_362.wav,bangwe ga ba na timing
SPCS/data/audio/005/005_Male_26_240.wav,hundred kilometer ka awara
SPCS/data/audio/010/010_Male_22_462.wav,o auditione mo districting engwe
SPCS/data/audio/015/015_Female_91_311.wav,botša eng girlfriend ya ka
SPCS/data/audio/005/005_Male_26_369.wav,feleletše a invita ga ntši
SPCS/data/audio/010/010_Male_22_351.wav,o ka se confront lapa
SPCS/data/audio/017/017_Male_22_507.wav,ke a blocka ge motho
SPCS/data/audio/009/009_Female_26_89.wav,di ofisi tša rena magaeng
SPCS/data/audio/002/002_Male_24_794.wav,mokonstable wa maphodisa
SPCS/data/audio/010/010_Male_22_230.wav,who are leading the right
SPCS/data/audio/002/002_Male_24_532.wav,ditaba ka Standford Matlou
SPCS/data/audio/008/008_Male_23_182.wav,facer bjang girlfriend ya gagwe
SPCS/data/audio/012/012_Female_20_264.wav,ounce e tee ke
SPCS/data/audio/007/007_Male_23_407.wav,molao tšeo di tsenetšego conference
SPCS/data/audio/007/007_Male_23_117.wav,mošireletši wa setšhaba advocate
SPCS/data/audio/008/008_Male_23_240.wav,excellence awards
SPCS/data/audio/001/001_Female_23_342.wav,komišene yeo e hlomilwego
SPCS/data/audio/012/012_Female_20_290.wav,re palelwa ke go copa
SPCS/data/audio/008/008_Male_23_293.wav,hwetša di address tša batho
SPCS/data/audio/018/018_Male_21_492.wav,holong ya masepala
SPCS/data/audio/008/008_Male_23_301.wav,ke a ratang a bibele
SPCS/data/audio/001/001_Female_23_615.wav,ka lefela loan ya gagwe
SPCS/data/audio/006/006_Male_23_425.wav,I am so scared
SPCS/data/audio/012/012_Female_20_521.wav,gona fa tournamenteng ye
SPCS/data/audio/013/013_Male_27_333.wav,ba re romele di form
SPCS/data/audio/008/008_Male_23_353.wav,of those days
SPCS/data/audio/020/020_Male_20_13.wav,di results le se meetseng
SPCS/data/audio/012/012_Female_20_466.wav,tšwa go album ya majakathata
SPCS/data/audio/006/006_Male_23_442.wav,traffic lights ga di bereke
SPCS/data/audio/019/019_Male_23_381.wav,o tlo tlotša polish
SPCS/data/audio/004/004_Female_17_357.wav,nna ka nkreya mo address
SPCS/data/audio/010/010_Male_22_581.wav,tšona di skills
SPCS/data/audio/017/017_Male_22_401.wav,ntšhitše di sprinter tše two
SPCS/data/audio/004/004_Female_17_53.wav,fapana a di social grants
SPCS/data/audio/017/017_Male_22_407.wav,ke thomile ministry ke
SPCS/data/audio/001/001_Female_23_398.wav,wa go ba seterateng
SPCS/data/audio/011/011_Female_21_368.wav,ranta kgahlanong le euro
SPCS/data/audio/017/017_Male_22_41.wav,lokela ka gare ga plastiki
SPCS/data/audio/007/007_Male_23_155.wav,go phatlalala le province
SPCS/data/audio/006/006_Male_23_904.wav,tša melao ya di traffic
SPCS/data/audio/015/015_Female_91_570.wav,di wheelchair di tletše gohle
SPCS/data/audio/005/005_Male_26_138.wav,le go head of department
SPCS/data/audio/016/016_Female_21_401.wav,of real gospel music
SPCS/data/audio/014/014_Male_25_483.wav,nna ka nkreya mo address
SPCS/data/audio/018/018_Male_21_149.wav,tsamaya ka di public transport
SPCS/data/audio/013/013_Male_27_82.wav,o tlo nyaka green pepper
SPCS/data/audio/002/002_Male_24_501.wav,di exhibitors di tlile
SPCS/data/audio/016/016_Female_21_582.wav,motho a applyele mphiwafela
SPCS/data/audio/016/016_Female_21_599.wav,ka raloka polo
SPCS/data/audio/006/006_Male_23_528.wav,tona ya kgwebo le indasteri
SPCS/data/audio/002/002_Male_24_448.wav,di principles tša batho pele
SPCS/data/audio/014/014_Male_25_392.wav,ge a ka dira appeal
SPCS/data/audio/016/016_Female_21_600.wav,go leka go impressa basadi
SPCS/data/audio/016/016_Female_21_338.wav,lekala la banka
SPCS/data/audio/016/016_Female_21_204.wav,hweditse di report tse botse
SPCS/data/audio/006/006_Male_23_313.wav,ba ba golang kua bankeng
SPCS/data/audio/016/016_Female_21_357.wav,ke bona project ya lena
SPCS/data/audio/020/020_Male_20_219.wav,o romele tšhelete ya administration
SPCS/data/audio/007/007_Male_23_568.wav,wa leloko la board
SPCS/data/audio/004/004_Female_17_104.wav,e lego planete
SPCS/data/audio/005/005_Male_26_386.wav,mošomo wa psychometric
SPCS/data/audio/006/006_Male_23_30.wav,home affairs ba tla be
SPCS/data/audio/012/012_Female_20_385.wav,banka ya gona
SPCS/data/audio/020/020_Male_20_171.wav,e nyenyefatše gore jewellery
SPCS/data/audio/002/002_Male_24_854.wav,ka twenty fifteen
SPCS/data/audio/001/001_Female_23_82.wav,wa kgona go auditiona mo
SPCS/data/audio/019/019_Male_23_337.wav,e nyenyefatše gore di portrait
SPCS/data/audio/016/016_Female_21_593.wav,a ba fa citizen report
SPCS/data/audio/002/002_Male_24_48.wav,ba na le di disability
SPCS/data/audio/010/010_Male_22_599.wav,some how ka mogau
SPCS/data/audio/007/007_Male_23_658.wav,sona ka accounteng ya banka
SPCS/data/audio/016/016_Female_21_268.wav,especially young people
SPCS/data/audio/001/001_Female_23_101.wav,motšhene wa go hlahlela ka
SPCS/data/audio/004/004_Female_17_52.wav,gore motho a qualifaele
SPCS/data/audio/017/017_Male_22_276.wav,ba sepela ka di crutches
SPCS/data/audio/006/006_Male_23_16.wav,di wheelchair di tletše gohle
SPCS/data/audio/018/018_Male_21_357.wav,ba grade four to seven
SPCS/data/audio/009/009_Female_26_112.wav,ka june ya ngwaga wona
SPCS/data/audio/012/012_Female_20_417.wav,e nyenyefatše gore di portrait
SPCS/data/audio/002/002_Male_24_117.wav,go nale diagnostic indicators
SPCS/data/audio/005/005_Male_26_58.wav,ke go ya khaunthareng
SPCS/data/audio/014/014_Male_25_11.wav,be interested go construction fela
SPCS/data/audio/015/015_Female_91_121.wav,di wheelchair di tletše gohle
SPCS/data/audio/015/015_Female_91_75.wav,university of technology
SPCS/data/audio/004/004_Female_17_589.wav,who are leading the right
SPCS/data/audio/008/008_Male_23_332.wav,motho a applyele mphiwafela
SPCS/data/audio/013/013_Male_27_252.wav,ka dikgwedi tše twelve
SPCS/data/audio/012/012_Female_20_257.wav,ntšhitše di sprinter tše two
SPCS/data/audio/015/015_Female_91_149.wav,o drainwa mo sepetlele
SPCS/data/audio/010/010_Male_22_566.wav,nkgahlilego kudu ke ya corruption
SPCS/data/audio/002/002_Male_24_846.wav,ba re romele di form
SPCS/data/audio/014/014_Male_25_456.wav,attendance e thomile e le
SPCS/data/audio/009/009_Female_26_368.wav,mabapi le di exhibition
SPCS/data/audio/011/011_Female_21_266.wav,go lokišwa tsela ko Nigel
SPCS/data/audio/002/002_Male_24_868.wav,ka thulwa ke taxi
SPCS/data/audio/006/006_Male_23_1061.wav,bowa gae ka di medal
SPCS/data/audio/006/006_Male_23_296.wav,ke sa judge motho
SPCS/data/audio/004/004_Female_17_518.wav,go swerwe festival ya kakapa
SPCS/data/audio/010/010_Male_22_178.wav,ba ba golang kua bankeng
SPCS/data/audio/010/010_Male_22_200.wav,le ge democracy e kokota
SPCS/data/audio/014/014_Male_25_387.wav,o ka se confront lapa
SPCS/data/audio/003/003_Female_27_238.wav,go dipapadi tša crickete
SPCS/data/audio/003/003_Female_27_369.wav,ka raloka polo
SPCS/data/audio/006/006_Male_23_651.wav,o nyaka thušo ya business
SPCS/data/audio/006/006_Male_23_318.wav,shopping center tše di kgolwane
SPCS/data/audio/015/015_Female_91_406.wav,wa porega bjang
SPCS/data/audio/001/001_Female_23_476.wav,ba go hwetša degree ye
SPCS/data/audio/019/019_Male_23_97.wav,le ge democracy e kokota
SPCS/data/audio/005/005_Male_26_26.wav,ge o dira follow up
SPCS/data/audio/016/016_Female_21_589.wav,go ya united kingdom
SPCS/data/audio/019/019_Male_23_506.wav,ke sa judge motho
SPCS/data/audio/015/015_Female_91_17.wav,go nale diagnostic indicators
SPCS/data/audio/002/002_Male_24_809.wav,karabo ke roast lamb
SPCS/data/audio/009/009_Female_26_33.wav,e le tša gauta
SPCS/data/audio/004/004_Female_17_235.wav,di wheelchair di tletše gohle
SPCS/data/audio/004/004_Female_17_304.wav,go tsena tsena ga dipolotiki
SPCS/data/audio/017/017_Male_22_528.wav,sona ka accounteng ya banka
SPCS/data/audio/019/019_Male_23_245.wav,retshwenya ke di drugs
SPCS/data/audio/012/012_Female_20_87.wav,pele ga komiti ya palamente
SPCS/data/audio/010/010_Male_22_30.wav,ke di bursary tše kae
SPCS/data/audio/012/012_Female_20_546.wav,go rakwa partying
SPCS/data/audio/020/020_Male_20_494.wav,di jersey le di tracksuit
SPCS/data/audio/015/015_Female_91_381.wav,le di track suit
SPCS/data/audio/007/007_Male_23_796.wav,wa boraro ga se semi-automatic
SPCS/data/audio/002/002_Male_24_430.wav,holong ya masepala
SPCS/data/audio/012/012_Female_20_614.wav,account ya kua bankeng
SPCS/data/audio/004/004_Female_17_564.wav,eighteen years
SPCS/data/audio/017/017_Male_22_246.wav,e tšhaba tšhaba mo networkeng
SPCS/data/audio/010/010_Male_22_619.wav,di ballroom
SPCS/data/audio/010/010_Male_22_442.wav,ba di bitšang di learnership
SPCS/data/audio/007/007_Male_23_640.wav,e le go mo blocka
SPCS/data/audio/008/008_Male_23_257.wav,yona rehabilitation
SPCS/data/audio/017/017_Male_22_169.wav,ranta e wele
SPCS/data/audio/015/015_Female_91_10.wav,mmušo wa rena wa democracy
SPCS/data/audio/004/004_Female_17_488.wav,hundred and seventy thousand
SPCS/data/audio/016/016_Female_21_101.wav,mošireletši wa setšhaba advocate
SPCS/data/audio/006/006_Male_23_406.wav,komišene yeo e hlomilwego
SPCS/data/audio/004/004_Female_17_252.wav,colleges le di universities tša
SPCS/data/audio/017/017_Male_22_244.wav,lamb or nku
SPCS/data/audio/006/006_Male_23_659.wav,gammogo le quantum ye one
SPCS/data/audio/008/008_Male_23_246.wav,go rakwa partying
SPCS/data/audio/003/003_Female_27_523.wav,ga ba fetole my comments
SPCS/data/audio/008/008_Male_23_98.wav,di tlileng go tlo exhibita
SPCS/data/audio/003/003_Female_27_532.wav,ke a blocka ge motho
SPCS/data/audio/004/004_Female_17_443.wav,ka january a ka emiša
SPCS/data/audio/010/010_Male_22_530.wav,projeke ya setšhaba
SPCS/data/audio/014/014_Male_25_211.wav,ke a ratang a bibele
SPCS/data/audio/017/017_Male_22_154.wav,wa non-automatic
SPCS/data/audio/019/019_Male_23_395.wav,di pamphlets tša festival ye
SPCS/data/audio/006/006_Male_23_467.wav,rapelelwa peace love and harmony
SPCS/data/audio/014/014_Male_25_306.wav,gore di form tše re
SPCS/data/audio/017/017_Male_22_116.wav,learnership ye tsamaya tsamaya bjang
SPCS/data/audio/009/009_Female_26_448.wav,basadi ba lokela pressure banneng
SPCS/data/audio/004/004_Female_17_39.wav,hundred and seventy thousand
SPCS/data/audio/010/010_Male_22_182.wav,le di community radio stations
SPCS/data/audio/015/015_Female_91_505.wav,graduation ya ngwana wa gagwe
SPCS/data/audio/001/001_Female_23_335.wav,o robile record
SPCS/data/audio/012/012_Female_20_183.wav,motho a applyele mphiwafela
SPCS/data/audio/002/002_Male_24_145.wav,fifteen thousand runs
SPCS/data/audio/020/020_Male_20_222.wav,leina la projeke ya setšhaba
SPCS/data/audio/002/002_Male_24_12.wav,kgona go ka ba corruptable
SPCS/data/audio/005/005_Male_26_402.wav,swarelwa ka peter mokaba stadium
SPCS/data/audio/001/001_Female_23_510.wav,e nyenyefatše gore di portrait
SPCS/data/audio/006/006_Male_23_829.wav,ke a ratang a bibele
SPCS/data/audio/003/003_Female_27_265.wav,komišene ya bosetšhaba
SPCS/data/audio/002/002_Male_24_706.wav,pele a eya di awardeng
SPCS/data/audio/014/014_Male_25_369.wav,jealous ke bolwetši
SPCS/data/audio/019/019_Male_23_37.wav,ba home affairs
SPCS/data/audio/019/019_Male_23_495.wav,peresente tše masome seswai hlano
SPCS/data/audio/004/004_Female_17_204.wav,dollara go ya United Kingdom
SPCS/data/audio/004/004_Female_17_560.wav,re ka ba le agency
SPCS/data/audio/006/006_Male_23_96.wav,dithuto tša gagwe tša optometry
SPCS/data/audio/013/013_Male_27_132.wav,ba di lori le bahlwekiši
SPCS/data/audio/010/010_Male_22_389.wav,e le go mo blocka
SPCS/data/audio/020/020_Male_20_224.wav,e fetang eight million rands
SPCS/data/audio/001/001_Female_23_582.wav,wa mohuta wa tic
SPCS/data/audio/015/015_Female_91_480.wav,ge motho a dira abortion
SPCS/data/audio/001/001_Female_23_44.wav,re beakantše ya agriculture
SPCS/data/audio/004/004_Female_17_68.wav,go kreya di opportunities
SPCS/data/audio/002/002_Male_24_748.wav,botša eng girlfriend ya ka
SPCS/data/audio/012/012_Female_20_225.wav,hundred and seven for two
SPCS/data/audio/018/018_Male_21_150.wav,bathopa difoka tša di bursary
SPCS/data/audio/020/020_Male_20_353.wav,ka twenty fifteen
SPCS/data/audio/016/016_Female_21_5.wav,ikaparetše dilo tše di simple
SPCS/data/audio/016/016_Female_21_521.wav,motho wo a di applyelang
SPCS/data/audio/012/012_Female_20_159.wav,le di community radio stations
SPCS/data/audio/004/004_Female_17_408.wav,di pamphlets tša festival ye
SPCS/data/audio/018/018_Male_21_144.wav,bohlaba bja toropo ya Pretoria
SPCS/data/audio/001/001_Female_23_578.wav,mehla ge o tlaleletša airtime
SPCS/data/audio/020/020_Male_20_10.wav,ko di provinsing tše dingwe
SPCS/data/audio/015/015_Female_91_104.wav,ke fashion ya go tsenelela
SPCS/data/audio/013/013_Male_27_101.wav,a bona profile ya ka
SPCS/data/audio/003/003_Female_27_496.wav,ba sepela ka group
SPCS/data/audio/020/020_Male_20_43.wav,traffic lights ga di šome
SPCS/data/audio/015/015_Female_91_565.wav,o nale disability
SPCS/data/audio/011/011_Female_21_234.wav,le a re tracer naa
SPCS/data/audio/009/009_Female_26_121.wav,account ya kua bankeng
SPCS/data/audio/016/016_Female_21_205.wav,ko di provinsing tše dingwe
SPCS/data/audio/018/018_Male_21_115.wav,ke fishing
SPCS/data/audio/016/016_Female_21_592.wav,taba ya di service standard
SPCS/data/audio/008/008_Male_23_209.wav,ka dikgwedi tše twelve
SPCS/data/audio/018/018_Male_21_158.wav,nako ya bumper to bumper
SPCS/data/audio/006/006_Male_23_72.wav,a bona profile ya ka
SPCS/data/audio/009/009_Female_26_92.wav,morutiši ka panga
SPCS/data/audio/018/018_Male_21_31.wav,ge go nyakega copy
SPCS/data/audio/016/016_Female_21_56.wav,hundred and seventy thousand
SPCS/data/audio/012/012_Female_20_491.wav,lenaneo la television
SPCS/data/audio/015/015_Female_91_400.wav,ba sepela ka di crutches
SPCS/data/audio/020/020_Male_20_141.wav,account ya yona e ka
SPCS/data/audio/009/009_Female_26_479.wav,hundred and fifty rand fela
SPCS/data/audio/009/009_Female_26_93.wav,le go head of department
SPCS/data/audio/004/004_Female_17_202.wav,I am so scared
SPCS/data/audio/010/010_Male_22_64.wav,steše sa go kala dikoloi
SPCS/data/audio/012/012_Female_20_375.wav,ranta kgahlanong le euro
SPCS/data/audio/007/007_Male_23_655.wav,ke mang fiance ya gago
SPCS/data/audio/003/003_Female_27_524.wav,nna ke blockile motho ka
SPCS/data/audio/002/002_Male_24_33.wav,lenaneo la outreach
SPCS/data/audio/003/003_Female_27_38.wav,especially young people
SPCS/data/audio/006/006_Male_23_748.wav,go papadi ya netball
SPCS/data/audio/013/013_Male_27_112.wav,ka di photo tsa go
SPCS/data/audio/012/012_Female_20_273.wav,go lokišwa tsela ko Nigel
SPCS/data/audio/014/014_Male_25_26.wav,e nyenyefatše gore jewellery
SPCS/data/audio/010/010_Male_22_198.wav,ikopanye le mokhanselara
SPCS/data/audio/015/015_Female_91_484.wav,suggestion ya ka
SPCS/data/audio/001/001_Female_23_12.wav,nako e ngwe o ntheka
SPCS/data/audio/002/002_Male_24_92.wav,taba tše tša histori
SPCS/data/audio/013/013_Male_27_444.wav,fine ye kgolo kgolo
SPCS/data/audio/007/007_Male_23_728.wav,ba le fa di pamphlets
SPCS/data/audio/019/019_Male_23_419.wav,basadi ba nale yona pressure
SPCS/data/audio/007/007_Male_23_336.wav,khomišene ya bo setšhaba ya
SPCS/data/audio/002/002_Male_24_29.wav,goba yona art
SPCS/data/audio/020/020_Male_20_423.wav,dinatla tša mmino wa gospel
SPCS/data/audio/007/007_Male_23_396.wav,ba ntšhitše di bus
SPCS/data/audio/006/006_Male_23_31.wav,baswa ba tšwile pateng
SPCS/data/audio/014/014_Male_25_99.wav,wa mohuta wa tic
SPCS/data/audio/003/003_Female_27_205.wav,mehla ge o tlaleletša airtime
SPCS/data/audio/015/015_Female_91_67.wav,fourty seven percent
SPCS/data/audio/003/003_Female_27_583.wav,dira diimport and export
SPCS/data/audio/012/012_Female_20_473.wav,re leba ka studio six
SPCS/data/audio/018/018_Male_21_280.wav,ke nale shopo ya ka
SPCS/data/audio/001/001_Female_23_249.wav,account ya kua bankeng
SPCS/data/audio/015/015_Female_91_308.wav,wa mohuta wa tic
SPCS/data/audio/008/008_Male_23_217.wav,e le tša gauta
SPCS/data/audio/011/011_Female_21_311.wav,especially young people
SPCS/data/audio/016/016_Female_21_537.wav,wa porega bjang
SPCS/data/audio/004/004_Female_17_298.wav,ge a dulela go commenta
SPCS/data/audio/006/006_Male_23_819.wav,ba changile di address
SPCS/data/audio/002/002_Male_24_279.wav,a ka go tsebang personally
SPCS/data/audio/015/015_Female_91_395.wav,morutiši ka panga
SPCS/data/audio/007/007_Male_23_59.wav,kgona go ka ba corruptable
SPCS/data/audio/008/008_Male_23_95.wav,exhibition e ebile ka mokgo
SPCS/data/audio/001/001_Female_23_94.wav,pele a eya di awardeng
SPCS/data/audio/008/008_Male_23_263.wav,lenaneo la outreach
SPCS/data/audio/015/015_Female_91_335.wav,bowa gae ka di medal
SPCS/data/audio/013/013_Male_27_266.wav,companying a tee
SPCS/data/audio/007/007_Male_23_486.wav,go papadi ya netball
SPCS/data/audio/004/004_Female_17_186.wav,o mo top hundred
SPCS/data/audio/002/002_Male_24_233.wav,ntlo tše botse tša quality
SPCS/data/audio/005/005_Male_26_304.wav,ba go nyaka di kontraka
SPCS/data/audio/010/010_Male_22_215.wav,di principles tša batho pele
SPCS/data/audio/008/008_Male_23_197.wav,ke go ya khaunthareng
SPCS/data/audio/019/019_Male_23_481.wav,di jeresi tše di botse
SPCS/data/audio/003/003_Female_27_546.wav,gare ga toropo ya johannesburg
SPCS/data/audio/008/008_Male_23_216.wav,bowa gae ka di medal
SPCS/data/audio/009/009_Female_26_30.wav,hundred and fifty rand fela
SPCS/data/audio/007/007_Male_23_590.wav,ikopanye le mokhanselara
SPCS/data/audio/012/012_Female_20_548.wav,the best you can do
SPCS/data/audio/010/010_Male_22_336.wav,bomenetša bja di tendera
SPCS/data/audio/001/001_Female_23_73.wav,tšeo di transportilego batho
SPCS/data/audio/019/019_Male_23_58.wav,wa porega bjang
SPCS/data/audio/016/016_Female_21_230.wav,tsamaya ka di public transport
SPCS/data/audio/005/005_Male_26_328.wav,especially young people
SPCS/data/audio/010/010_Male_22_499.wav,ge e le second half
SPCS/data/audio/016/016_Female_21_17.wav,bowa gae ka di medal
SPCS/data/audio/001/001_Female_23_288.wav,ba grade twelve learners
SPCS/data/audio/012/012_Female_20_136.wav,go swerwe festival ya kakapa
SPCS/data/audio/001/001_Female_23_319.wav,fifteen thousand runs
SPCS/data/audio/018/018_Male_21_371.wav,mafelo a go socialisa
SPCS/data/audio/007/007_Male_23_436.wav,la tharo december twenty eleven
SPCS/data/audio/020/020_Male_20_265.wav,ka january a ka emiša
SPCS/data/audio/019/019_Male_23_445.wav,a tšea di crate
SPCS/data/audio/005/005_Male_26_515.wav,tsamaišana le body ya gage
SPCS/data/audio/007/007_Male_23_364.wav,di tlileng go tlo exhibita
SPCS/data/audio/017/017_Male_22_375.wav,ekile ya ba di drama
SPCS/data/audio/005/005_Male_26_433.wav,o nyaka thušo ya business
SPCS/data/audio/018/018_Male_21_119.wav,ke goletše mo lekeišeneng
SPCS/data/audio/006/006_Male_23_1057.wav,a dira loan e tee
SPCS/data/audio/007/007_Male_23_423.wav,motšhene wa go hlahlela ka
SPCS/data/audio/004/004_Female_17_296.wav,ke a blocka ge motho
SPCS/data/audio/006/006_Male_23_960.wav,pele o ka tlotša polish
SPCS/data/audio/007/007_Male_23_352.wav,account ya yona e ka
SPCS/data/audio/010/010_Male_22_512.wav,wa mohuta wa tic
SPCS/data/audio/003/003_Female_27_184.wav,o romele tšhelete ya administration
SPCS/data/audio/004/004_Female_17_508.wav,peresente tše masome seswai hlano
SPCS/data/audio/014/014_Male_25_247.wav,e na le barcode
SPCS/data/audio/006/006_Male_23_433.wav,University ya limpopo ya baithuti
SPCS/data/audio/017/017_Male_22_121.wav,business ya ka e kgone
SPCS/data/audio/007/007_Male_23_491.wav,a tšea di crate
SPCS/data/audio/005/005_Male_26_13.wav,ke di temporary workers
SPCS/data/audio/014/014_Male_25_134.wav,level e tee ya salary
SPCS/data/audio/018/018_Male_21_361.wav,botša eng girlfriend ya ka
SPCS/data/audio/016/016_Female_21_455.wav,tsamaišana le body ya gage
SPCS/data/audio/019/019_Male_23_290.wav,khomišene ya bo setšhaba ya
SPCS/data/audio/012/012_Female_20_118.wav,go accessa di services tša
SPCS/data/audio/005/005_Male_26_142.wav,ba sepela ka di crutches
SPCS/data/audio/007/007_Male_23_781.wav,projeke ya setšhaba
SPCS/data/audio/012/012_Female_20_397.wav,attendance e thomile e le
SPCS/data/audio/002/002_Male_24_58.wav,lokiša hundred and twenty rand
SPCS/data/audio/014/014_Male_25_418.wav,feleletše a invita ga ntši
SPCS/data/audio/007/007_Male_23_631.wav,a mbora ka nako yeo
SPCS/data/audio/011/011_Female_21_463.wav,la tharo december twenty eleven
SPCS/data/audio/006/006_Male_23_1009.wav,presidente ya league ya baswa
SPCS/data/audio/004/004_Female_17_344.wav,ke nale shopo ya ka
SPCS/data/audio/018/018_Male_21_58.wav,go phatlalala le province
SPCS/data/audio/019/019_Male_23_100.wav,province e tsamaiše
SPCS/data/audio/001/001_Female_23_143.wav,basadi ba nale yona pressure
SPCS/data/audio/004/004_Female_17_133.wav,ka raloka polo
SPCS/data/audio/001/001_Female_23_513.wav,tsamaya nako ya two years
SPCS/data/audio/008/008_Male_23_90.wav,di ranta tša go feta
SPCS/data/audio/017/017_Male_22_167.wav,nyakago di tickets tša festival
SPCS/data/audio/007/007_Male_23_374.wav,di exhibition tše tša lena
SPCS/data/audio/011/011_Female_21_138.wav,hwetša di address tša batho
SPCS/data/audio/015/015_Female_91_172.wav,nna ke blockile mogwera
SPCS/data/audio/012/012_Female_20_144.wav,hwetša di address tša batho
SPCS/data/audio/010/010_Male_22_524.wav,banna ba na le pressure
SPCS/data/audio/018/018_Male_21_258.wav,ba di lori le bahlwekiši
SPCS/data/audio/006/006_Male_23_220.wav,ka january a ka emiša
SPCS/data/audio/004/004_Female_17_441.wav,ka lefela loan ya gagwe
SPCS/data/audio/006/006_Male_23_306.wav,ka june ya ngwaga wona
SPCS/data/audio/020/020_Male_20_47.wav,di jersey le di tracksuit
SPCS/data/audio/013/013_Male_27_316.wav,di ofisi tša rena magaeng
SPCS/data/audio/010/010_Male_22_91.wav,e le tša gauta
SPCS/data/audio/010/010_Male_22_187.wav,ke sepela ka sekuta
SPCS/data/audio/015/015_Female_91_216.wav,attendance e thomile e le
SPCS/data/audio/013/013_Male_27_383.wav,mmušo wa rena wa democracy
SPCS/data/audio/016/016_Female_21_308.wav,a bona profile ya ka
SPCS/data/audio/007/007_Male_23_231.wav,red pepper e tee
SPCS/data/audio/003/003_Female_27_320.wav,mošireletši wa setšhaba advocate
SPCS/data/audio/019/019_Male_23_464.wav,a bolailwego ka panga
SPCS/data/audio/015/015_Female_91_535.wav,verse seventeen
SPCS/data/audio/008/008_Male_23_267.wav,go accessa di services tša
SPCS/data/audio/009/009_Female_26_13.wav,ke go ya khaunthareng
SPCS/data/audio/003/003_Female_27_294.wav,go accessa ditirelo tša rena
SPCS/data/audio/019/019_Male_23_54.wav,re kwešiša position ya bona
SPCS/data/audio/006/006_Male_23_753.wav,a tšea di crate
SPCS/data/audio/019/019_Male_23_163.wav,ke blockile celebrities
SPCS/data/audio/012/012_Female_20_194.wav,a ba fa citizen report
SPCS/data/audio/015/015_Female_91_83.wav,ounce e tee ke
SPCS/data/audio/002/002_Male_24_434.wav,re ka ba le agency
SPCS/data/audio/017/017_Male_22_459.wav,go nale di diagnostic indicators
SPCS/data/audio/012/012_Female_20_541.wav,go na le category enngwe
SPCS/data/audio/016/016_Female_21_542.wav,go šomišana le di stakeholders
SPCS/data/audio/011/011_Female_21_121.wav,morutiši ka panga
SPCS/data/audio/009/009_Female_26_67.wav,e tšhaba tšhaba mo networkeng
SPCS/data/audio/003/003_Female_27_536.wav,gore o ngwala di posts
SPCS/data/audio/020/020_Male_20_38.wav,pele o ka tlotša polish
SPCS/data/audio/006/006_Male_23_983.wav,ba ile festivaleng
SPCS/data/audio/005/005_Male_26_503.wav,ka dilo tša material
SPCS/data/audio/015/015_Female_91_529.wav,province yengwe le yengwe
SPCS/data/audio/006/006_Male_23_848.wav,e lego planete
SPCS/data/audio/014/014_Male_25_29.wav,ba di bitšang di learnership
SPCS/data/audio/003/003_Female_27_360.wav,mmušo wa rena wa democracy
SPCS/data/audio/009/009_Female_26_216.wav,le le recodilwego
SPCS/data/audio/004/004_Female_17_591.wav,and few ke ka kerekeng
SPCS/data/audio/006/006_Male_23_813.wav,go swerwe festival ya kakapa
SPCS/data/audio/020/020_Male_20_243.wav,ba grade four to seven
SPCS/data/audio/010/010_Male_22_487.wav,o romele tšhelete ya administration
SPCS/data/audio/012/012_Female_20_63.wav,a dira loan e tee
SPCS/data/audio/015/015_Female_91_466.wav,go nale diagnostic indicators
SPCS/data/audio/010/010_Male_22_195.wav,mo historing ya rena
SPCS/data/audio/007/007_Male_23_711.wav,date yela ke di nineteen
SPCS/data/audio/006/006_Male_23_145.wav,for go transporta baswa ba
SPCS/data/audio/002/002_Male_24_32.wav,le di track suit
SPCS/data/audio/019/019_Male_23_375.wav,ke di bursary tše kae
SPCS/data/audio/004/004_Female_17_274.wav,e segella ka di cubes
SPCS/data/audio/007/007_Male_23_197.wav,ekile ya ba di drama
SPCS/data/audio/019/019_Male_23_39.wav,gore motho a qualifaele
SPCS/data/audio/002/002_Male_24_254.wav,o hlokagetše fleteng ya gage
SPCS/data/audio/001/001_Female_23_164.wav,go papadi ya netball
SPCS/data/audio/012/012_Female_20_203.wav,all the colleges tša mo
SPCS/data/audio/012/012_Female_20_269.wav,I am so scared
SPCS/data/audio/003/003_Female_27_582.wav,tše ka moka tša art
SPCS/data/audio/006/006_Male_23_928.wav,le le recodilwego
SPCS/data/audio/005/005_Male_26_126.wav,di municipality tša rena
SPCS/data/audio/019/019_Male_23_475.wav,hundred and seventy thousand
SPCS/data/audio/012/012_Female_20_584.wav,go kreya di opportunities
SPCS/data/audio/013/013_Male_27_475.wav,pele o ka tlotša polish
SPCS/data/audio/010/010_Male_22_579.wav,e tsebagaditše di projeke
SPCS/data/audio/004/004_Female_17_194.wav,province yengwe le yengwe
SPCS/data/audio/006/006_Male_23_459.wav,nna ke a porega
SPCS/data/audio/002/002_Male_24_802.wav,go rakwa partying
SPCS/data/audio/006/006_Male_23_310.wav,mošireletši wa setšhaba advocate
SPCS/data/audio/019/019_Male_23_73.wav,wa leloko la board
SPCS/data/audio/017/017_Male_22_249.wav,o ithopela two thousand rand
SPCS/data/audio/014/014_Male_25_338.wav,fokotša koketšo ya di gas
SPCS/data/audio/014/014_Male_25_102.wav,botša eng girlfriend ya ka
SPCS/data/audio/002/002_Male_24_540.wav,apara di shades tša gago
SPCS/data/audio/010/010_Male_22_229.wav,there is better way
SPCS/data/audio/015/015_Female_91_440.wav,mo historing ya rena
SPCS/data/audio/014/014_Male_25_256.wav,la national planning commission
SPCS/data/audio/007/007_Male_23_659.wav,banka ya gona
SPCS/data/audio/004/004_Female_17_259.wav,ka se tlo confront motho
SPCS/data/audio/018/018_Male_21_195.wav,ka se tlo confront motho
SPCS/data/audio/010/010_Male_22_14.wav,o auditione mo districting engwe
SPCS/data/audio/011/011_Female_21_364.wav,go tsena tsena ga dipolotiki
SPCS/data/audio/018/018_Male_21_239.wav,khomišene ya bo setšhaba ya
SPCS/data/audio/007/007_Male_23_716.wav,nna ga ke coach
SPCS/data/audio/020/020_Male_20_438.wav,hlaelelo ya diesel ya sulphur
SPCS/data/audio/020/020_Male_20_256.wav,banna ba na le pressure
SPCS/data/audio/006/006_Male_23_545.wav,ba di lori le bahlwekiši
SPCS/data/audio/012/012_Female_20_218.wav,di contributa go downfall ya
SPCS/data/audio/008/008_Male_23_428.wav,fokotša koketšo ya di gas
SPCS/data/audio/019/019_Male_23_171.wav,le le recodilwego
SPCS/data/audio/017/017_Male_22_482.wav,ke salad yeo e loketšego
SPCS/data/audio/010/010_Male_22_667.wav,I am so scared
SPCS/data/audio/001/001_Female_23_68.wav,nna ka nkreya mo address
SPCS/data/audio/006/006_Male_23_152.wav,o auditione mo districting engwe
SPCS/data/audio/014/014_Male_25_458.wav,le di challenge tše kgolo
SPCS/data/audio/003/003_Female_27_42.wav,le ngwana wa eleven years
SPCS/data/audio/002/002_Male_24_77.wav,di awareness campaign
SPCS/data/audio/007/007_Male_23_393.wav,ko sekhukhuni district ya gešu
SPCS/data/audio/011/011_Female_21_339.wav,lokela ka gare ga plastiki
SPCS/data/audio/007/007_Male_23_628.wav,ga ba fetole my comments
SPCS/data/audio/001/001_Female_23_584.wav,lenaneo la television
SPCS/data/audio/019/019_Male_23_53.wav,ga ba ba lucky
SPCS/data/audio/002/002_Male_24_691.wav,di results la mathomo ba
SPCS/data/audio/014/014_Male_25_266.wav,who are leading the right
SPCS/data/audio/004/004_Female_17_242.wav,ya gore daddy wa lwala
SPCS/data/audio/014/014_Male_25_167.wav,yona rehabilitation
SPCS/data/audio/009/009_Female_26_270.wav,wa go ba seterateng
SPCS/data/audio/020/020_Male_20_156.wav,be interested go construction fela
SPCS/data/audio/014/014_Male_25_9.wav,le di challenge tše kgolo
SPCS/data/audio/007/007_Male_23_252.wav,traffic lights ga di bereke
SPCS/data/audio/008/008_Male_23_423.wav,bitšwa University of the North
SPCS/data/audio/001/001_Female_23_538.wav,go feta two hundred thousand
SPCS/data/audio/015/015_Female_91_600.wav,all the colleges tša mo
SPCS/data/audio/014/014_Male_25_349.wav,re palelwa ke go copa
SPCS/data/audio/009/009_Female_26_24.wav,ka lefela loan ya gagwe
SPCS/data/audio/011/011_Female_21_379.wav,account ya yona e ka
SPCS/data/audio/017/017_Male_22_191.wav,o nale account ya banka
SPCS/data/audio/011/011_Female_21_180.wav,industeri ya di filimi ka
SPCS/data/audio/009/009_Female_26_359.wav,okay ke a leboga
SPCS/data/audio/010/010_Male_22_112.wav,mokonstable wa maphodisa
SPCS/data/audio/007/007_Male_23_587.wav,mo historing ya rena
SPCS/data/audio/003/003_Female_27_340.wav,e lego planete
SPCS/data/audio/006/006_Male_23_270.wav,go bopa furnitura
SPCS/data/audio/004/004_Female_17_612.wav,tsenela dikgwebo tša construction
SPCS/data/audio/020/020_Male_20_476.wav,recharga ka MTN easy
SPCS/data/audio/008/008_Male_23_290.wav,ba re romele di form
SPCS/data/audio/020/020_Male_20_330.wav,peresente tše masome seswai hlano
SPCS/data/audio/009/009_Female_26_362.wav,attendance e thomile e le
SPCS/data/audio/006/006_Male_23_935.wav,di results le se meetseng
SPCS/data/audio/002/002_Male_24_657.wav,be interested go construction fela
SPCS/data/audio/004/004_Female_17_607.wav,le di challenge tše kgolo
SPCS/data/audio/013/013_Male_27_52.wav,ya gore daddy wa lwala
SPCS/data/audio/010/010_Male_22_525.wav,mafelo a go socialisa
SPCS/data/audio/002/002_Male_24_76.wav,ke tswaletše account kua bankeng
SPCS/data/audio/017/017_Male_22_495.wav,updata nna ke a commenta
SPCS/data/audio/014/014_Male_25_409.wav,updata status ga ba commente
SPCS/data/audio/020/020_Male_20_268.wav,dira kgopelo ya loan
SPCS/data/audio/016/016_Female_21_68.wav,go accessa di services tša
SPCS/data/audio/017/017_Male_22_87.wav,swarelwa ka peter mokaba stadium
SPCS/data/audio/015/015_Female_91_474.wav,there is better way
SPCS/data/audio/015/015_Female_91_197.wav,lane ya letsogo la goja
SPCS/data/audio/004/004_Female_17_442.wav,ka dikgwedi tše twelve
SPCS/data/audio/003/003_Female_27_586.wav,e nyenyefatše gore di portrait
SPCS/data/audio/013/013_Male_27_483.wav,go roaster nama ya nku
SPCS/data/audio/016/016_Female_21_139.wav,go phatlalala le province
SPCS/data/audio/006/006_Male_23_808.wav,di bitšang gore ke infection
SPCS/data/audio/016/016_Female_21_363.wav,tše ka moka tša art
SPCS/data/audio/008/008_Male_23_20.wav,o changile maphelo a bona
SPCS/data/audio/007/007_Male_23_747.wav,re leba ka studio six
SPCS/data/audio/014/014_Male_25_291.wav,goba soapie goba sitcom
SPCS/data/audio/002/002_Male_24_796.wav,excellence awards
SPCS/data/audio/011/011_Female_21_331.wav,ke salad yeo e loketšego
SPCS/data/audio/006/006_Male_23_681.wav,swere di kontraka tša mengwaga
SPCS/data/audio/001/001_Female_23_621.wav,hundred and fifty rand fela
SPCS/data/audio/001/001_Female_23_74.wav,ba ntšhitše di bus
SPCS/data/audio/018/018_Male_21_167.wav,re kwešiša condition ya bona
SPCS/data/audio/007/007_Male_23_447.wav,ba tšea ke camera
SPCS/data/audio/002/002_Male_24_31.wav,di jeresi tše di botse
SPCS/data/audio/004/004_Female_17_541.wav,le di community radio stations
SPCS/data/audio/017/017_Male_22_480.wav,bao ba etetšego flat
SPCS/data/audio/003/003_Female_27_398.wav,forty four thousand
SPCS/data/audio/006/006_Male_23_279.wav,fapana a di social grants
SPCS/data/audio/006/006_Male_23_845.wav,ke lekola file ya gago
SPCS/data/audio/007/007_Male_23_344.wav,lane ya letsogo la goja
SPCS/data/audio/015/015_Female_91_145.wav,ka se tlo confront motho
SPCS/data/audio/004/004_Female_17_221.wav,traffic lights ga di šome
SPCS/data/audio/009/009_Female_26_189.wav,papadi e le ya crickete
SPCS/data/audio/016/016_Female_21_431.wav,ba tšea ke camera
SPCS/data/audio/008/008_Male_23_109.wav,e nale plan ya gore
SPCS/data/audio/001/001_Female_23_530.wav,date yela ke di nineteen
SPCS/data/audio/018/018_Male_21_164.wav,kgoro ya tsheko ya mmasetrata
SPCS/data/audio/010/010_Male_22_274.wav,le le recodilwego
SPCS/data/audio/003/003_Female_27_306.wav,ke sa judge motho
SPCS/data/audio/001/001_Female_23_14.wav,khomišene ya bo setšhaba ya
SPCS/data/audio/013/013_Male_27_384.wav,di principles tša batho pele
SPCS/data/audio/005/005_Male_26_53.wav,botša eng girlfriend ya ka
SPCS/data/audio/018/018_Male_21_81.wav,ge motho a dira abortion
SPCS/data/audio/007/007_Male_23_508.wav,kgona go ka ba corruptable
SPCS/data/audio/001/001_Female_23_627.wav,go papadi ya netball
SPCS/data/audio/006/006_Male_23_408.wav,le le recodilwego
SPCS/data/audio/004/004_Female_17_115.wav,eighteen years
SPCS/data/audio/002/002_Male_24_339.wav,tsamaya nako ya two years
SPCS/data/audio/010/010_Male_22_409.wav,account ya yona e ka
SPCS/data/audio/008/008_Male_23_19.wav,colleges le di universities tša
SPCS/data/audio/006/006_Male_23_488.wav,presidente ya league ya baswa
SPCS/data/audio/006/006_Male_23_356.wav,go nale diagnostic indicators
SPCS/data/audio/015/015_Female_91_530.wav,hweditše di report tše botse
SPCS/data/audio/006/006_Male_23_29.wav,go nale di diagnostic indicators
SPCS/data/audio/002/002_Male_24_920.wav,ge o ka ba adamant
SPCS/data/audio/001/001_Female_23_353.wav,di polio
SPCS/data/audio/009/009_Female_26_317.wav,nna ke blockile morago ga
SPCS/data/audio/006/006_Male_23_409.wav,fine ye kgolo kgolo
SPCS/data/audio/010/010_Male_22_16.wav,molao tšeo di tsenetšego conference
SPCS/data/audio/016/016_Female_21_453.wav,goba di parkeng
SPCS/data/audio/007/007_Male_23_256.wav,re palelwa ke go copa
SPCS/data/audio/011/011_Female_21_472.wav,direga eng mo operation repo
SPCS/data/audio/012/012_Female_20_2.wav,of real gospel music
SPCS/data/audio/009/009_Female_26_507.wav,kgona go ka ba corruptable
SPCS/data/audio/015/015_Female_91_24.wav,go bolela le bona gore
SPCS/data/audio/006/006_Male_23_326.wav,ke lekola file ya gago
SPCS/data/audio/016/016_Female_21_404.wav,ba le fa di pamphlets
SPCS/data/audio/012/012_Female_20_526.wav,o sa le a stuckile
SPCS/data/audio/002/002_Male_24_595.wav,o tlo nyaka green pepper
SPCS/data/audio/011/011_Female_21_356.wav,ke a blocka ge motho
SPCS/data/audio/013/013_Male_27_476.wav,apara di shades tša gago
SPCS/data/audio/001/001_Female_23_9.wav,ge a dulela go commenta
SPCS/data/audio/016/016_Female_21_91.wav,ba re romele di form
SPCS/data/audio/009/009_Female_26_478.wav,dira kgopelo ya loan
SPCS/data/audio/010/010_Male_22_647.wav,komišene yeo e hlomilwego
SPCS/data/audio/007/007_Male_23_608.wav,tšwela pele bjalo ka presidente
SPCS/data/audio/006/006_Male_23_779.wav,e tšhaba tšhaba mo networkeng
SPCS/data/audio/009/009_Female_26_463.wav,o hwetše code ya moswananoši
SPCS/data/audio/018/018_Male_21_365.wav,o nale account ya banka
SPCS/data/audio/017/017_Male_22_81.wav,account ya yona e ka
SPCS/data/audio/004/004_Female_17_532.wav,wa two thousand and nine
SPCS/data/audio/009/009_Female_26_383.wav,training academy ya di art
SPCS/data/audio/005/005_Male_26_44.wav,basadi ba lokela pressure banneng
SPCS/data/audio/015/015_Female_91_80.wav,province yengwe le yengwe
SPCS/data/audio/002/002_Male_24_81.wav,ge go nyakega copy
SPCS/data/audio/017/017_Male_22_243.wav,the best you can do
SPCS/data/audio/007/007_Male_23_264.wav,re kwešiša condition ya bona
SPCS/data/audio/016/016_Female_21_173.wav,ba mo knockile
SPCS/data/audio/002/002_Male_24_628.wav,tona ya kgwebo le indasteri
SPCS/data/audio/014/014_Male_25_41.wav,gammogo le quantum ye one
SPCS/data/audio/017/017_Male_22_109.wav,dira diimport and export
SPCS/data/audio/002/002_Male_24_205.wav,traffic lights ga di bereke
SPCS/data/audio/001/001_Female_23_2.wav,a bona profile ya ka
SPCS/data/audio/008/008_Male_23_403.wav,hweditse di report tse botse
SPCS/data/audio/020/020_Male_20_29.wav,bitšwa University of the North
SPCS/data/audio/020/020_Male_20_105.wav,updata status ga ba commente
SPCS/data/audio/010/010_Male_22_287.wav,ounce e tee ke
SPCS/data/audio/018/018_Male_21_350.wav,ba tšea ke camera
SPCS/data/audio/008/008_Male_23_375.wav,fifteen thousand runs
SPCS/data/audio/019/019_Male_23_363.wav,ebile ga se wena coach
SPCS/data/audio/012/012_Female_20_438.wav,wa kgona go auditiona mo
SPCS/data/audio/007/007_Male_23_629.wav,nna ke blockile motho ka
SPCS/data/audio/001/001_Female_23_395.wav,di wheelchair di tletše gohle
SPCS/data/audio/006/006_Male_23_67.wav,nna ke blockile mogwera
SPCS/data/audio/008/008_Male_23_174.wav,ranta e wele
SPCS/data/audio/006/006_Male_23_212.wav,mafelo a go socialisa
SPCS/data/audio/004/004_Female_17_580.wav,go nale diagnostic indicators
SPCS/data/audio/001/001_Female_23_501.wav,di exhibition tše tša lena
SPCS/data/audio/015/015_Female_91_435.wav,ke le busy ka ofising
SPCS/data/audio/005/005_Male_26_60.wav,basadi ba nale yona pressure
SPCS/data/audio/016/016_Female_21_102.wav,ke a ratang a bibele
SPCS/data/audio/019/019_Male_23_150.wav,hundred kilometer ka awara
SPCS/data/audio/006/006_Male_23_1052.wav,projeke ya setšhaba
SPCS/data/audio/014/014_Male_25_365.wav,ba ile festivaleng
SPCS/data/audio/018/018_Male_21_360.wav,lenaneo la television
SPCS/data/audio/010/010_Male_22_413.wav,di ranta tša go feta
SPCS/data/audio/007/007_Male_23_445.wav,direga eng mo operation repo
SPCS/data/audio/015/015_Female_91_139.wav,o changile maphelo a bona
SPCS/data/audio/019/019_Male_23_8.wav,magistrata wa tikologo gosasa
SPCS/data/audio/013/013_Male_27_98.wav,nna ke blockile motho ka
SPCS/data/audio/004/004_Female_17_1.wav,e le tša gauta
SPCS/data/audio/001/001_Female_23_410.wav,baswa ba tšwile pateng
SPCS/data/audio/001/001_Female_23_57.wav,tše ka moka tša art
SPCS/data/audio/007/007_Male_23_384.wav,training academy ya di art
SPCS/data/audio/004/004_Female_17_307.wav,brithani
SPCS/data/audio/005/005_Male_26_175.wav,one twenty fela
SPCS/data/audio/008/008_Male_23_78.wav,lane ya letsogo la goja
SPCS/data/audio/006/006_Male_23_648.wav,tsamaya nako ya two years
SPCS/data/audio/011/011_Female_21_163.wav,a festival with a purpose
SPCS/data/audio/020/020_Male_20_122.wav,gore o ngwala di posts
SPCS/data/audio/004/004_Female_17_410.wav,ya jewa two one
SPCS/data/audio/016/016_Female_21_11.wav,ka january a ka emiša
SPCS/data/audio/016/016_Female_21_378.wav,re e bone talente
SPCS/data/audio/014/014_Male_25_218.wav,le di community radio stations
SPCS/data/audio/018/018_Male_21_77.wav,ke bona on daily basis
SPCS/data/audio/003/003_Female_27_457.wav,traffic lights ga di šome
SPCS/data/audio/015/015_Female_91_411.wav,go šomišana le di stakeholders
SPCS/data/audio/006/006_Male_23_1038.wav,rena ba bangwe re sensitive
SPCS/data/audio/008/008_Male_23_108.wav,di exhibition tše tša lena
SPCS/data/audio/016/016_Female_21_232.wav,wa boraro ga se semi-automatic
SPCS/data/audio/005/005_Male_26_268.wav,di results le se meetseng
SPCS/data/audio/012/012_Female_20_89.wav,mokonstable wa maphodisa
SPCS/data/audio/002/002_Male_24_78.wav,le di community radio stations
SPCS/data/audio/012/012_Female_20_567.wav,go accessa di services tša
SPCS/data/audio/006/006_Male_23_420.wav,ounce e tee ke
SPCS/data/audio/006/006_Male_23_265.wav,hundred and seventy thousand
SPCS/data/audio/008/008_Male_23_394.wav,di exhibitors di tlile
SPCS/data/audio/002/002_Male_24_75.wav,account ya kua bankeng
SPCS/data/audio/008/008_Male_23_195.wav,o ka re romela email
SPCS/data/audio/011/011_Female_21_80.wav,go feta maatla a ranta
SPCS/data/audio/007/007_Male_23_490.wav,level e tee ya salary
SPCS/data/audio/009/009_Female_26_76.wav,go bopa furnitura
SPCS/data/audio/002/002_Male_24_127.wav,ke bona on daily basis
SPCS/data/audio/002/002_Male_24_853.wav,wo ka di nine
SPCS/data/audio/017/017_Male_22_527.wav,ba go hwetša degree ye
SPCS/data/audio/007/007_Male_23_4.wav,barutiši ba sekolo sa primary
SPCS/data/audio/011/011_Female_21_158.wav,one twenty fela
SPCS/data/audio/002/002_Male_24_650.wav,okay ke a leboga
SPCS/data/audio/002/002_Male_24_281.wav,bangwe ga ba na timing
SPCS/data/audio/010/010_Male_22_6.wav,gammogo le quantum ye one
SPCS/data/audio/012/012_Female_20_303.wav,nna ke a porega
SPCS/data/audio/014/014_Male_25_281.wav,team ya gagwe ya go
SPCS/data/audio/001/001_Female_23_524.wav,gammogo le quantum ye one
SPCS/data/audio/006/006_Male_23_177.wav,tšwa go album ya majakathata
SPCS/data/audio/007/007_Male_23_540.wav,go accessa ditirelo tša rena
SPCS/data/audio/006/006_Male_23_883.wav,there is better way
SPCS/data/audio/004/004_Female_17_359.wav,business ya ka e kgone
SPCS/data/audio/002/002_Male_24_215.wav,ka company ya engineering
SPCS/data/audio/004/004_Female_17_477.wav,a bolailwego ka panga
SPCS/data/audio/008/008_Male_23_73.wav,ranta kgahlanong le ponto ya
SPCS/data/audio/006/006_Male_23_519.wav,ke a blocka ge motho
SPCS/data/audio/004/004_Female_17_161.wav,a beilego record e ntshwa
SPCS/data/audio/002/002_Male_24_464.wav,ke bona on daily basis
SPCS/data/audio/006/006_Male_23_413.wav,university of technology
SPCS/data/audio/007/007_Male_23_299.wav,ge a ka dira appeal
SPCS/data/audio/009/009_Female_26_35.wav,mo kapteni wa sehlopa
SPCS/data/audio/003/003_Female_27_270.wav,phone ya ka e be
SPCS/data/audio/012/012_Female_20_421.wav,learnership ye tsamaya tsamaya bjang
SPCS/data/audio/018/018_Male_21_294.wav,nkreya le mo facebook page
SPCS/data/audio/002/002_Male_24_859.wav,tšeo di nalego information
SPCS/data/audio/013/013_Male_27_209.wav,tšwa go album ya majakathata
SPCS/data/audio/010/010_Male_22_592.wav,fapana a di social grants
SPCS/data/audio/012/012_Female_20_206.wav,there is better way
SPCS/data/audio/010/010_Male_22_493.wav,la tharo december twenty eleven
SPCS/data/audio/007/007_Male_23_647.wav,ranta kgahlanong le ponto ya
SPCS/data/audio/010/010_Male_22_626.wav,a beilego record e ntshwa
SPCS/data/audio/015/015_Female_91_271.wav,ke di temporary workers
SPCS/data/audio/016/016_Female_21_197.wav,gore di form tše re
SPCS/data/audio/015/015_Female_91_193.wav,brithani
SPCS/data/audio/019/019_Male_23_140.wav,dansa le gona ke sport
SPCS/data/audio/001/001_Female_23_628.wav,gona fa tournamenteng ye
SPCS/data/audio/009/009_Female_26_122.wav,ke tswaletše account kua bankeng
SPCS/data/audio/014/014_Male_25_269.wav,gopola gore facebook ya rena
SPCS/data/audio/015/015_Female_91_450.wav,eighteen years
SPCS/data/audio/012/012_Female_20_169.wav,o ya conferenceng
SPCS/data/audio/005/005_Male_26_127.wav,ba home affairs
SPCS/data/audio/011/011_Female_21_188.wav,ba grade twelve learners
SPCS/data/audio/011/011_Female_21_216.wav,ba mo knockile
SPCS/data/audio/014/014_Male_25_330.wav,dollara go ya United Kingdom
SPCS/data/audio/004/004_Female_17_140.wav,who are leading the right
SPCS/data/audio/012/012_Female_20_8.wav,motšhene wa go hlahlela ka
SPCS/data/audio/018/018_Male_21_416.wav,ga o tlo re hello
SPCS/data/audio/012/012_Female_20_276.wav,ditaba ka Standford Matlou
SPCS/data/audio/010/010_Male_22_501.wav,ke reality show ya television
SPCS/data/audio/014/014_Male_25_94.wav,o nthomela please call me
SPCS/data/audio/003/003_Female_27_491.wav,le ngwana wa eleven years
SPCS/data/audio/018/018_Male_21_89.wav,dansa le gona ke sport
SPCS/data/audio/007/007_Male_23_27.wav,ka january a ka emiša
SPCS/data/audio/010/010_Male_22_358.wav,o hlokagetše fleteng ya gage
SPCS/data/audio/017/017_Male_22_123.wav,re e bone talente
SPCS/data/audio/018/018_Male_21_189.wav,o changile maphelo a bona
SPCS/data/audio/020/020_Male_20_382.wav,re ka ba le agency
SPCS/data/audio/013/013_Male_27_3.wav,di polio
SPCS/data/audio/015/015_Female_91_192.wav,ranta kgahlanong le ponto ya
SPCS/data/audio/018/018_Male_21_252.wav,ba go hwetša degree ye
SPCS/data/audio/005/005_Male_26_472.wav,di company tša afrika borwa
SPCS/data/audio/013/013_Male_27_202.wav,wa non-automatic
SPCS/data/audio/004/004_Female_17_238.wav,wa go ba seterateng
SPCS/data/audio/004/004_Female_17_267.wav,tšwela pele bjalo ka presidente
SPCS/data/audio/013/013_Male_27_168.wav,nkreya le mo facebook page
SPCS/data/audio/020/020_Male_20_464.wav,di polio
SPCS/data/audio/013/013_Male_27_341.wav,ka twenty fifteen
SPCS/data/audio/001/001_Female_23_462.wav,ka di photo tsa go
SPCS/data/audio/011/011_Female_21_191.wav,go nale diagnostic indicators
SPCS/data/audio/006/006_Male_23_374.wav,go buša order
SPCS/data/audio/002/002_Male_24_160.wav,le a re tracer naa
SPCS/data/audio/006/006_Male_23_767.wav,diswantšho tša cctv
SPCS/data/audio/015/015_Female_91_305.wav,kare ke fashion ye nngwe
SPCS/data/audio/003/003_Female_27_109.wav,ba di lori le bahlwekiši
SPCS/data/audio/015/015_Female_91_589.wav,baswa leading the right life
SPCS/data/audio/005/005_Male_26_349.wav,o tlo nyaka green pepper
SPCS/data/audio/007/007_Male_23_517.wav,e tšhaba tšhaba mo networkeng
SPCS/data/audio/005/005_Male_26_168.wav,di awareness campaign
SPCS/data/audio/006/006_Male_23_466.wav,jealous ke bolwetši
SPCS/data/audio/014/014_Male_25_85.wav,di pamphlets tša festival ye
SPCS/data/audio/012/012_Female_20_426.wav,business ya ka e kgone
SPCS/data/audio/001/001_Female_23_372.wav,fokotša koketšo ya di gas
SPCS/data/audio/012/012_Female_20_607.wav,ka twenty fifteen
SPCS/data/audio/016/016_Female_21_348.wav,di tlileng go tlo exhibita
SPCS/data/audio/004/004_Female_17_73.wav,swanetše go tsošološa di grants
SPCS/data/audio/004/004_Female_17_231.wav,re kwešiša condition ya bona
SPCS/data/audio/002/002_Male_24_870.wav,one twenty fela
SPCS/data/audio/003/003_Female_27_253.wav,go registara
SPCS/data/audio/007/007_Male_23_677.wav,mabapi le di exhibition
SPCS/data/audio/017/017_Male_22_380.wav,gagwe o be a graduata
SPCS/data/audio/008/008_Male_23_84.wav,sona ka accounteng ya banka
SPCS/data/audio/002/002_Male_24_455.wav,angle ka moka ga tšona
SPCS/data/audio/011/011_Female_21_326.wav,ge a ka dira appeal
SPCS/data/audio/004/004_Female_17_78.wav,doctor re a le amogela
SPCS/data/audio/012/012_Female_20_552.wav,o re hello le kae
SPCS/data/audio/017/017_Male_22_171.wav,ge e le second half
SPCS/data/audio/001/001_Female_23_376.wav,pele o ka tlotša polish
SPCS/data/audio/012/012_Female_20_255.wav,ko di provinsing tše dingwe
SPCS/data/audio/005/005_Male_26_506.wav,o nale account ya banka
SPCS/data/audio/016/016_Female_21_99.wav,ka twenty fifteen
SPCS/data/audio/006/006_Male_23_449.wav,bakgopedi ba di tendera
SPCS/data/audio/006/006_Male_23_364.wav,there is better way
SPCS/data/audio/011/011_Female_21_148.wav,ba ba golang kua bankeng
SPCS/data/audio/012/012_Female_20_487.wav,barutiši ba sekolo sa primary
SPCS/data/audio/015/015_Female_91_469.wav,some how ka mogau
SPCS/data/audio/006/006_Male_23_403.wav,ke fishing
SPCS/data/audio/005/005_Male_26_277.wav,verse seventeen
SPCS/data/audio/014/014_Male_25_260.wav,some how ka mogau
SPCS/data/audio/010/010_Male_22_161.wav,wa porega bjang
SPCS/data/audio/006/006_Male_23_204.wav,basadi ba nale pressure
SPCS/data/audio/002/002_Male_24_867.wav,ge go nyakega copy
SPCS/data/audio/004/004_Female_17_81.wav,wo ka di nine
SPCS/data/audio/010/010_Male_22_589.wav,ba home affairs
SPCS/data/audio/017/017_Male_22_357.wav,a sa tsebe di outcome
SPCS/data/audio/015/015_Female_91_482.wav,o swara style
SPCS/data/audio/008/008_Male_23_294.wav,doctor re a le amogela
SPCS/data/audio/010/010_Male_22_503.wav,batho bale ba go repossesa
SPCS/data/audio/010/010_Male_22_366.wav,wa nyaka spinach
SPCS/data/audio/009/009_Female_26_142.wav,le ge democracy e kokota
SPCS/data/audio/005/005_Male_26_380.wav,khomišene ya bo setšhaba ya
SPCS/data/audio/009/009_Female_26_344.wav,di robot ga di šome
SPCS/data/audio/018/018_Male_21_12.wav,go šomišana le di stakeholders
SPCS/data/audio/017/017_Male_22_309.wav,one twenty fela
SPCS/data/audio/006/006_Male_23_1063.wav,go dipapadi tša crickete
SPCS/data/audio/006/006_Male_23_630.wav,bangwe ba kgona tša tourism
SPCS/data/audio/007/007_Male_23_5.wav,ba grade four to seven
SPCS/data/audio/016/016_Female_21_538.wav,lokiša hundred and twenty rand
SPCS/data/audio/014/014_Male_25_156.wav,go rakwa partying
SPCS/data/audio/010/010_Male_22_158.wav,go kreya di opportunities
SPCS/data/audio/012/012_Female_20_483.wav,basadi ba lokela pressure banneng
SPCS/data/audio/020/020_Male_20_90.wav,o hlokagetše fleteng ya gage
SPCS/data/audio/010/010_Male_22_685.wav,lane e tee e tšwaletše
SPCS/data/audio/011/011_Female_21_438.wav,go feta two hundred thousand
SPCS/data/audio/013/013_Male_27_71.wav,o ka se confront lapa
SPCS/data/audio/002/002_Male_24_478.wav,team ya gagwe ya go
SPCS/data/audio/017/017_Male_22_315.wav,e lego planete
SPCS/data/audio/006/006_Male_23_1040.wav,ke a blocka ge motho
SPCS/data/audio/014/014_Male_25_438.wav,di robot ga di šome
SPCS/data/audio/016/016_Female_21_278.wav,o ka se confront lapa
SPCS/data/audio/002/002_Male_24_442.wav,filimi tša metsotso ye masomepedi
SPCS/data/audio/011/011_Female_21_383.wav,di ranta tša go feta
SPCS/data/audio/014/014_Male_25_367.wav,disturba o sa re wa
SPCS/data/audio/006/006_Male_23_15.wav,ka la tharo december
SPCS/data/audio/004/004_Female_17_447.wav,hundred and fifty rand fela
SPCS/data/audio/004/004_Female_17_496.wav,lenaneo la outreach
SPCS/data/audio/005/005_Male_26_160.wav,wa two thousand and nine
SPCS/data/audio/011/011_Female_21_222.wav,forty four thousand
SPCS/data/audio/007/007_Male_23_107.wav,ba re romele di form
SPCS/data/audio/012/012_Female_20_186.wav,filimi tša metsotso ye masomepedi
SPCS/data/audio/005/005_Male_26_69.wav,ka lefela loan ya gagwe
SPCS/data/audio/014/014_Male_25_502.wav,ebile ga se wena coach
SPCS/data/audio/001/001_Female_23_138.wav,basadi ba nale pressure
SPCS/data/audio/018/018_Male_21_9.wav,swanetše go tsošološa di grants
SPCS/data/audio/001/001_Female_23_36.wav,swarelwa ka peter mokaba stadium
SPCS/data/audio/003/003_Female_27_329.wav,shopping center tše di kgolwane
SPCS/data/audio/004/004_Female_17_122.wav,go phatlalala le province
SPCS/data/audio/005/005_Male_26_248.wav,batho ba di cellphone
SPCS/data/audio/006/006_Male_23_518.wav,bangwe ga ba na timing
SPCS/data/audio/004/004_Female_17_555.wav,taba tše tša histori
SPCS/data/audio/012/012_Female_20_432.wav,for go transporta baswa ba
SPCS/data/audio/006/006_Male_23_7.wav,bakgopedi ba di tendera
SPCS/data/audio/010/010_Male_22_672.wav,bitšwa University of the North
SPCS/data/audio/012/012_Female_20_137.wav,ke sa judge motho
SPCS/data/audio/009/009_Female_26_459.wav,basadi ba nale pressure
SPCS/data/audio/005/005_Male_26_78.wav,e le tša gauta
SPCS/data/audio/018/018_Male_21_313.wav,go amana le di athletiki
SPCS/data/audio/015/015_Female_91_199.wav,tša komišene ya bo setšhaba
SPCS/data/audio/009/009_Female_26_29.wav,dira kgopelo ya loan
SPCS/data/audio/014/014_Male_25_115.wav,tsamaišana le body ya gage
SPCS/data/audio/020/020_Male_20_422.wav,di contributa go downfall ya
SPCS/data/audio/019/019_Male_23_52.wav,ba sepela ka di crutches
SPCS/data/audio/006/006_Male_23_581.wav,nkreya le mo facebook page
SPCS/data/audio/002/002_Male_24_916.wav,bible e bolela bjalo
SPCS/data/audio/015/015_Female_91_47.wav,a beilego record e ntshwa
SPCS/data/audio/017/017_Male_22_294.wav,wa two thousand and nine
SPCS/data/audio/018/018_Male_21_169.wav,the head of department
SPCS/data/audio/003/003_Female_27_118.wav,di tlileng go tlo exhibita
SPCS/data/audio/006/006_Male_23_214.wav,ikaparetše dilo tše di simple
SPCS/data/audio/003/003_Female_27_382.wav,a sa tsebe di outcome
SPCS/data/audio/001/001_Female_23_366.wav,go lokišwa tsela ko Nigel
SPCS/data/audio/012/012_Female_20_164.wav,ke sepela ka sekuta
SPCS/data/audio/006/006_Male_23_1033.wav,motho o a mo blocka
SPCS/data/audio/007/007_Male_23_448.wav,facer bjang girlfriend ya gagwe
SPCS/data/audio/004/004_Female_17_158.wav,hundred and seven for two
SPCS/data/audio/010/010_Male_22_241.wav,di contributa go downfall ya
SPCS/data/audio/006/006_Male_23_961.wav,apara di shades tša gago
SPCS/data/audio/020/020_Male_20_257.wav,mafelo a go socialisa
SPCS/data/audio/004/004_Female_17_534.wav,ke a ratang a bibele
SPCS/data/audio/004/004_Female_17_416.wav,basadi ba lokela pressure banneng
SPCS/data/audio/002/002_Male_24_411.wav,ka dilo tša material
SPCS/data/audio/006/006_Male_23_215.wav,tsamaišana le body ya gage
SPCS/data/audio/016/016_Female_21_1.wav,go leka go impressa basadi
SPCS/data/audio/002/002_Male_24_586.wav,o drainwa mo sepetlele
SPCS/data/audio/006/006_Male_23_570.wav,dira diimport and export
SPCS/data/audio/011/011_Female_21_294.wav,ka la tharo december
SPCS/data/audio/005/005_Male_26_457.wav,rena re le radio
SPCS/data/audio/019/019_Male_23_197.wav,University ya limpopo ya baithuti
SPCS/data/audio/002/002_Male_24_945.wav,go tla interview
SPCS/data/audio/004/004_Female_17_332.wav,le di challenge tše kgolo
SPCS/data/audio/004/004_Female_17_247.wav,ntlo tše botse tša quality
SPCS/data/audio/010/010_Male_22_323.wav,the head of department
SPCS/data/audio/007/007_Male_23_265.wav,go hwetša di opportunities
SPCS/data/audio/011/011_Female_21_292.wav,go hwetša di opportunities
SPCS/data/audio/006/006_Male_23_633.wav,maketše ge ba bona response
SPCS/data/audio/018/018_Male_21_455.wav,ke sa judge motho
SPCS/data/audio/012/012_Female_20_258.wav,di results le se meetseng
SPCS/data/audio/004/004_Female_17_58.wav,go accessa ditirelo tša rena
SPCS/data/audio/019/019_Male_23_101.wav,ke yona disability
SPCS/data/audio/001/001_Female_23_80.wav,le confusion ya di date
SPCS/data/audio/016/016_Female_21_9.wav,ka lefela loan ya gagwe
SPCS/data/audio/006/006_Male_23_682.wav,ba le fa di pamphlets
SPCS/data/audio/002/002_Male_24_665.wav,e nale plan ya gore
SPCS/data/audio/013/013_Male_27_103.wav,a ka go tsebang personally
SPCS/data/audio/010/010_Male_22_427.wav,tsenela dikgwebo tša construction
SPCS/data/audio/010/010_Male_22_632.wav,hlaelelo ya diesel ya sulphur
SPCS/data/audio/005/005_Male_26_371.wav,rena ba bangwe re sensitive
SPCS/data/audio/019/019_Male_23_202.wav,wa boraro ga se semi-automatic
SPCS/data/audio/012/012_Female_20_619.wav,go tšwa police station
SPCS/data/audio/014/014_Male_25_435.wav,mošomo wa psychometric
SPCS/data/audio/016/016_Female_21_297.wav,o tlo ntšha plastic bag
SPCS/data/audio/013/013_Male_27_508.wav,home affairs ba tla be
SPCS/data/audio/010/010_Male_22_375.wav,nna ke blockile morago ga
SPCS/data/audio/006/006_Male_23_738.wav,ka january a ka emiša
SPCS/data/audio/003/003_Female_27_61.wav,e segella ka di cubes
SPCS/data/audio/017/017_Male_22_25.wav,o drainwa mo sepetlele
SPCS/data/audio/018/018_Male_21_446.wav,le go head of department
SPCS/data/audio/007/007_Male_23_387.wav,learnership ye tsamaya tsamaya bjang
SPCS/data/audio/018/018_Male_21_185.wav,home affairs ba tla be
SPCS/data/audio/002/002_Male_24_492.wav,gagwe o be a graduata
SPCS/data/audio/001/001_Female_23_518.wav,nkreya le mo facebook page
SPCS/data/audio/015/015_Female_91_478.wav,gopola gore facebook ya rena
SPCS/data/audio/008/008_Male_23_427.wav,betha di pillar ka matlapa
SPCS/data/audio/019/019_Male_23_6.wav,go feta maatla a ranta
SPCS/data/audio/007/007_Male_23_17.wav,go leka go impressa basadi
SPCS/data/audio/003/003_Female_27_99.wav,di robot ga di šome
SPCS/data/audio/015/015_Female_91_397.wav,ba na le di disability
SPCS/data/audio/006/006_Male_23_101.wav,leina la banka
SPCS/data/audio/009/009_Female_26_145.wav,province e tsamaiše
SPCS/data/audio/005/005_Male_26_130.wav,fapana a di social grants
SPCS/data/audio/002/002_Male_24_625.wav,ka di photo tsa go
SPCS/data/audio/007/007_Male_23_494.wav,ge re ema traffic circleng
SPCS/data/audio/006/006_Male_23_11.wav,o nale disability
SPCS/data/audio/007/007_Male_23_569.wav,tšeo di nalego information
SPCS/data/audio/006/006_Male_23_473.wav,baswa ba tšwile pateng
SPCS/data/audio/012/012_Female_20_209.wav,and few ke ka kerekeng
SPCS/data/audio/011/011_Female_21_227.wav,hlaelelo ya diesel ya sulphur
SPCS/data/audio/007/007_Male_23_171.wav,go bolela le bona gore
SPCS/data/audio/003/003_Female_27_80.wav,a ka go tsebang personally
SPCS/data/audio/010/010_Male_22_355.wav,presidente ya league ya baswa
SPCS/data/audio/015/015_Female_91_602.wav,go bolela le bona gore
SPCS/data/audio/002/002_Male_24_850.wav,doctor re a le amogela
SPCS/data/audio/015/015_Female_91_38.wav,dinatla tša mmino wa gospel
SPCS/data/audio/003/003_Female_27_307.wav,wa porega bjang
SPCS/data/audio/012/012_Female_20_498.wav,o hwetše code ya moswananoši
SPCS/data/audio/011/011_Female_21_186.wav,taba ya di service standard
SPCS/data/audio/002/002_Male_24_322.wav,mabapi le di exhibition
SPCS/data/audio/015/015_Female_91_558.wav,re palelwa ke go copa
SPCS/data/audio/018/018_Male_21_24.wav,ba ba golang kua bankeng
SPCS/data/audio/014/014_Male_25_412.wav,nna ke blockile mogwera
SPCS/data/audio/005/005_Male_26_317.wav,mošomo wa bankeng
SPCS/data/audio/011/011_Female_21_42.wav,ke go ya khaunthareng
SPCS/data/audio/006/006_Male_23_312.wav,tšeo di nalego information
SPCS/data/audio/010/010_Male_22_156.wav,ga ba ba lucky
SPCS/data/audio/001/001_Female_23_212.wav,gore motho a qualifaele
SPCS/data/audio/002/002_Male_24_480.wav,papadi e le ya crickete
SPCS/data/audio/004/004_Female_17_411.wav,ke reality show ya television
SPCS/data/audio/010/010_Male_22_268.wav,di exhibitors di tlile
SPCS/data/audio/003/003_Female_27_143.wav,o nyaka thušo ya business
SPCS/data/audio/014/014_Male_25_70.wav,tankana tše pedi
SPCS/data/audio/007/007_Male_23_28.wav,uniform ya bana ya sekolo
SPCS/data/audio/012/012_Female_20_481.wav,ba tšea ke camera
SPCS/data/audio/016/016_Female_21_289.wav,o tlo nyaka green pepper
SPCS/data/audio/020/020_Male_20_280.wav,a tšea di crate
SPCS/data/audio/002/002_Male_24_26.wav,e tsebagaditše di projeke
SPCS/data/audio/007/007_Male_23_166.wav,ka raloka polo
SPCS/data/audio/012/012_Female_20_235.wav,a tlo dira shopping
SPCS/data/audio/002/002_Male_24_39.wav,fapana a di social grants
SPCS/data/audio/017/017_Male_22_193.wav,o hwetše code ya moswananoši
SPCS/data/audio/017/017_Male_22_163.wav,ka two thousand and eight
SPCS/data/audio/008/008_Male_23_392.wav,ke blockile celebrities
SPCS/data/audio/002/002_Male_24_166.wav,gore di form tše re
SPCS/data/audio/020/020_Male_20_451.wav,gore di form tše re
SPCS/data/audio/002/002_Male_24_457.wav,some how ka mogau
SPCS/data/audio/008/008_Male_23_412.wav,ke thomile ministry ke
SPCS/data/audio/002/002_Male_24_270.wav,updata nna ke a commenta
SPCS/data/audio/019/019_Male_23_275.wav,nna ke blockile motho ka
SPCS/data/audio/010/010_Male_22_247.wav,papadi e le ya crickete
SPCS/data/audio/003/003_Female_27_28.wav,disturba o sa re wa
SPCS/data/audio/019/019_Male_23_11.wav,excellence awards
SPCS/data/audio/015/015_Female_91_266.wav,rena re le radio
SPCS/data/audio/006/006_Male_23_129.wav,training academay ya di arts
SPCS/data/audio/020/020_Male_20_485.wav,pele o ka tlotša polish
SPCS/data/audio/005/005_Male_26_274.wav,ounce e tee ke
SPCS/data/audio/006/006_Male_23_1017.wav,o nyaka butternut e tee
SPCS/data/audio/005/005_Male_26_139.wav,ba na le di disability
SPCS/data/audio/017/017_Male_22_31.wav,bao ba etetšego flat
SPCS/data/audio/014/014_Male_25_198.wav,lokiša hundred and twenty rand
SPCS/data/audio/006/006_Male_23_300.wav,ba re romele di form
SPCS/data/audio/006/006_Male_23_743.wav,ditaba tša dipapadi tša swimming
SPCS/data/audio/004/004_Female_17_54.wav,le child support grant
SPCS/data/audio/017/017_Male_22_3.wav,disturba o sa re wa
SPCS/data/audio/002/002_Male_24_548.wav,di jersey le di tracksuit
SPCS/data/audio/009/009_Female_26_208.wav,ke blockile celebrities
SPCS/data/audio/001/001_Female_23_585.wav,botša eng girlfriend ya ka
SPCS/data/audio/012/012_Female_20_287.wav,lane e tee e tšwaletše
SPCS/data/audio/016/016_Female_21_20.wav,mo kapteni wa sehlopa
SPCS/data/audio/009/009_Female_26_7.wav,lenaneo la television
SPCS/data/audio/014/014_Male_25_160.wav,phone ya ka e be
SPCS/data/audio/003/003_Female_27_183.wav,a mo hlasela ka panga
SPCS/data/audio/002/002_Male_24_334.wav,training academay ya di arts
SPCS/data/audio/009/009_Female_26_346.wav,ke mang fiance ya gago
SPCS/data/audio/016/016_Female_21_273.wav,ke ngwana o mo sharp
SPCS/data/audio/008/008_Male_23_334.wav,after school
SPCS/data/audio/003/003_Female_27_34.wav,ntlo tše botse tša quality
SPCS/data/audio/005/005_Male_26_50.wav,wa mohuta wa tic
SPCS/data/audio/012/012_Female_20_242.wav,o robile record
SPCS/data/audio/009/009_Female_26_190.wav,hundred and seven for two
SPCS/data/audio/006/006_Male_23_280.wav,le child support grant
SPCS/data/audio/001/001_Female_23_400.wav,mošomo wa bankeng
SPCS/data/audio/017/017_Male_22_383.wav,ka landline
SPCS/data/audio/006/006_Male_23_806.wav,ba na le di disability
SPCS/data/audio/002/002_Male_24_824.wav,gore motho a qualifaele
SPCS/data/audio/011/011_Female_21_280.wav,lane e tee e tšwaletše
SPCS/data/audio/005/005_Male_26_84.wav,companying a tee
SPCS/data/audio/011/011_Female_21_67.wav,gore a ka se afforde
SPCS/data/audio/008/008_Male_23_124.wav,nna ka nkreya mo address
SPCS/data/audio/010/010_Male_22_60.wav,kare ke fashion ye nngwe
SPCS/data/audio/002/002_Male_24_535.wav,fokotša koketšo ya di gas
SPCS/data/audio/002/002_Male_24_128.wav,and few ke ka kerekeng
SPCS/data/audio/018/018_Male_21_391.wav,gore a ka se afforde
SPCS/data/audio/013/013_Male_27_404.wav,ge motho a dira abortion
SPCS/data/audio/001/001_Female_23_478.wav,banka ya gona
SPCS/data/audio/020/020_Male_20_440.wav,gagwe o be a graduata
SPCS/data/audio/007/007_Male_23_153.wav,industeri ya di filimi ka
SPCS/data/audio/013/013_Male_27_465.wav,go lokišwa tsela ko Nigel
SPCS/data/audio/002/002_Male_24_35.wav,di municipality tša rena
SPCS/data/audio/008/008_Male_23_384.wav,a tlo dira shopping
SPCS/data/audio/016/016_Female_21_62.wav,di jeresi tše di botse
SPCS/data/audio/020/020_Male_20_191.wav,le confusion ya di date
SPCS/data/audio/013/013_Male_27_213.wav,la tharo december twenty eleven
SPCS/data/audio/013/013_Male_27_491.wav,go hwetša di opportunities
SPCS/data/audio/010/010_Male_22_450.wav,ko sekhukhuni district ya gešu
SPCS/data/audio/007/007_Male_23_237.wav,dollara go ya United Kingdom
SPCS/data/audio/015/015_Female_91_211.wav,swarelwa ka peter mokaba stadium
SPCS/data/audio/007/007_Male_23_644.wav,khomišene ya bo setšhaba ya
SPCS/data/audio/002/002_Male_24_875.wav,a festival with a purpose
SPCS/data/audio/006/006_Male_23_236.wav,o sa le a stuckile
SPCS/data/audio/006/006_Male_23_761.wav,go registara
SPCS/data/audio/010/010_Male_22_263.wav,go tla interview
SPCS/data/audio/006/006_Male_23_688.wav,tankana tše pedi
SPCS/data/audio/007/007_Male_23_394.wav,re e bone talente
SPCS/data/audio/016/016_Female_21_554.wav,ba ba golang kua bankeng
SPCS/data/audio/016/016_Female_21_293.wav,wa nyaka spinach
SPCS/data/audio/007/007_Male_23_75.wav,tšona di skills
SPCS/data/audio/014/014_Male_25_410.wav,updata nna ke a commenta
SPCS/data/audio/013/013_Male_27_419.wav,tša melao ya di traffic
SPCS/data/audio/011/011_Female_21_110.wav,di municipality tša rena
SPCS/data/audio/018/018_Male_21_28.wav,le di community radio stations
SPCS/data/audio/012/012_Female_20_360.wav,a ka go tsebang personally
SPCS/data/audio/017/017_Male_22_389.wav,di exhibitors di tlile
SPCS/data/audio/007/007_Male_23_695.wav,learnership ye tsamaya tsamaya bjang
SPCS/data/audio/011/011_Female_21_315.wav,le ngwana wa eleven years
SPCS/data/audio/009/009_Female_26_32.wav,bowa gae ka di medal
SPCS/data/audio/016/016_Female_21_568.wav,o ya conferenceng
SPCS/data/audio/018/018_Male_21_79.wav,gopola gore facebook ya rena
SPCS/data/audio/007/007_Male_23_134.wav,ke lekola file ya gago
SPCS/data/audio/018/018_Male_21_457.wav,lokiša hundred and twenty rand
SPCS/data/audio/014/014_Male_25_170.wav,go bopa furnitura
SPCS/data/audio/004/004_Female_17_227.wav,ba go nyaka di kontraka
SPCS/data/audio/012/012_Female_20_332.wav,presidente ya league ya baswa
SPCS/data/audio/006/006_Male_23_249.wav,diswantšho tša cctv
SPCS/data/audio/015/015_Female_91_577.wav,ya gore daddy wa lwala
SPCS/data/audio/002/002_Male_24_237.wav,especially young people
SPCS/data/audio/020/020_Male_20_429.wav,hundred and seven for two
SPCS/data/audio/015/015_Female_91_260.wav,molao tšeo di tsenetšego conference
SPCS/data/audio/010/010_Male_22_137.wav,lenaneo la outreach
SPCS/data/audio/003/003_Female_27_195.wav,di pamphlets tša festival ye
SPCS/data/audio/010/010_Male_22_625.wav,tša melao ya di traffic
SPCS/data/audio/018/018_Male_21_320.wav,of real gospel music
SPCS/data/audio/015/015_Female_91_326.wav,projeke ya setšhaba
SPCS/data/audio/003/003_Female_27_439.wav,go fihla mafelelong a January
SPCS/data/audio/015/015_Female_91_135.wav,home affairs ba tla be
SPCS/data/audio/014/014_Male_25_343.wav,apara di shades tša gago
SPCS/data/audio/012/012_Female_20_156.wav,account ya kua bankeng
SPCS/data/audio/019/019_Male_23_51.wav,di bitšang gore ke infection
SPCS/data/audio/017/017_Male_22_185.wav,steše sa go kala dikoloi
SPCS/data/audio/015/015_Female_91_523.wav,ko di provinsing tše dingwe
SPCS/data/audio/011/011_Female_21_354.wav,rena ba bangwe re sensitive
SPCS/data/audio/020/020_Male_20_214.wav,wa non-automatic
SPCS/data/audio/014/014_Male_25_40.wav,ba ntšhitše di bus
SPCS/data/audio/002/002_Male_24_843.wav,wa porega bjang
SPCS/data/audio/003/003_Female_27_337.wav,ke lekola file ya gago
SPCS/data/audio/007/007_Male_23_531.wav,di municipality tša rena
SPCS/data/audio/020/020_Male_20_428.wav,papadi e le ya crickete
SPCS/data/audio/019/019_Male_23_328.wav,di exhibition tše tša lena
SPCS/data/audio/011/011_Female_21_226.wav,raloka televišeneng
SPCS/data/audio/007/007_Male_23_283.wav,baswa ba tšwile pateng
SPCS/data/audio/017/017_Male_22_180.wav,mehla ge o tlaleletša airtime
SPCS/data/audio/006/006_Male_23_789.wav,di jeresi tše di botse
SPCS/data/audio/006/006_Male_23_506.wav,updata status ga ba commente
SPCS/data/audio/013/013_Male_27_396.wav,of those days
SPCS/data/audio/009/009_Female_26_140.wav,ikopanye le mokhanselara
SPCS/data/audio/019/019_Male_23_144.wav,papadi e le ya crickete
SPCS/data/audio/009/009_Female_26_237.wav,recharga ka MTN easy
SPCS/data/audio/002/002_Male_24_456.wav,ka raloka polo
SPCS/data/audio/020/020_Male_20_524.wav,le ngwana wa eleven years
SPCS/data/audio/016/016_Female_21_465.wav,ditaba tša dipapadi tša swimming
SPCS/data/audio/018/018_Male_21_235.wav,e le go mo blocka
SPCS/data/audio/001/001_Female_23_565.wav,nyakago di tickets tša festival
SPCS/data/audio/007/007_Male_23_441.wav,di pamphlets tša festival ye
SPCS/data/audio/020/020_Male_20_508.wav,ba ile festivaleng
SPCS/data/audio/018/018_Male_21_75.wav,there is better way
SPCS/data/audio/020/020_Male_20_470.wav,yellow pepper e tee
SPCS/data/audio/018/018_Male_21_143.wav,bitšwa University of the North
SPCS/data/audio/013/013_Male_27_242.wav,basadi ba nale yona pressure
SPCS/data/audio/009/009_Female_26_196.wav,ekile ya ba di drama
SPCS/data/audio/010/010_Male_22_342.wav,colleges le di universities tša
SPCS/data/audio/003/003_Female_27_49.wav,ba hlwela television
SPCS/data/audio/019/019_Male_23_206.wav,traffic lights ga di bereke
SPCS/data/audio/013/013_Male_27_263.wav,go papadi ya netball
SPCS/data/audio/011/011_Female_21_144.wav,wa two thousand and nine
SPCS/data/audio/009/009_Female_26_171.wav,there is better way
SPCS/data/audio/007/007_Male_23_588.wav,taba tše tša histori
SPCS/data/audio/002/002_Male_24_931.wav,fifteen thousand runs
SPCS/data/audio/006/006_Male_23_456.wav,the head of department
SPCS/data/audio/012/012_Female_20_382.wav,dithuto tša gagwe tša optometry
SPCS/data/audio/008/008_Male_23_62.wav,bangwe ga ba na timing
SPCS/data/audio/001/001_Female_23_586.wav,ka dilo tša material
SPCS/data/audio/006/006_Male_23_379.wav,team ya gagwe ya go
SPCS/data/audio/017/017_Male_22_447.wav,nna ke a porega
SPCS/data/audio/006/006_Male_23_394.wav,graduation ya ngwana wa gagwe
SPCS/data/audio/011/011_Female_21_499.wav,go feta eight million rand
SPCS/data/audio/017/017_Male_22_476.wav,presidente ya league ya baswa
SPCS/data/audio/014/014_Male_25_426.wav,gore o ngwala di posts
SPCS/data/audio/016/016_Female_21_233.wav,pele o ka tlotša polish
SPCS/data/audio/007/007_Male_23_463.wav,ke go ya khaunthareng
SPCS/data/audio/004/004_Female_17_503.wav,le child support grant
SPCS/data/audio/009/009_Female_26_80.wav,mathata a di grant
SPCS/data/audio/018/018_Male_21_10.wav,ba re romele di form
SPCS/data/audio/006/006_Male_23_727.wav,basadi ba nale yona pressure
SPCS/data/audio/012/012_Female_20_529.wav,motsotso wo wa go šaena
SPCS/data/audio/016/016_Female_21_380.wav,ba ntšhitše di bus
SPCS/data/audio/007/007_Male_23_741.wav,leina la projeke ya setšhaba
SPCS/data/audio/003/003_Female_27_449.wav,tsamaya ka di public transport
SPCS/data/audio/009/009_Female_26_498.wav,go registara
SPCS/data/audio/019/019_Male_23_492.wav,e be di official residents
SPCS/data/audio/002/002_Male_24_855.wav,wa two thousand and nine
SPCS/data/audio/006/006_Male_23_1002.wav,retshwenya ke di drugs
SPCS/data/audio/018/018_Male_21_342.wav,re leba ka studio six
SPCS/data/audio/014/014_Male_25_512.wav,swere di kontraka tša mengwaga
SPCS/data/audio/020/020_Male_20_260.wav,tsamaišana le body ya gage
SPCS/data/audio/009/009_Female_26_58.wav,kgona go ka ba corruptable
SPCS/data/audio/010/010_Male_22_56.wav,facer bjang girlfriend ya gagwe
SPCS/data/audio/013/013_Male_27_88.wav,wa di griller go fihlela
SPCS/data/audio/009/009_Female_26_464.wav,basadi ba nale yona pressure
SPCS/data/audio/016/016_Female_21_162.wav,ge motho a dira abortion
SPCS/data/audio/018/018_Male_21_463.wav,doctor re a le amogela
SPCS/data/audio/017/017_Male_22_470.wav,ka se tlo confront motho
SPCS/data/audio/010/010_Male_22_521.wav,o hwetše code ya moswananoši
SPCS/data/audio/018/018_Male_21_282.wav,tše ka moka tša art
SPCS/data/audio/019/019_Male_23_187.wav,verse seventeen
SPCS/data/audio/012/012_Female_20_348.wav,o ileng wa mo blocka
SPCS/data/audio/007/007_Male_23_200.wav,hlaelelo ya diesel ya sulphur
SPCS/data/audio/017/017_Male_22_165.wav,la tharo december twenty eleven
SPCS/data/audio/007/007_Male_23_216.wav,ke goletše mo lekeišeneng
SPCS/data/audio/002/002_Male_24_921.wav,suggestion ya ka
SPCS/data/audio/005/005_Male_26_394.wav,sona ka accounteng ya banka
SPCS/data/audio/006/006_Male_23_805.wav,le go head of department
SPCS/data/audio/006/006_Male_23_509.wav,nna ke blockile mogwera
SPCS/data/audio/007/007_Male_23_366.wav,re beakantše ya agriculture
SPCS/data/audio/016/016_Female_21_166.wav,suggestion ya ka
SPCS/data/audio/002/002_Male_24_298.wav,di robot ga di šome
SPCS/data/audio/008/008_Male_23_421.wav,recharga ka MTN easy
SPCS/data/audio/001/001_Female_23_350.wav,ntšhitše di sprinter tše two
SPCS/data/audio/017/017_Male_22_424.wav,tsamaya ka di public transport
SPCS/data/audio/001/001_Female_23_481.wav,lekala la banka
SPCS/data/audio/019/019_Male_23_338.wav,training academy ya di art
SPCS/data/audio/015/015_Female_91_25.wav,there is better way
SPCS/data/audio/002/002_Male_24_404.wav,kare ke fashion ye nngwe
SPCS/data/audio/006/006_Male_23_650.wav,university of johannesburg
SPCS/data/audio/015/015_Female_91_479.wav,bible e bolela bjalo
SPCS/data/audio/018/018_Male_21_443.wav,go accessa ditirelo tša rena
SPCS/data/audio/001/001_Female_23_490.wav,attendance e thomile e le
SPCS/data/audio/020/020_Male_20_519.wav,baswa ba tšwile pateng
SPCS/data/audio/009/009_Female_26_367.wav,bangwe ba kgona tša tourism
SPCS/data/audio/020/020_Male_20_33.wav,betha di pillar ka matlapa
SPCS/data/audio/002/002_Male_24_370.wav,of real gospel music
SPCS/data/audio/015/015_Female_91_472.wav,of those days
SPCS/data/audio/016/016_Female_21_182.wav,goba soapie goba sitcom
SPCS/data/audio/010/010_Male_22_615.wav,go buša order
SPCS/data/audio/008/008_Male_23_348.wav,angle ka moka ga tšona
SPCS/data/audio/013/013_Male_27_133.wav,di ranta tša go feta
SPCS/data/audio/002/002_Male_24_693.wav,date yela ke di nineteen
SPCS/data/audio/007/007_Male_23_713.wav,o auditione mo districting engwe
SPCS/data/audio/015/015_Female_91_605.wav,ke bona on daily basis
SPCS/data/audio/010/010_Male_22_535.wav,a dira loan e tee
SPCS/data/audio/006/006_Male_23_360.wav,set my record straight
SPCS/data/audio/020/020_Male_20_406.wav,set my record straight
SPCS/data/audio/005/005_Male_26_61.wav,go leka go impressa basadi
SPCS/data/audio/007/007_Male_23_738.wav,o romele tšhelete ya administration
SPCS/data/audio/002/002_Male_24_600.wav,wa nyaka salad dressing
SPCS/data/audio/018/018_Male_21_32.wav,ka thulwa ke taxi
SPCS/data/audio/003/003_Female_27_519.wav,updata status ga ba commente
SPCS/data/audio/002/002_Male_24_640.wav,sona ka accounteng ya banka
SPCS/data/audio/004/004_Female_17_592.wav,gopola gore facebook ya rena
SPCS/data/audio/006/006_Male_23_404.wav,gore di form tše re
SPCS/data/audio/001/001_Female_23_172.wav,ge re ema traffic circleng
SPCS/data/audio/015/015_Female_91_96.wav,University ya limpopo ya baithuti
SPCS/data/audio/008/008_Male_23_372.wav,ba mo knockile
SPCS/data/audio/002/002_Male_24_297.wav,lane ya letsogo la goja
SPCS/data/audio/002/002_Male_24_261.wav,wa nyaka di mushrooms
SPCS/data/audio/003/003_Female_27_55.wav,o hlokagetše fleteng ya gage
SPCS/data/audio/013/013_Male_27_317.wav,go accessa ditirelo tša rena
SPCS/data/audio/017/017_Male_22_36.wav,e segella ka di cubes
SPCS/data/audio/012/012_Female_20_10.wav,wa non-automatic
SPCS/data/audio/002/002_Male_24_593.wav,gona ka mo stadium sa
SPCS/data/audio/009/009_Female_26_483.wav,go dipapadi tša crickete
SPCS/data/audio/001/001_Female_23_555.wav,di company tša afrika borwa
SPCS/data/audio/016/016_Female_21_176.wav,fifteen thousand runs
SPCS/data/audio/006/006_Male_23_980.wav,nna ke a porega
SPCS/data/audio/005/005_Male_26_430.wav,tsamaya nako ya two years
SPCS/data/audio/002/002_Male_24_103.wav,kgona go isupporta
SPCS/data/audio/011/011_Female_21_232.wav,ka landline
SPCS/data/audio/010/010_Male_22_332.wav,ya gore daddy wa lwala
SPCS/data/audio/002/002_Male_24_67.wav,wo ka di nine
SPCS/data/audio/007/007_Male_23_350.wav,sona ka accounteng ya banka
SPCS/data/audio/017/017_Male_22_362.wav,di contributa go downfall ya
SPCS/data/audio/001/001_Female_23_574.wav,ba tšea ke camera
SPCS/data/audio/003/003_Female_27_14.wav,ba go nyaka di kontraka
SPCS/data/audio/019/019_Male_23_414.wav,basadi ba nale pressure
SPCS/data/audio/017/017_Male_22_124.wav,tšeo di transportilego batho
SPCS/data/audio/015/015_Female_91_343.wav,level e tee ya salary
SPCS/data/audio/003/003_Female_27_223.wav,goba di parkeng
SPCS/data/audio/006/006_Male_23_783.wav,hundred and seventy thousand
SPCS/data/audio/010/010_Male_22_381.wav,a bona profile ya ka
SPCS/data/audio/005/005_Male_26_166.wav,account ya kua bankeng
SPCS/data/audio/012/012_Female_20_513.wav,dira kgopelo ya loan
SPCS/data/audio/016/016_Female_21_515.wav,di municipality tša rena
SPCS/data/audio/005/005_Male_26_178.wav,ke lekola file ya gago
SPCS/data/audio/014/014_Male_25_161.wav,e tšhaba tšhaba mo networkeng
SPCS/data/audio/015/015_Female_91_427.wav,le di community radio stations
SPCS/data/audio/015/015_Female_91_138.wav,colleges le di universities tša
SPCS/data/audio/020/020_Male_20_159.wav,tsenela dikgwebo tša construction
SPCS/data/audio/010/010_Male_22_457.wav,mec wa sports and culture
SPCS/data/audio/019/019_Male_23_330.wav,mantlo a fifteen thousand
SPCS/data/audio/004/004_Female_17_559.wav,le ge democracy e kokota
SPCS/data/audio/009/009_Female_26_364.wav,le di challenge tše kgolo
SPCS/data/audio/018/018_Male_21_126.wav,ntšhitše di sprinter tše two
SPCS/data/audio/004/004_Female_17_26.wav,kgona go ka ba corruptable
SPCS/data/audio/013/013_Male_27_331.wav,lokiša hundred and twenty rand
SPCS/data/audio/004/004_Female_17_476.wav,nkgahlilego kudu ke ya corruption
SPCS/data/audio/015/015_Female_91_167.wav,o ileng wa mo blocka
SPCS/data/audio/006/006_Male_23_63.wav,nna ke blockile batho
SPCS/data/audio/006/006_Male_23_363.wav,go bolela le bona gore
SPCS/data/audio/016/016_Female_21_579.wav,province e tsamaiše
SPCS/data/audio/014/014_Male_25_245.wav,filimi tša metsotso ye masomepedi
SPCS/data/audio/005/005_Male_26_451.wav,molao tšeo di tsenetšego conference
SPCS/data/audio/010/010_Male_22_32.wav,bobedi ke wola wa semi-automatic
SPCS/data/audio/013/013_Male_27_369.wav,le ge democracy e kokota
SPCS/data/audio/010/010_Male_22_588.wav,di municipality tša rena
SPCS/data/audio/014/014_Male_25_457.wav,di tlileng go tlo exhibita
SPCS/data/audio/013/013_Male_27_66.wav,ke ngwana o mo sharp
SPCS/data/audio/020/020_Male_20_87.wav,presidente ya league ya baswa
SPCS/data/audio/006/006_Male_23_878.wav,some how ka mogau
SPCS/data/audio/003/003_Female_27_47.wav,ba sepela ka group
SPCS/data/audio/004/004_Female_17_594.wav,ge motho a dira abortion
SPCS/data/audio/018/018_Male_21_153.wav,apara di shades tša gago
SPCS/data/audio/019/019_Male_23_182.wav,hweditše di report tše botse
SPCS/data/audio/017/017_Male_22_448.wav,ka morago ga twelve months
SPCS/data/audio/013/013_Male_27_9.wav,yellow pepper e tee
SPCS/data/audio/016/016_Female_21_8.wav,projeke ya setšhaba
SPCS/data/audio/012/012_Female_20_212.wav,ge motho a dira abortion
SPCS/data/audio/003/003_Female_27_60.wav,o nyaka butternut e tee
SPCS/data/audio/012/012_Female_20_293.wav,bakgopedi ba di tendera
SPCS/data/audio/013/013_Male_27_78.wav,o hlokagetše fleteng ya gage
SPCS/data/audio/013/013_Male_27_335.wav,go šomišana le di stakeholders
SPCS/data/audio/015/015_Female_91_631.wav,hlaelelo ya diesel ya sulphur
SPCS/data/audio/017/017_Male_22_113.wav,training academy ya di art
SPCS/data/audio/018/018_Male_21_309.wav,as long as e le
SPCS/data/audio/007/007_Male_23_301.wav,o hlokagetše fleteng ya gage
SPCS/data/audio/010/010_Male_22_297.wav,bitšwa University of the North
SPCS/data/audio/015/015_Female_91_633.wav,gagwe o be a graduata
SPCS/data/audio/017/017_Male_22_213.wav,go dipapadi tša crickete
SPCS/data/audio/014/014_Male_25_173.wav,lenaneo la outreach
SPCS/data/audio/014/014_Male_25_286.wav,tša melao ya di traffic
SPCS/data/audio/018/018_Male_21_363.wav,basadi ba nale pressure
SPCS/data/audio/012/012_Female_20_621.wav,ka thulwa ke taxi
SPCS/data/audio/006/006_Male_23_833.wav,account ya kua bankeng
SPCS/data/audio/015/015_Female_91_369.wav,phone ya ka e be
SPCS/data/audio/006/006_Male_23_479.wav,ke ngwana o mo sharp
SPCS/data/audio/011/011_Female_21_193.wav,ka raloka polo
SPCS/data/audio/012/012_Female_20_527.wav,ka gare ga traffic circle
SPCS/data/audio/020/020_Male_20_319.wav,mathata a di grant
SPCS/data/audio/006/006_Male_23_653.wav,nkreya le mo facebook page
SPCS/data/audio/019/019_Male_23_453.wav,go registara
SPCS/data/audio/010/010_Male_22_352.wav,ba hlwela television
SPCS/data/audio/003/003_Female_27_245.wav,a tšea di crate
SPCS/data/audio/001/001_Female_23_119.wav,di pamphlets tša festival ye
SPCS/data/audio/010/010_Male_22_345.wav,le ngwana wa eleven years
SPCS/data/audio/005/005_Male_26_441.wav,gammogo le quantum ye one
SPCS/data/audio/018/018_Male_21_415.wav,go rakwa partying
SPCS/data/audio/002/002_Male_24_601.wav,wa di griller go fihlela
SPCS/data/audio/009/009_Female_26_194.wav,forty four thousand
SPCS/data/audio/010/010_Male_22_484.wav,o tlo tlotša polish
SPCS/data/audio/006/006_Male_23_992.wav,go nale di diagnostic indicators
SPCS/data/audio/017/017_Male_22_395.wav,le le recodilwego
SPCS/data/audio/009/009_Female_26_144.wav,e be agency fela
SPCS/data/audio/009/009_Female_26_82.wav,ba home affairs
SPCS/data/audio/016/016_Female_21_509.wav,goba yona art
SPCS/data/audio/006/006_Male_23_125.wav,ke nale shopo ya ka
SPCS/data/audio/018/018_Male_21_383.wav,hundred and fifty rand fela
SPCS/data/audio/003/003_Female_27_420.wav,le le recodilwego
SPCS/data/audio/014/014_Male_25_525.wav,tšwa go album ya majakathata
SPCS/data/audio/008/008_Male_23_276.wav,morutiši ka panga
SPCS/data/audio/017/017_Male_22_305.wav,go tšwa police station
SPCS/data/audio/016/016_Female_21_100.wav,wa two thousand and nine
SPCS/data/audio/020/020_Male_20_102.wav,o tlo ntšha plastic bag
SPCS/data/audio/005/005_Male_26_114.wav,karabo ke roast lamb
SPCS/data/audio/012/012_Female_20_58.wav,projeke ya setšhaba
SPCS/data/audio/017/017_Male_22_240.wav,komišene ya bosetšhaba
SPCS/data/audio/002/002_Male_24_801.wav,komišene ya bosetšhaba
SPCS/data/audio/002/002_Male_24_351.wav,for go transporta baswa ba
SPCS/data/audio/015/015_Female_91_95.wav,ditaba ka Standford Matlou
SPCS/data/audio/002/002_Male_24_37.wav,go accessa di services tša
SPCS/data/audio/014/014_Male_25_14.wav,tsenela dikgwebo tša construction
SPCS/data/audio/002/002_Male_24_558.wav,di wheelchair di tletše gohle
SPCS/data/audio/010/010_Male_22_127.wav,karabo ke roast lamb
SPCS/data/audio/004/004_Female_17_346.wav,tše ka moka tša art
SPCS/data/audio/015/015_Female_91_582.wav,ntlo tše botse tša quality
SPCS/data/audio/014/014_Male_25_376.wav,baswa ba tšwile pateng
SPCS/data/audio/002/002_Male_24_738.wav,facer bjang girlfriend ya gagwe
SPCS/data/audio/002/002_Male_24_239.wav,o changile maphelo a bona
SPCS/data/audio/003/003_Female_27_235.wav,ditaba tša dipapadi tša swimming
SPCS/data/audio/010/010_Male_22_656.wav,di results le se meetseng
SPCS/data/audio/015/015_Female_91_125.wav,ba ile festivaleng
SPCS/data/audio/005/005_Male_26_345.wav,o hlokagetše fleteng ya gage
SPCS/data/audio/013/013_Male_27_386.wav,a ba fa citizen report
SPCS/data/audio/019/019_Male_23_38.wav,go accessa di services tša
SPCS/data/audio/013/013_Male_27_440.wav,fourty seven percent
SPCS/data/audio/009/009_Female_26_309.wav,wa nyaka salad dressing
SPCS/data/audio/005/005_Male_26_473.wav,a mo hlasela ka panga
SPCS/data/audio/014/014_Male_25_82.wav,nyakago di tickets tša festival
SPCS/data/audio/020/020_Male_20_48.wav,bakgopedi ba di tendera
SPCS/data/audio/001/001_Female_23_619.wav,a dira loan e tee
SPCS/data/audio/003/003_Female_27_354.wav,after school
SPCS/data/audio/014/014_Male_25_488.wav,tšeo di transportilego batho
SPCS/data/audio/015/015_Female_91_408.wav,swanetše go tsošološa di grants
SPCS/data/audio/015/015_Female_91_338.wav,mo kapteni wa sehlopa
SPCS/data/audio/002/002_Male_24_454.wav,go nale diagnostic indicators
SPCS/data/audio/017/017_Male_22_510.wav,e le go mo blocka
SPCS/data/audio/012/012_Female_20_339.wav,o tlo nyaka green pepper
SPCS/data/audio/005/005_Male_26_205.wav,ba grade twelve learners
SPCS/data/audio/018/018_Male_21_76.wav,who are leading the right
SPCS/data/audio/018/018_Male_21_330.wav,o tlo tlotša polish
SPCS/data/audio/017/017_Male_22_518.wav,brithani
SPCS/data/audio/003/003_Female_27_454.wav,ke fashion ya go tsenelela
SPCS/data/audio/015/015_Female_91_374.wav,hundred and seventy thousand
SPCS/data/audio/007/007_Male_23_708.wav,mec wa sports and culture
SPCS/data/audio/006/006_Male_23_401.wav,eighteen minutes to four
SPCS/data/audio/017/017_Male_22_156.wav,o tlo tlotša polish
SPCS/data/audio/001/001_Female_23_47.wav,mabapi le di exhibition
SPCS/data/audio/003/003_Female_27_403.wav,hlaelelo ya diesel ya sulphur
SPCS/data/audio/012/012_Female_20_413.wav,tše ka moka tša art
SPCS/data/audio/007/007_Male_23_791.wav,University ya limpopo ya baithuti
SPCS/data/audio/006/006_Male_23_749.wav,gona fa tournamenteng ye
SPCS/data/audio/008/008_Male_23_420.wav,dollara go ya United Kingdom
SPCS/data/audio/020/020_Male_20_347.wav,go šomišana le di stakeholders
SPCS/data/audio/016/016_Female_21_570.wav,e lego planete
SPCS/data/audio/005/005_Male_26_151.wav,ba re romele di form
SPCS/data/audio/006/006_Male_23_567.wav,ke nale shopo ya ka
SPCS/data/audio/004/004_Female_17_45.wav,di jeresi tše di botse
SPCS/data/audio/002/002_Male_24_25.wav,hundred and seventy thousand
SPCS/data/audio/017/017_Male_22_239.wav,a bolailwego ka panga
SPCS/data/audio/008/008_Male_23_113.wav,tše ka moka tša art
SPCS/data/audio/007/007_Male_23_674.wav,re beakantše ya agriculture
SPCS/data/audio/014/014_Male_25_180.wav,le child support grant
SPCS/data/audio/013/013_Male_27_17.wav,bitšwa University of the North
SPCS/data/audio/011/011_Female_21_308.wav,go nale di diagnostic indicators
SPCS/data/audio/004/004_Female_17_333.wav,re beakantše ya agriculture
SPCS/data/audio/009/009_Female_26_378.wav,tše ka moka tša art
SPCS/data/audio/006/006_Male_23_454.wav,re kwešiša condition ya bona
SPCS/data/audio/013/013_Male_27_310.wav,go accessa di services tša
SPCS/data/audio/002/002_Male_24_63.wav,hwetša di address tša batho
SPCS/data/audio/002/002_Male_24_485.wav,forty four thousand
SPCS/data/audio/002/002_Male_24_236.wav,baswa ba tšwile pateng
SPCS/data/audio/008/008_Male_23_163.wav,a mo hlasela ka panga
SPCS/data/audio/013/013_Male_27_336.wav,hwetša di address tša batho
SPCS/data/audio/016/016_Female_21_573.wav,holong ya masepala
SPCS/data/audio/001/001_Female_23_123.wav,direga eng mo operation repo
SPCS/data/audio/014/014_Male_25_183.wav,di ofisi tša rena magaeng
SPCS/data/audio/006/006_Male_23_521.wav,ge a dulela go commenta
SPCS/data/audio/009/009_Female_26_134.wav,o ya conferenceng
SPCS/data/audio/005/005_Male_26_389.wav,di robot ga di šome
SPCS/data/audio/006/006_Male_23_117.wav,mabapi le di exhibition
SPCS/data/audio/020/020_Male_20_364.wav,shopping center tše di kgolwane
SPCS/data/audio/002/002_Male_24_51.wav,ba sepela ka di crutches
SPCS/data/audio/006/006_Male_23_4.wav,re palelwa ke go copa
SPCS/data/audio/017/017_Male_22_99.wav,tsenela dikgwebo tša construction
SPCS/data/audio/017/017_Male_22_498.wav,ga ba fetole my comments
SPCS/data/audio/002/002_Male_24_266.wav,o tlo ntšha plastic bag
SPCS/data/audio/012/012_Female_20_525.wav,a tšea di crate
SPCS/data/audio/008/008_Male_23_367.wav,di contributa go downfall ya
SPCS/data/audio/009/009_Female_26_44.wav,ge re ema traffic circleng
SPCS/data/audio/017/017_Male_22_278.wav,re kwešiša position ya bona
SPCS/data/audio/016/016_Female_21_518.wav,gore motho a qualifaele
SPCS/data/audio/002/002_Male_24_516.wav,di polio
SPCS/data/audio/018/018_Male_21_461.wav,go šomišana le di stakeholders
SPCS/data/audio/009/009_Female_26_42.wav,o sa le a stuckile
SPCS/data/audio/003/003_Female_27_362.wav,taba ya di service standard
SPCS/data/audio/006/006_Male_23_410.wav,o mo top hundred
SPCS/data/audio/002/002_Male_24_278.wav,feleletše a invita ga ntši
SPCS/data/audio/012/012_Female_20_394.wav,okay ke a leboga
SPCS/data/audio/004/004_Female_17_74.wav,ba re romele di form
SPCS/data/audio/006/006_Male_23_237.wav,ka gare ga traffic circle
SPCS/data/audio/014/014_Male_25_189.wav,napile professor
SPCS/data/audio/008/008_Male_23_105.wav,maketše ge ba bona response
SPCS/data/audio/014/014_Male_25_205.wav,ba swere economy ya lefase
SPCS/data/audio/003/003_Female_27_199.wav,direga eng mo operation repo
SPCS/data/audio/002/002_Male_24_422.wav,ikaparetše dilo tše di simple
SPCS/data/audio/018/018_Male_21_348.wav,direga eng mo operation repo
SPCS/data/audio/007/007_Male_23_23.wav,go feta eight million rand
SPCS/data/audio/008/008_Male_23_120.wav,tsamaya nako ya two years
SPCS/data/audio/011/011_Female_21_394.wav,be interested go construction fela
SPCS/data/audio/003/003_Female_27_327.wav,di awareness campaign
SPCS/data/audio/002/002_Male_24_210.wav,go roaster nama ya nku
SPCS/data/audio/004/004_Female_17_463.wav,se dira ke go taela
SPCS/data/audio/019/019_Male_23_339.wav,ba di bitšang di learnership
SPCS/data/audio/003/003_Female_27_592.wav,o nyaka thušo ya business
SPCS/data/audio/007/007_Male_23_639.wav,ge a dulela go commenta
SPCS/data/audio/016/016_Female_21_529.wav,napile professor
SPCS/data/audio/018/018_Male_21_4.wav,go kreya di opportunities
SPCS/data/audio/020/020_Male_20_24.wav,I am so scared
SPCS/data/audio/017/017_Male_22_423.wav,fokotša koketšo ya di gas
SPCS/data/audio/003/003_Female_27_107.wav,leina la banka
SPCS/data/audio/010/010_Male_22_463.wav,as long as e le
SPCS/data/audio/003/003_Female_27_565.wav,ga yona ebile slow nyana
SPCS/data/audio/019/019_Male_23_22.wav,e tšhaba tšhaba mo networkeng
SPCS/data/audio/012/012_Female_20_520.wav,go papadi ya netball
SPCS/data/audio/012/012_Female_20_59.wav,ka lefela loan ya gagwe
SPCS/data/audio/014/014_Male_25_309.wav,ke goletše mo lekeišeneng
SPCS/data/audio/001/001_Female_23_202.wav,tšona di skills
SPCS/data/audio/017/017_Male_22_428.wav,apara di shades tša gago
SPCS/data/audio/007/007_Male_23_429.wav,a mo hlasela ka panga
SPCS/data/audio/004/004_Female_17_507.wav,go accessa ditirelo tša rena
SPCS/data/audio/010/010_Male_22_31.wav,motšhene wa go hlahlela ka
SPCS/data/audio/002/002_Male_24_891.wav,filimi tša metsotso ye masomepedi
SPCS/data/audio/018/018_Male_21_346.wav,ya jewa two one
SPCS/data/audio/019/019_Male_23_283.wav,ke a blocka ge motho
SPCS/data/audio/017/017_Male_22_168.wav,re leba ka studio six
SPCS/data/audio/005/005_Male_26_265.wav,ko di provinsing tše dingwe
SPCS/data/audio/015/015_Female_91_442.wav,holong ya masepala
SPCS/data/audio/010/010_Male_22_217.wav,a ba fa citizen report
SPCS/data/audio/015/015_Female_91_476.wav,ke bona on daily basis
SPCS/data/audio/010/010_Male_22_346.wav,ke ngwana o mo sharp
SPCS/data/audio/003/003_Female_27_517.wav,o ileng wa mo blocka
SPCS/data/audio/020/020_Male_20_307.wav,o re hello le kae
SPCS/data/audio/015/015_Female_91_571.wav,nna ke a porega
SPCS/data/audio/017/017_Male_22_368.wav,papadi e le ya crickete
SPCS/data/audio/010/010_Male_22_326.wav,nna ke a porega
SPCS/data/audio/011/011_Female_21_248.wav,ko di provinsing tše dingwe
SPCS/data/audio/011/011_Female_21_192.wav,angle ka moka ga tšona
SPCS/data/audio/018/018_Male_21_447.wav,ba na le di disability
SPCS/data/audio/019/019_Male_23_165.wav,di exhibitors di tlile
SPCS/data/audio/010/010_Male_22_627.wav,forty four thousand
SPCS/data/audio/009/009_Female_26_306.wav,e segella ka di cubes
SPCS/data/audio/002/002_Male_24_337.wav,training academy ya di art
SPCS/data/audio/002/002_Male_24_300.wav,ke mang fiance ya gago
SPCS/data/audio/004/004_Female_17_586.wav,of those days
SPCS/data/audio/019/019_Male_23_444.wav,level e tee ya salary
SPCS/data/audio/010/010_Male_22_528.wav,tsamaišana le body ya gage
SPCS/data/audio/015/015_Female_91_499.wav,ekile ya ba di drama
SPCS/data/audio/004/004_Female_17_118.wav,after school
SPCS/data/audio/013/013_Male_27_203.wav,tankana tše pedi
SPCS/data/audio/001/001_Female_23_328.wav,a tlo dira shopping
SPCS/data/audio/002/002_Male_24_385.wav,tšwa go album ya majakathata
SPCS/data/audio/001/001_Female_23_227.wav,re kwešiša position ya bona
SPCS/data/audio/011/011_Female_21_64.wav,mo kapteni wa sehlopa
SPCS/data/audio/013/013_Male_27_481.wav,nako ya bumper to bumper
SPCS/data/audio/011/011_Female_21_204.wav,bible e bolela bjalo
SPCS/data/audio/016/016_Female_21_545.wav,ba swere economy ya lefase
SPCS/data/audio/020/020_Male_20_297.wav,kgona go ka ba corruptable
SPCS/data/audio/005/005_Male_26_49.wav,ba grade four to seven
SPCS/data/audio/002/002_Male_24_791.wav,go feta maatla a ranta
SPCS/data/audio/003/003_Female_27_521.wav,nna ke blockile morago ga
SPCS/data/audio/016/016_Female_21_427.wav,ya jewa two one
SPCS/data/audio/020/020_Male_20_253.wav,o hwetše code ya moswananoši
SPCS/data/audio/015/015_Female_91_19.wav,ka raloka polo
SPCS/data/audio/003/003_Female_27_357.wav,e na le barcode
SPCS/data/audio/006/006_Male_23_513.wav,a mbora ka nako yeo
SPCS/data/audio/008/008_Male_23_312.wav,ka thulwa ke taxi
SPCS/data/audio/004/004_Female_17_402.wav,e fetang eight million rands
SPCS/data/audio/010/010_Male_22_138.wav,mathata a di grant
SPCS/data/audio/002/002_Male_24_388.wav,e fetang eight million rands
SPCS/data/audio/014/014_Male_25_131.wav,gona fa tournamenteng ye
SPCS/data/audio/004/004_Female_17_487.wav,o ithopela two thousand rand
SPCS/data/audio/010/010_Male_22_414.wav,mabapi le construction exhibition
SPCS/data/audio/007/007_Male_23_91.wav,go accessa ditirelo tša rena
SPCS/data/audio/011/011_Female_21_29.wav,o nthomela please call me
SPCS/data/audio/020/020_Male_20_271.wav,bowa gae ka di medal
SPCS/data/audio/015/015_Female_91_360.wav,go na le category enngwe
SPCS/data/audio/005/005_Male_26_116.wav,hundred and seventy thousand
SPCS/data/audio/006/006_Male_23_784.wav,e tsebagaditše di projeke
SPCS/data/audio/007/007_Male_23_661.wav,leina la banka
SPCS/data/audio/016/016_Female_21_142.wav,di principles tša batho pele
SPCS/data/audio/014/014_Male_25_518.wav,wa non-automatic
SPCS/data/audio/006/006_Male_23_501.wav,wa di griller go fihlela
SPCS/data/audio/017/017_Male_22_16.wav,baswa leading the right life
SPCS/data/audio/015/015_Female_91_306.wav,barutiši ba sekolo sa primary
SPCS/data/audio/003/003_Female_27_68.wav,o ileng wa mo blocka
SPCS/data/audio/002/002_Male_24_533.wav,University ya limpopo ya baithuti
SPCS/data/audio/005/005_Male_26_435.wav,nkreya le mo facebook page
SPCS/data/audio/005/005_Male_26_48.wav,barutiši ba sekolo sa primary
SPCS/data/audio/008/008_Male_23_37.wav,gona ka mo stadium sa
SPCS/data/audio/018/018_Male_21_96.wav,tša melao ya di traffic
SPCS/data/audio/020/020_Male_20_95.wav,o nyaka butternut e tee
SPCS/data/audio/010/010_Male_22_417.wav,okay ke a leboga
SPCS/data/audio/016/016_Female_21_218.wav,festival ya kgoparara ya thobelaFM
SPCS/data/audio/011/011_Female_21_220.wav,tša melao ya di traffic
SPCS/data/audio/015/015_Female_91_324.wav,tsamaišana le body ya gage
SPCS/data/audio/001/001_Female_23_336.wav,ke blockile celebrities
SPCS/data/audio/002/002_Male_24_116.wav,la national planning commission
SPCS/data/audio/002/002_Male_24_804.wav,the best you can do
SPCS/data/audio/019/019_Male_23_323.wav,mabapi le di exhibition
SPCS/data/audio/010/010_Male_22_76.wav,mafelo a go socialisa
SPCS/data/audio/009/009_Female_26_17.wav,banna ba na le pressure
SPCS/data/audio/020/020_Male_20_511.wav,ya gore daddy wa lwala
SPCS/data/audio/011/011_Female_21_303.wav,jealous ke bolwetši
SPCS/data/audio/020/020_Male_20_185.wav,ba ntšhitše di bus
SPCS/data/audio/007/007_Male_23_35.wav,go dipapadi tša crickete
SPCS/data/audio/004/004_Female_17_82.wav,ka twenty fifteen
SPCS/data/audio/002/002_Male_24_836.wav,di bitšang gore ke infection
SPCS/data/audio/006/006_Male_23_112.wav,di tlileng go tlo exhibita
SPCS/data/audio/004/004_Female_17_51.wav,go accessa di services tša
SPCS/data/audio/010/010_Male_22_549.wav,o sa le a stuckile
SPCS/data/audio/007/007_Male_23_141.wav,ikopanye le mokhanselara
SPCS/data/audio/016/016_Female_21_580.wav,ke yona disability
SPCS/data/audio/002/002_Male_24_712.wav,pakaneng ya omo auto
SPCS/data/audio/001/001_Female_23_155.wav,uniform ya bana ya sekolo
SPCS/data/audio/005/005_Male_26_322.wav,kgopelo ya bail
SPCS/data/audio/010/010_Male_22_360.wav,gona ka mo stadium sa
SPCS/data/audio/013/013_Male_27_484.wav,di jersey le di tracksuit
SPCS/data/audio/007/007_Male_23_340.wav,brithani
SPCS/data/audio/001/001_Female_23_341.wav,fourty seven percent
SPCS/data/audio/017/017_Male_22_258.wav,lenaneo la outreach
SPCS/data/audio/010/010_Male_22_307.wav,apara di shades tša gago
SPCS/data/audio/002/002_Male_24_296.wav,gare ga toropo ya johannesburg
SPCS/data/audio/016/016_Female_21_122.wav,mo historing ya rena
SPCS/data/audio/001/001_Female_23_505.wav,ya go rekiša jewellery
SPCS/data/audio/006/006_Male_23_582.wav,business ya ka e kgone
SPCS/data/audio/014/014_Male_25_496.wav,date yela ke di nineteen
SPCS/data/audio/014/014_Male_25_27.wav,e nyenyefatše gore di portrait
SPCS/data/audio/001/001_Female_23_623.wav,bowa gae ka di medal
SPCS/data/audio/001/001_Female_23_197.wav,karabo ke roast lamb
SPCS/data/audio/018/018_Male_21_236.wav,gore o ngwala di posts
SPCS/data/audio/003/003_Female_27_85.wav,ge a dulela go commenta
SPCS/data/audio/004/004_Female_17_422.wav,wa mohuta wa tic
SPCS/data/audio/008/008_Male_23_127.wav,ko sekhukhuni district ya gešu
SPCS/data/audio/020/020_Male_20_308.wav,karabo ke roast lamb
SPCS/data/audio/016/016_Female_21_94.wav,hwetša di address tša batho
SPCS/data/audio/017/017_Male_22_57.wav,bangwe ga ba na timing
SPCS/data/audio/019/019_Male_23_270.wav,updata status ga ba commente
SPCS/data/audio/017/017_Male_22_176.wav,ba tšea ke camera
SPCS/data/audio/018/018_Male_21_92.wav,ba mo knockile
SPCS/data/audio/007/007_Male_23_135.wav,o ya conferenceng
SPCS/data/audio/002/002_Male_24_518.wav,hweditše di report tše botse
SPCS/data/audio/001/001_Female_23_557.wav,o romele tšhelete ya administration
SPCS/data/audio/008/008_Male_23_327.wav,re ka ba le agency
SPCS/data/audio/008/008_Male_23_199.wav,basadi ba nale yona pressure
SPCS/data/audio/020/020_Male_20_359.wav,ba ba golang kua bankeng
SPCS/data/audio/018/018_Male_21_184.wav,go nale di diagnostic indicators
SPCS/data/audio/019/019_Male_23_287.wav,gore o ngwala di posts
SPCS/data/audio/008/008_Male_23_440.wav,go roaster nama ya nku
SPCS/data/audio/008/008_Male_23_44.wav,wa nyaka salad dressing
SPCS/data/audio/003/003_Female_27_366.wav,la national planning commission
SPCS/data/audio/005/005_Male_26_367.wav,a mbora ka nako yeo
SPCS/data/audio/018/018_Male_21_459.wav,ba re romele di form
SPCS/data/audio/007/007_Male_23_125.wav,le di community radio stations
SPCS/data/audio/020/020_Male_20_16.wav,province yengwe le yengwe
SPCS/data/audio/010/010_Male_22_576.wav,karabo ke roast lamb
SPCS/data/audio/004/004_Female_17_531.wav,ka twenty fifteen
SPCS/data/audio/010/010_Male_22_454.wav,gammogo le quantum ye one
SPCS/data/audio/003/003_Female_27_130.wav,mantlo a fifteen thousand
SPCS/data/audio/015/015_Female_91_180.wav,rena ba bangwe re sensitive
SPCS/data/audio/009/009_Female_26_113.wav,wo ka di nine
SPCS/data/audio/015/015_Female_91_564.wav,ka company ya engineering
SPCS/data/audio/005/005_Male_26_98.wav,magistrata wa tikologo gosasa
SPCS/data/audio/010/010_Male_22_459.wav,le confusion ya di date
SPCS/data/audio/009/009_Female_26_396.wav,gammogo le quantum ye one
SPCS/data/audio/019/019_Male_23_435.wav,ditaba tša dipapadi tša swimming
SPCS/data/audio/008/008_Male_23_147.wav,rena re le radio
SPCS/data/audio/003/003_Female_27_54.wav,tšwela pele bjalo ka presidente
SPCS/data/audio/004/004_Female_17_577.wav,ba grade twelve learners
SPCS/data/audio/007/007_Male_23_591.wav,labohlano la di eighteen november
SPCS/data/audio/001/001_Female_23_316.wav,ba mo knockile
SPCS/data/audio/002/002_Male_24_676.wav,tsamaya nako ya two years
SPCS/data/audio/011/011_Female_21_475.wav,facer bjang girlfriend ya gagwe
SPCS/data/audio/019/019_Male_23_9.wav,mokonstable wa maphodisa
SPCS/data/audio/011/011_Female_21_11.wav,tšwa go album ya majakathata
SPCS/data/audio/018/018_Male_21_78.wav,and few ke ka kerekeng
SPCS/data/audio/014/014_Male_25_200.wav,ba re romele di form
SPCS/data/audio/006/006_Male_23_90.wav,mošomo wa psychometric
SPCS/data/audio/008/008_Male_23_159.wav,wa non-automatic
SPCS/data/audio/008/008_Male_23_107.wav,ke bona project ya lena
SPCS/data/audio/009/009_Female_26_442.wav,ya jewa two one
SPCS/data/audio/009/009_Female_26_3.wav,barutiši ba sekolo sa primary
SPCS/data/audio/017/017_Male_22_19.wav,ba di form1 form2
SPCS/data/audio/017/017_Male_22_21.wav,ka se tlo confront motho
SPCS/data/audio/001/001_Female_23_306.wav,a sa tsebe di outcome
SPCS/data/audio/017/017_Male_22_532.wav,lekala la banka
SPCS/data/audio/004/004_Female_17_398.wav,ge o dira follow up
SPCS/data/audio/002/002_Male_24_797.wav,go na le category enngwe
SPCS/data/audio/012/012_Female_20_73.wav,gore a ka se afforde
SPCS/data/audio/013/013_Male_27_67.wav,ba di form1 form2
SPCS/data/audio/016/016_Female_21_210.wav,di polio
SPCS/data/audio/001/001_Female_23_236.wav,go šomišana le di stakeholders
SPCS/data/audio/018/018_Male_21_134.wav,red pepper e tee
SPCS/data/audio/006/006_Male_23_593.wav,ge a dulela go commenta
SPCS/data/audio/014/014_Male_25_56.wav,ticket ke gona e sepela
SPCS/data/audio/007/007_Male_23_669.wav,exhibition e ebile ka mokgo
SPCS/data/audio/002/002_Male_24_941.wav,gagwe o be a graduata
SPCS/data/audio/001/001_Female_23_419.wav,ka se tlo confront motho
SPCS/data/audio/005/005_Male_26_316.wav,ba ile festivaleng
SPCS/data/audio/007/007_Male_23_154.wav,e na le barcode
SPCS/data/audio/006/006_Male_23_392.wav,a tlo dira shopping
SPCS/data/audio/020/020_Male_20_216.wav,o tlo tlotša polish
SPCS/data/audio/002/002_Male_24_288.wav,ka di photo tsa go
SPCS/data/audio/009/009_Female_26_404.wav,o auditione mo districting engwe
SPCS/data/audio/011/011_Female_21_497.wav,ikaparetše dilo tše di simple
SPCS/data/audio/017/017_Male_22_256.wav,di jeresi tše di botse
SPCS/data/audio/017/017_Male_22_471.wav,ba sepela ka group
SPCS/data/audio/014/014_Male_25_499.wav,as long as e le
SPCS/data/audio/015/015_Female_91_552.wav,apara di shades tša gago
SPCS/data/audio/007/007_Male_23_432.wav,tšwa go album ya majakathata
SPCS/data/audio/006/006_Male_23_140.wav,ko sekhukhuni district ya gešu
SPCS/data/audio/006/006_Male_23_45.wav,šomiša di million tse lekgolo
SPCS/data/audio/007/007_Male_23_259.wav,bakgopedi ba di tendera
SPCS/data/audio/011/011_Female_21_157.wav,ke sepela ka sekuta
SPCS/data/audio/010/010_Male_22_569.wav,go rakwa partying
SPCS/data/audio/004/004_Female_17_146.wav,a sa tsebe di outcome
SPCS/data/audio/012/012_Female_20_48.wav,ke go ya khaunthareng
SPCS/data/audio/007/007_Male_23_20.wav,goba di parkeng
SPCS/data/audio/006/006_Male_23_623.wav,exhibition e ebile ka mokgo
SPCS/data/audio/013/013_Male_27_221.wav,ke reality show ya television
SPCS/data/audio/015/015_Female_91_29.wav,gopola gore facebook ya rena
SPCS/data/audio/014/014_Male_25_462.wav,mabapi le di exhibition
SPCS/data/audio/009/009_Female_26_156.wav,mmušo wa rena wa democracy
SPCS/data/audio/012/012_Female_20_75.wav,level e tee ya salary
SPCS/data/audio/018/018_Male_21_87.wav,di contributa go downfall ya
SPCS/data/audio/017/017_Male_22_198.wav,goba di parkeng
SPCS/data/audio/001/001_Female_23_241.wav,wo ka di nine
SPCS/data/audio/007/007_Male_23_87.wav,le child support grant
SPCS/data/audio/019/019_Male_23_279.wav,feleletše a invita ga ntši
SPCS/data/audio/001/001_Female_23_577.wav,o nthomela please call me
SPCS/data/audio/004/004_Female_17_540.wav,di awareness campaign
SPCS/data/audio/017/017_Male_22_511.wav,gore o ngwala di posts
SPCS/data/audio/004/004_Female_17_36.wav,o re hello le kae
SPCS/data/audio/020/020_Male_20_290.wav,go feta maatla a ranta
SPCS/data/audio/002/002_Male_24_726.wav,la tharo december twenty eleven
SPCS/data/audio/007/007_Male_23_295.wav,ba hlwela television
SPCS/data/audio/006/006_Male_23_549.wav,exhibition yela ra go bolela
SPCS/data/audio/002/002_Male_24_863.wav,di awareness campaign
SPCS/data/audio/006/006_Male_23_75.wav,rena ba bangwe re sensitive
SPCS/data/audio/002/002_Male_24_610.wav,ga ba fetole my comments
SPCS/data/audio/008/008_Male_23_58.wav,a bona profile ya ka
SPCS/data/audio/020/020_Male_20_401.wav,la national planning commission
SPCS/data/audio/017/017_Male_22_289.wav,doctor re a le amogela
SPCS/data/audio/004/004_Female_17_514.wav,ba sepela ka di crutches
SPCS/data/audio/012/012_Female_20_340.wav,o nyaka butternut e tee
SPCS/data/audio/003/003_Female_27_607.wav,one twenty fela
SPCS/data/audio/015/015_Female_91_463.wav,ba grade twelve learners
SPCS/data/audio/014/014_Male_25_228.wav,o ya conferenceng
SPCS/data/audio/006/006_Male_23_515.wav,feleletše a invita ga ntši
SPCS/data/audio/011/011_Female_21_115.wav,le child support grant
SPCS/data/audio/014/014_Male_25_67.wav,motšhene wa go hlahlela ka
SPCS/data/audio/007/007_Male_23_183.wav,go buša order
SPCS/data/audio/019/019_Male_23_368.wav,konsarata tša mmino
SPCS/data/audio/018/018_Male_21_177.wav,disturba o sa re wa
SPCS/data/audio/002/002_Male_24_335.wav,e nyenyefatše gore jewellery
SPCS/data/audio/004/004_Female_17_33.wav,lamb or nku
SPCS/data/audio/014/014_Male_25_165.wav,hundred and seventy thousand
SPCS/data/audio/006/006_Male_23_1007.wav,o drainwa mo sepetlele
SPCS/data/audio/020/020_Male_20_348.wav,hwetša di address tša batho
SPCS/data/audio/009/009_Female_26_230.wav,red pepper e tee
SPCS/data/audio/009/009_Female_26_515.wav,phone ya ka e be
SPCS/data/audio/001/001_Female_23_428.wav,o hlokagetše fleteng ya gage
SPCS/data/audio/019/019_Male_23_155.wav,a tlo dira shopping
SPCS/data/audio/003/003_Female_27_541.wav,tona ya kgwebo le indasteri
SPCS/data/audio/006/006_Male_23_73.wav,feleletše a invita ga ntši
SPCS/data/audio/020/020_Male_20_142.wav,leina la banka
SPCS/data/audio/006/006_Male_23_925.wav,fourty seven percent
SPCS/data/audio/015/015_Female_91_658.wav,province yengwe le yengwe
SPCS/data/audio/014/014_Male_25_453.wav,okay ke a leboga
SPCS/data/audio/001/001_Female_23_265.wav,mo historing ya rena
SPCS/data/audio/016/016_Female_21_332.wav,dithuto tša gagwe tša optometry
SPCS/data/audio/001/001_Female_23_35.wav,mabapi le construction exhibition
SPCS/data/audio/011/011_Female_21_47.wav,mafelo a go socialisa
SPCS/data/audio/014/014_Male_25_248.wav,go phatlalala le province
SPCS/data/audio/007/007_Male_23_740.wav,tšwa go album ya majakathata
SPCS/data/audio/010/010_Male_22_567.wav,a bolailwego ka panga
SPCS/data/audio/018/018_Male_21_191.wav,le ngwana wa eleven years
SPCS/data/audio/018/018_Male_21_3.wav,re kwešiša position ya bona
SPCS/data/audio/002/002_Male_24_291.wav,tona ya kgwebo le indasteri
SPCS/data/audio/001/001_Female_23_334.wav,le a re tracer naa
SPCS/data/audio/014/014_Male_25_368.wav,ya gore daddy wa lwala
SPCS/data/audio/018/018_Male_21_293.wav,nna ka nkreya mo address
SPCS/data/audio/015/015_Female_91_562.wav,ba go nyaka di kontraka
SPCS/data/audio/018/018_Male_21_100.wav,ekile ya ba di drama
SPCS/data/audio/015/015_Female_91_467.wav,angle ka moka ga tšona
SPCS/data/audio/018/018_Male_21_201.wav,presidente ya league ya baswa
SPCS/data/audio/013/013_Male_27_211.wav,ka two thousand and eight
SPCS/data/audio/019/019_Male_23_253.wav,ge a ka dira appeal
SPCS/data/audio/014/014_Male_25_232.wav,taba tše tša histori
SPCS/data/audio/009/009_Female_26_256.wav,go roaster nama ya nku
SPCS/data/audio/019/019_Male_23_427.wav,projeke ya setšhaba
SPCS/data/audio/005/005_Male_26_276.wav,yellow pepper e tee
SPCS/data/audio/016/016_Female_21_51.wav,phone ya ka e be
SPCS/data/audio/003/003_Female_27_342.wav,taba tše tša histori
SPCS/data/audio/012/012_Female_20_69.wav,go dipapadi tša crickete
SPCS/data/audio/017/017_Male_22_145.wav,pele a eya di awardeng
SPCS/data/audio/003/003_Female_27_325.wav,account ya kua bankeng
SPCS/data/audio/020/020_Male_20_365.wav,go tšwa police station
SPCS/data/audio/007/007_Male_23_618.wav,wa nyaka salad dressing
SPCS/data/audio/003/003_Female_27_484.wav,go nale di diagnostic indicators
SPCS/data/audio/002/002_Male_24_779.wav,companying a tee
SPCS/data/audio/014/014_Male_25_214.wav,ba ba golang kua bankeng
SPCS/data/audio/008/008_Male_23_193.wav,ka dilo tša material
SPCS/data/audio/017/017_Male_22_5.wav,jealous ke bolwetši
SPCS/data/audio/004/004_Female_17_383.wav,pele a eya di awardeng
SPCS/data/audio/007/007_Male_23_726.wav,ke di temporary workers
SPCS/data/audio/003/003_Female_27_429.wav,di polio
SPCS/data/audio/015/015_Female_91_297.wav,ke reality show ya television
SPCS/data/audio/004/004_Female_17_107.wav,holong ya masepala
SPCS/data/audio/013/013_Male_27_313.wav,le child support grant
SPCS/data/audio/001/001_Female_23_5.wav,rena ba bangwe re sensitive
SPCS/data/audio/010/010_Male_22_339.wav,home affairs ba tla be
SPCS/data/audio/016/016_Female_21_217.wav,verse seventeen
SPCS/data/audio/011/011_Female_21_65.wav,go papadi ya netball
SPCS/data/audio/013/013_Male_27_498.wav,ba ile festivaleng
SPCS/data/audio/015/015_Female_91_140.wav,baswa leading the right life
SPCS/data/audio/010/010_Male_22_653.wav,ko di provinsing tše dingwe
SPCS/data/audio/006/006_Male_23_233.wav,companying a tee
SPCS/data/audio/004/004_Female_17_478.wav,komišene ya bosetšhaba
SPCS/data/audio/013/013_Male_27_437.wav,di exhibitors di tlile
SPCS/data/audio/010/010_Male_22_553.wav,se dira ke go taela
SPCS/data/audio/007/007_Male_23_22.wav,tsamaišana le body ya gage
SPCS/data/audio/009/009_Female_26_355.wav,di ranta tša go feta
SPCS/data/audio/020/020_Male_20_283.wav,ge re ema traffic circleng
SPCS/data/audio/014/014_Male_25_524.wav,ge o dira follow up
SPCS/data/audio/012/012_Female_20_190.wav,go ya united kingdom
SPCS/data/audio/012/012_Female_20_281.wav,bathopa difoka tša di bursary
SPCS/data/audio/002/002_Male_24_226.wav,mošomo wa bankeng
SPCS/data/audio/001/001_Female_23_247.wav,tšeo di nalego information
SPCS/data/audio/008/008_Male_23_233.wav,go registara
SPCS/data/audio/001/001_Female_23_536.wav,ebile ga se wena coach
SPCS/data/audio/006/006_Male_23_282.wav,e be di official residents
SPCS/data/audio/002/002_Male_24_823.wav,go accessa di services tša
SPCS/data/audio/011/011_Female_21_342.wav,nna ke blockile batho
SPCS/data/audio/008/008_Male_23_282.wav,ga ba ba lucky
SPCS/data/audio/013/013_Male_27_195.wav,ke di temporary workers
SPCS/data/audio/011/011_Female_21_376.wav,ba go hwetša degree ye
SPCS/data/audio/015/015_Female_91_62.wav,ke blockile celebrities
SPCS/data/audio/018/018_Male_21_47.wav,re ka ba le agency
SPCS/data/audio/001/001_Female_23_542.wav,category tše nne tša
SPCS/data/audio/017/017_Male_22_27.wav,presidente ya league ya baswa
SPCS/data/audio/004/004_Female_17_99.wav,bowa ka bus ya mathomo
SPCS/data/audio/015/015_Female_91_470.wav,set my record straight
SPCS/data/audio/010/010_Male_22_118.wav,a bolailwego ka panga
SPCS/data/audio/003/003_Female_27_283.wav,lenaneo la outreach
SPCS/data/audio/020/020_Male_20_333.wav,ba na le di disability
SPCS/data/audio/011/011_Female_21_296.wav,nna ke a porega
SPCS/data/audio/004/004_Female_17_491.wav,tšona di skills
SPCS/data/audio/003/003_Female_27_272.wav,o re hello le kae
SPCS/data/audio/001/001_Female_23_295.wav,set my record straight
SPCS/data/audio/010/010_Male_22_481.wav,bobedi ke wola wa semi-automatic
SPCS/data/audio/004/004_Female_17_62.wav,ba na le di disability
SPCS/data/audio/010/010_Male_22_108.wav,ka hwetša twenty percent discount
SPCS/data/audio/010/010_Male_22_171.wav,wo ka di nine
SPCS/data/audio/005/005_Male_26_47.wav,kare ke fashion ye nngwe
SPCS/data/audio/004/004_Female_17_384.wav,of real gospel music
SPCS/data/audio/020/020_Male_20_198.wav,ebile ga se wena coach
SPCS/data/audio/005/005_Male_26_125.wav,mathata a di grant
SPCS/data/audio/015/015_Female_91_373.wav,o ithopela two thousand rand
SPCS/data/audio/001/001_Female_23_112.wav,ka two thousand and eight
SPCS/data/audio/020/020_Male_20_212.wav,motšhene wa go hlahlela ka
SPCS/data/audio/010/010_Male_22_403.wav,tša komišene ya bo setšhaba
SPCS/data/audio/007/007_Male_23_131.wav,one twenty fela
SPCS/data/audio/013/013_Male_27_463.wav,dollara go ya United Kingdom
SPCS/data/audio/006/006_Male_23_331.wav,taba tše tša histori
SPCS/data/audio/003/003_Female_27_79.wav,feleletše a invita ga ntši
SPCS/data/audio/014/014_Male_25_529.wav,la tharo december twenty eleven
SPCS/data/audio/002/002_Male_24_839.wav,re kwešiša position ya bona
SPCS/data/audio/004/004_Female_17_558.wav,labohlano la di eighteen november
SPCS/data/audio/018/018_Male_21_432.wav,lenaneo la outreach
SPCS/data/audio/002/002_Male_24_504.wav,fourty seven percent
SPCS/data/audio/017/017_Male_22_413.wav,I am so scared
SPCS/data/audio/006/006_Male_23_979.wav,di wheelchair di tletše gohle
SPCS/data/audio/019/019_Male_23_30.wav,goba yona art
SPCS/data/audio/016/016_Female_21_262.wav,kgopelo ya bail
SPCS/data/audio/007/007_Male_23_421.wav,ke di bursary tše kae
SPCS/data/audio/019/019_Male_23_362.wav,nna ga ke coach
SPCS/data/audio/013/013_Male_27_303.wav,go bopa furnitura
SPCS/data/audio/007/007_Male_23_297.wav,šomiša di million tse lekgolo
SPCS/data/audio/014/014_Male_25_436.wav,gare ga toropo ya johannesburg
SPCS/data/audio/017/017_Male_22_96.wav,be interested go construction fela
SPCS/data/audio/016/016_Female_21_551.wav,ke a ratang a bibele
SPCS/data/audio/015/015_Female_91_607.wav,gopola gore facebook ya rena
SPCS/data/audio/002/002_Male_24_211.wav,di jersey le di tracksuit
SPCS/data/audio/010/010_Male_22_232.wav,and few ke ka kerekeng
SPCS/data/audio/002/002_Male_24_428.wav,mo historing ya rena
SPCS/data/audio/011/011_Female_21_284.wav,go roaster nama ya nku
SPCS/data/audio/010/010_Male_22_406.wav,ba go hwetša degree ye
SPCS/data/audio/015/015_Female_91_598.wav,o drainwa mo sepetlele
SPCS/data/audio/008/008_Male_23_102.wav,bangwe ba kgona tša tourism
SPCS/data/audio/019/019_Male_23_95.wav,ikopanye le mokhanselara
SPCS/data/audio/015/015_Female_91_218.wav,le di challenge tše kgolo
SPCS/data/audio/008/008_Male_23_329.wav,province e tsamaiše
SPCS/data/audio/001/001_Female_23_146.wav,mafelo a go socialisa
SPCS/data/audio/002/002_Male_24_711.wav,ke di bursary tše kae
SPCS/data/audio/016/016_Female_21_482.wav,cellphone ya gago fela
SPCS/data/audio/015/015_Female_91_569.wav,ka la tharo december
SPCS/data/audio/011/011_Female_21_48.wav,goba di parkeng
SPCS/data/audio/018/018_Male_21_46.wav,le ge democracy e kokota
SPCS/data/audio/006/006_Male_23_383.wav,fifteen thousand runs
SPCS/data/audio/004/004_Female_17_273.wav,o nyaka butternut e tee
SPCS/data/audio/004/004_Female_17_474.wav,go na le category enngwe
SPCS/data/audio/002/002_Male_24_647.wav,mabapi le construction exhibition
SPCS/data/audio/006/006_Male_23_750.wav,gore a ka se afforde
SPCS/data/audio/015/015_Female_91_41.wav,team ya gagwe ya go
SPCS/data/audio/016/016_Female_21_216.wav,yellow pepper e tee
SPCS/data/audio/001/001_Female_23_360.wav,verse seventeen
SPCS/data/audio/013/013_Male_27_405.wav,a sa tsebe di outcome
SPCS/data/audio/015/015_Female_91_334.wav,ditaba tša dipapadi tša swimming
SPCS/data/audio/014/014_Male_25_242.wav,motho a applyele mphiwafela
SPCS/data/audio/016/016_Female_21_508.wav,tšona di skills
SPCS/data/audio/014/014_Male_25_16.wav,ba suggesta gore rena re
SPCS/data/audio/011/011_Female_21_441.wav,konsarata tša mmino
SPCS/data/audio/003/003_Female_27_514.wav,wa di griller go fihlela
SPCS/data/audio/002/002_Male_24_259.wav,o nyaka butternut e tee
SPCS/data/audio/010/010_Male_22_431.wav,di exhibition tše tša lena
SPCS/data/audio/014/014_Male_25_184.wav,go accessa ditirelo tša rena
SPCS/data/audio/008/008_Male_23_145.wav,go feta two hundred thousand
SPCS/data/audio/008/008_Male_23_407.wav,di results le se meetseng
SPCS/data/audio/013/013_Male_27_462.wav,go fihla mafelelong a January
SPCS/data/audio/007/007_Male_23_638.wav,le di posts tša ka
SPCS/data/audio/002/002_Male_24_643.wav,leina la banka
SPCS/data/audio/016/016_Female_21_461.wav,uniform ya bana ya sekolo
SPCS/data/audio/006/006_Male_23_680.wav,ke di temporary workers
SPCS/data/audio/002/002_Male_24_203.wav,apara di shades tša gago
SPCS/data/audio/008/008_Male_23_83.wav,ba go hwetša degree ye
SPCS/data/audio/002/002_Male_24_581.wav,retshwenya ke di drugs
SPCS/data/audio/010/010_Male_22_205.wav,eighteen years
SPCS/data/audio/014/014_Male_25_33.wav,o nyaka thušo ya business
SPCS/data/audio/007/007_Male_23_115.wav,ka twenty fifteen
SPCS/data/audio/005/005_Male_26_325.wav,go nale di diagnostic indicators
SPCS/data/audio/007/007_Male_23_196.wav,hundred kilometer ka awara
SPCS/data/audio/010/010_Male_22_157.wav,re kwešiša position ya bona
SPCS/data/audio/010/010_Male_22_85.wav,uniform ya bana ya sekolo
SPCS/data/audio/017/017_Male_22_541.wav,attendance e thomile e le
SPCS/data/audio/019/019_Male_23_349.wav,tšeo di transportilego batho
SPCS/data/audio/008/008_Male_23_164.wav,o romele tšhelete ya administration
SPCS/data/audio/016/016_Female_21_284.wav,tšwela pele bjalo ka presidente
SPCS/data/audio/004/004_Female_17_412.wav,direga eng mo operation repo
SPCS/data/audio/009/009_Female_26_253.wav,traffic lights ga di šome
SPCS/data/audio/006/006_Male_23_751.wav,companying a tee
SPCS/data/audio/016/016_Female_21_507.wav,yona rehabilitation
SPCS/data/audio/003/003_Female_27_209.wav,wa mohuta wa tic
SPCS/data/audio/017/017_Male_22_369.wav,hundred and seven for two
SPCS/data/audio/020/020_Male_20_360.wav,account ya kua bankeng
SPCS/data/audio/007/007_Male_23_178.wav,ge motho a dira abortion
SPCS/data/audio/015/015_Female_91_487.wav,dinatla tša mmino wa gospel
SPCS/data/audio/017/017_Male_22_335.wav,mmušo wa rena wa democracy
SPCS/data/audio/007/007_Male_23_326.wav,a ka go tsebang personally
SPCS/data/audio/009/009_Female_26_224.wav,pressure ke e ntšhi ye
SPCS/data/audio/016/016_Female_21_376.wav,business ya ka e kgone
SPCS/data/audio/019/019_Male_23_254.wav,tšwela pele bjalo ka presidente
SPCS/data/audio/012/012_Female_20_173.wav,taba tše tša histori
SPCS/data/audio/008/008_Male_23_203.wav,goba di parkeng
SPCS/data/audio/016/016_Female_21_386.wav,le confusion ya di date
SPCS/data/audio/018/018_Male_21_99.wav,hundred kilometer ka awara
SPCS/data/audio/013/013_Male_27_473.wav,bathopa difoka tša di bursary
SPCS/data/audio/016/016_Female_21_63.wav,le di track suit
SPCS/data/audio/016/016_Female_21_235.wav,ke fashion ya go tsenelela
SPCS/data/audio/008/008_Male_23_212.wav,a dira loan e tee
SPCS/data/audio/003/003_Female_27_381.wav,ge motho a dira abortion
SPCS/data/audio/016/016_Female_21_544.wav,doctor re a le amogela
SPCS/data/audio/006/006_Male_23_814.wav,ke sa judge motho
SPCS/data/audio/010/010_Male_22_96.wav,gore a ka se afforde
SPCS/data/audio/001/001_Female_23_451.wav,a bona profile ya ka
SPCS/data/audio/006/006_Male_23_598.wav,khomišene ya bo setšhaba ya
SPCS/data/audio/018/018_Male_21_311.wav,nna ga ke coach
SPCS/data/audio/012/012_Female_20_484.wav,o nthomela please call me
SPCS/data/audio/002/002_Male_24_433.wav,le ge democracy e kokota
SPCS/data/audio/002/002_Male_24_14.wav,a bolailwego ka panga
SPCS/data/audio/002/002_Male_24_201.wav,wa boraro ga se semi-automatic
SPCS/data/audio/017/017_Male_22_186.wav,lenaneo la television
SPCS/data/audio/007/007_Male_23_138.wav,mo historing ya rena
SPCS/data/audio/002/002_Male_24_732.wav,ge e le second half
SPCS/data/audio/005/005_Male_26_223.wav,a sa tsebe di outcome
SPCS/data/audio/007/007_Male_23_94.wav,le go head of department
SPCS/data/audio/005/005_Male_26_135.wav,go accessa ditirelo tša rena
SPCS/data/audio/012/012_Female_20_104.wav,karabo ke roast lamb
SPCS/data/audio/002/002_Male_24_580.wav,ba di form1 form2
SPCS/data/audio/019/019_Male_23_3.wav,cellphone ya gago fela
SPCS/data/audio/010/010_Male_22_660.wav,hweditše di report tše botse
SPCS/data/audio/015/015_Female_91_178.wav,feleletše a invita ga ntši
SPCS/data/audio/001/001_Female_23_178.wav,ka hwetša twenty percent discount
SPCS/data/audio/018/018_Male_21_145.wav,ditaba ka Standford Matlou
SPCS/data/audio/007/007_Male_23_31.wav,hundred and fifty rand fela
SPCS/data/audio/015/015_Female_91_640.wav,ke blockile celebrities
SPCS/data/audio/002/002_Male_24_401.wav,facer bjang girlfriend ya gagwe
SPCS/data/audio/007/007_Male_23_206.wav,go tla interview
SPCS/data/audio/004/004_Female_17_460.wav,ka gare ga traffic circle
SPCS/data/audio/002/002_Male_24_466.wav,gopola gore facebook ya rena
SPCS/data/audio/012/012_Female_20_424.wav,nna ka nkreya mo address
SPCS/data/audio/018/018_Male_21_231.wav,bangwe ga ba na timing
SPCS/data/audio/002/002_Male_24_153.wav,hlaelelo ya diesel ya sulphur
SPCS/data/audio/017/017_Male_22_49.wav,ga ba fetole my comments
SPCS/data/audio/011/011_Female_21_263.wav,go fihla mafelelong a January
SPCS/data/audio/010/010_Male_22_664.wav,yellow pepper e tee
SPCS/data/audio/016/016_Female_21_180.wav,hundred kilometer ka awara
SPCS/data/audio/005/005_Male_26_362.wav,nna ke blockile morago ga
SPCS/data/audio/018/018_Male_21_262.wav,exhibition yela ra go bolela
SPCS/data/audio/002/002_Male_24_881.wav,labohlano la di eighteen november
SPCS/data/audio/009/009_Female_26_455.wav,steše sa go kala dikoloi
SPCS/data/audio/005/005_Male_26_301.wav,go roaster nama ya nku
SPCS/data/audio/012/012_Female_20_309.wav,ya gore daddy wa lwala
SPCS/data/audio/010/010_Male_22_282.wav,pressure ke e ntšhi ye
SPCS/data/audio/001/001_Female_23_610.wav,goba di parkeng
SPCS/data/audio/006/006_Male_23_971.wav,ba go nyaka di kontraka
SPCS/data/audio/007/007_Male_23_363.wav,attendance e thomile e le
SPCS/data/audio/008/008_Male_23_26.wav,ka se tlo confront motho
SPCS/data/audio/020/020_Male_20_40.wav,ke fashion ya go tsenelela
SPCS/data/audio/018/018_Male_21_445.wav,morutiši ka panga
SPCS/data/audio/006/006_Male_23_527.wav,go tsena tsena ga dipolotiki
SPCS/data/audio/019/019_Male_23_75.wav,ba ba golang kua bankeng
SPCS/data/audio/011/011_Female_21_482.wav,wa mohuta wa tic
SPCS/data/audio/004/004_Female_17_525.wav,go šomišana le di stakeholders
SPCS/data/audio/019/019_Male_23_284.wav,le di posts tša ka
SPCS/data/audio/014/014_Male_25_83.wav,re leba ka studio six
SPCS/data/audio/012/012_Female_20_516.wav,bowa gae ka di medal
SPCS/data/audio/008/008_Male_23_244.wav,a bolailwego ka panga
SPCS/data/audio/020/020_Male_20_293.wav,mokonstable wa maphodisa
SPCS/data/audio/016/016_Female_21_55.wav,o ithopela two thousand rand
SPCS/data/audio/020/020_Male_20_305.wav,phone ya ka e be
SPCS/data/audio/007/007_Male_23_714.wav,as long as e le
SPCS/data/audio/020/020_Male_20_21.wav,yellow pepper e tee
SPCS/data/audio/010/010_Male_22_170.wav,ka june ya ngwaga wona
SPCS/data/audio/006/006_Male_23_438.wav,wa boraro ga se semi-automatic
SPCS/data/audio/012/012_Female_20_13.wav,di company tša afrika borwa
SPCS/data/audio/006/006_Male_23_416.wav,di polio
SPCS/data/audio/006/006_Male_23_248.wav,mokonstable wa maphodisa
SPCS/data/audio/005/005_Male_26_509.wav,basadi ba nale yona pressure
SPCS/data/audio/018/018_Male_21_35.wav,bowa ka bus ya mathomo
SPCS/data/audio/014/014_Male_25_287.wav,a beilego record e ntshwa
SPCS/data/audio/002/002_Male_24_771.wav,ditaba tša dipapadi tša swimming
SPCS/data/audio/015/015_Female_91_147.wav,o ka se confront lapa
SPCS/data/audio/016/016_Female_21_73.wav,e be di official residents
SPCS/data/audio/008/008_Male_23_71.wav,go tsena tsena ga dipolotiki
SPCS/data/audio/002/002_Male_24_620.wav,le di posts tša ka
SPCS/data/audio/001/001_Female_23_408.wav,go nale di diagnostic indicators
SPCS/data/audio/009/009_Female_26_398.wav,ka di six tša december
SPCS/data/audio/014/014_Male_25_30.wav,tsamaya nako ya two years
SPCS/data/audio/007/007_Male_23_731.wav,motšhene wa go hlahlela ka
SPCS/data/audio/014/014_Male_25_235.wav,labohlano la di eighteen november
SPCS/data/audio/017/017_Male_22_359.wav,ge o ka ba adamant
SPCS/data/audio/018/018_Male_21_33.wav,ke sepela ka sekuta
SPCS/data/audio/002/002_Male_24_109.wav,go ya united kingdom
SPCS/data/audio/002/002_Male_24_91.wav,mo historing ya rena
SPCS/data/audio/007/007_Male_23_406.wav,as long as e le
SPCS/data/audio/001/001_Female_23_46.wav,bangwe ba kgona tša tourism
SPCS/data/audio/005/005_Male_26_314.wav,ka morago ga twelve months
SPCS/data/audio/007/007_Male_23_147.wav,ke yona disability
SPCS/data/audio/004/004_Female_17_291.wav,a bona profile ya ka
SPCS/data/audio/016/016_Female_21_290.wav,o nyaka butternut e tee
SPCS/data/audio/020/020_Male_20_327.wav,e be di official residents
SPCS/data/audio/015/015_Female_91_273.wav,ba le fa di pamphlets
SPCS/data/audio/017/017_Male_22_343.wav,angle ka moka ga tšona
SPCS/data/audio/007/007_Male_23_255.wav,nako ya bumper to bumper
SPCS/data/audio/006/006_Male_23_522.wav,e le go mo blocka
SPCS/data/audio/007/007_Male_23_446.wav,batho bale ba go repossesa
SPCS/data/audio/012/012_Female_20_495.wav,o ka re romela email
SPCS/data/audio/020/020_Male_20_234.wav,direga eng mo operation repo
SPCS/data/audio/005/005_Male_26_136.wav,peresente tše masome seswai hlano
SPCS/data/audio/013/013_Male_27_346.wav,tšeo di nalego information
SPCS/data/audio/020/020_Male_20_207.wav,ke di temporary workers
SPCS/data/audio/010/010_Male_22_192.wav,o ya conferenceng
SPCS/data/audio/006/006_Male_23_955.wav,betha di pillar ka matlapa
SPCS/data/audio/020/020_Male_20_165.wav,mantlo a fifteen thousand
SPCS/data/audio/007/007_Male_23_122.wav,account ya kua bankeng
SPCS/data/audio/017/017_Male_22_321.wav,le ge democracy e kokota
SPCS/data/audio/001/001_Female_23_529.wav,le confusion ya di date
SPCS/data/audio/001/001_Female_23_61.wav,e nyenyefatše gore di portrait
SPCS/data/audio/020/020_Male_20_380.wav,labohlano la di eighteen november
SPCS/data/audio/014/014_Male_25_513.wav,ba le fa di pamphlets
SPCS/data/audio/015/015_Female_91_601.wav,of those days
SPCS/data/audio/013/013_Male_27_311.wav,gore motho a qualifaele
SPCS/data/audio/002/002_Male_24_179.wav,di polio
SPCS/data/audio/016/016_Female_21_345.wav,exhibition e ebile ka mokgo
SPCS/data/audio/017/017_Male_22_490.wav,lokela ka gare ga plastiki
SPCS/data/audio/019/019_Male_23_341.wav,learnership ye tsamaya tsamaya bjang
SPCS/data/audio/002/002_Male_24_619.wav,ke a blocka ge motho
SPCS/data/audio/014/014_Male_25_357.wav,re kwešiša condition ya bona
SPCS/data/audio/006/006_Male_23_167.wav,ke di bursary tše kae
SPCS/data/audio/005/005_Male_26_255.wav,di exhibitors di tlile
SPCS/data/audio/007/007_Male_23_474.wav,ka lefela loan ya gagwe
SPCS/data/audio/018/018_Male_21_49.wav,province e tsamaiše
SPCS/data/audio/009/009_Female_26_413.wav,konsarata tša mmino
SPCS/data/audio/017/017_Male_22_488.wav,wa nyaka salad dressing
SPCS/data/audio/010/010_Male_22_472.wav,category tše nne tša
SPCS/data/audio/013/013_Male_27_274.wav,kgona go go rekela airtime
SPCS/data/audio/010/010_Male_22_652.wav,hweditse di report tse botse
SPCS/data/audio/005/005_Male_26_70.wav,ka dikgwedi tše twelve
SPCS/data/audio/006/006_Male_23_485.wav,ba hlwela television
SPCS/data/audio/003/003_Female_27_64.wav,wa nyaka salad dressing
SPCS/data/audio/009/009_Female_26_238.wav,go lokišwa tsela ko Nigel
SPCS/data/audio/012/012_Female_20_245.wav,di exhibitors di tlile
SPCS/data/audio/008/008_Male_23_223.wav,companying a tee
SPCS/data/audio/010/010_Male_22_153.wav,napile professor
SPCS/data/audio/012/012_Female_20_33.wav,facer bjang girlfriend ya gagwe
SPCS/data/audio/002/002_Male_24_213.wav,ba go nyaka di kontraka
SPCS/data/audio/006/006_Male_23_8.wav,ba go nyaka di kontraka
SPCS/data/audio/004/004_Female_17_472.wav,diswantšho tša cctv
SPCS/data/audio/009/009_Female_26_475.wav,ka january a ka emiša
SPCS/data/audio/015/015_Female_91_610.wav,a sa tsebe di outcome
SPCS/data/audio/020/020_Male_20_20.wav,red pepper e tee
SPCS/data/audio/005/005_Male_26_505.wav,o ka re romela email
SPCS/data/audio/004/004_Female_17_193.wav,di polio
SPCS/data/audio/002/002_Male_24_407.wav,wa mohuta wa tic
SPCS/data/audio/017/017_Male_22_264.wav,fapana a di social grants
SPCS/data/audio/009/009_Female_26_381.wav,e nyenyefatše gore jewellery
SPCS/data/audio/020/020_Male_20_85.wav,o drainwa mo sepetlele
SPCS/data/audio/019/019_Male_23_106.wav,filimi tša metsotso ye masomepedi
SPCS/data/audio/010/010_Male_22_347.wav,ba di form1 form2
SPCS/data/audio/007/007_Male_23_443.wav,ya jewa two one
SPCS/data/audio/020/020_Male_20_184.wav,tšeo di transportilego batho
SPCS/data/audio/004/004_Female_17_157.wav,papadi e le ya crickete
SPCS/data/audio/003/003_Female_27_120.wav,re beakantše ya agriculture
SPCS/data/audio/012/012_Female_20_102.wav,e tšhaba tšhaba mo networkeng
SPCS/data/audio/008/008_Male_23_264.wav,mathata a di grant
SPCS/data/audio/002/002_Male_24_621.wav,ge a dulela go commenta
SPCS/data/audio/003/003_Female_27_594.wav,nkreya le mo facebook page
SPCS/data/audio/016/016_Female_21_237.wav,lane e tee e tšwaletše
SPCS/data/audio/009/009_Female_26_403.wav,wa kgona go auditiona mo
SPCS/data/audio/015/015_Female_91_320.wav,banna ba na le pressure
SPCS/data/audio/011/011_Female_21_79.wav,ka hwetša twenty percent discount
SPCS/data/audio/003/003_Female_27_370.wav,some how ka mogau
SPCS/data/audio/013/013_Male_27_68.wav,retshwenya ke di drugs
SPCS/data/audio/019/019_Male_23_148.wav,a beilego record e ntshwa
SPCS/data/audio/002/002_Male_24_741.wav,mehla ge o tlaleletša airtime
SPCS/data/audio/003/003_Female_27_11.wav,go roaster nama ya nku
SPCS/data/audio/004/004_Female_17_385.wav,ke di temporary workers
SPCS/data/audio/002/002_Male_24_36.wav,ba home affairs
SPCS/data/audio/007/007_Male_23_174.wav,ke bona on daily basis
SPCS/data/audio/011/011_Female_21_159.wav,bowa ka bus ya mathomo
SPCS/data/audio/001/001_Female_23_257.wav,ke sepela ka sekuta
SPCS/data/audio/019/019_Male_23_494.wav,go accessa ditirelo tša rena
SPCS/data/audio/015/015_Female_91_2.wav,motho a applyele mphiwafela
SPCS/data/audio/020/020_Male_20_168.wav,tše ka moka tša art
SPCS/data/audio/009/009_Female_26_385.wav,tsamaya nako ya two years
SPCS/data/audio/008/008_Male_23_198.wav,o hwetše code ya moswananoši
SPCS/data/audio/015/015_Female_91_28.wav,and few ke ka kerekeng
SPCS/data/audio/012/012_Female_20_550.wav,phone ya ka e be
SPCS/data/audio/010/010_Male_22_48.wav,ranta e wele
SPCS/data/audio/015/015_Female_91_431.wav,ka thulwa ke taxi
SPCS/data/audio/007/007_Male_23_403.wav,date yela ke di nineteen
SPCS/data/audio/020/020_Male_20_42.wav,lane e tee e tšwaletše
SPCS/data/audio/007/007_Male_23_149.wav,motho a applyele mphiwafela
SPCS/data/audio/012/012_Female_20_193.wav,taba ya di service standard
SPCS/data/audio/007/007_Male_23_514.wav,the best you can do
SPCS/data/audio/017/017_Male_22_340.wav,ba phasa
SPCS/data/audio/003/003_Female_27_124.wav,tsenela dikgwebo tša construction
SPCS/data/audio/001/001_Female_23_10.wav,e le go mo blocka
SPCS/data/audio/019/019_Male_23_153.wav,raloka televišeneng
SPCS/data/audio/003/003_Female_27_134.wav,dira diimport and export
SPCS/data/audio/002/002_Male_24_812.wav,e tsebagaditše di projeke
SPCS/data/audio/018/018_Male_21_471.wav,wa leloko la board
SPCS/data/audio/007/007_Male_23_756.wav,facer bjang girlfriend ya gagwe
SPCS/data/audio/006/006_Male_23_1001.wav,ba di form1 form2
SPCS/data/audio/007/007_Male_23_353.wav,leina la banka
SPCS/data/audio/012/012_Female_20_518.wav,go dipapadi tša crickete
SPCS/data/audio/016/016_Female_21_292.wav,wa nyaka di mushrooms
SPCS/data/audio/015/015_Female_91_55.wav,gagwe o be a graduata
SPCS/data/audio/001/001_Female_23_323.wav,hundred kilometer ka awara
SPCS/data/audio/011/011_Female_21_290.wav,o nale disability
SPCS/data/audio/018/018_Male_21_206.wav,gona ka mo stadium sa
SPCS/data/audio/016/016_Female_21_477.wav,ka gare ga traffic circle
SPCS/data/audio/011/011_Female_21_343.wav,updata status ga ba commente
SPCS/data/audio/001/001_Female_23_66.wav,university of johannesburg
SPCS/data/audio/006/006_Male_23_14.wav,the head of department
SPCS/data/audio/017/017_Male_22_319.wav,ikopanye le mokhanselara
SPCS/data/audio/002/002_Male_24_84.wav,one twenty fela
SPCS/data/audio/019/019_Male_23_400.wav,batho bale ba go repossesa
SPCS/data/audio/007/007_Male_23_318.wav,nna ke blockile morago ga
SPCS/data/audio/017/017_Male_22_337.wav,taba ya di service standard
SPCS/data/audio/006/006_Male_23_260.wav,phone ya ka e be
SPCS/data/audio/020/020_Male_20_445.wav,le a re tracer naa
SPCS/data/audio/001/001_Female_23_187.wav,nkgahlilego kudu ke ya corruption
SPCS/data/audio/016/016_Female_21_40.wav,diswantšho tša cctv
SPCS/data/audio/019/019_Male_23_80.wav,shopping center tše di kgolwane
SPCS/data/audio/015/015_Female_91_85.wav,yellow pepper e tee
SPCS/data/audio/008/008_Male_23_125.wav,nkreya le mo facebook page
SPCS/data/audio/010/010_Male_22_179.wav,account ya kua bankeng
SPCS/data/audio/019/019_Male_23_303.wav,ba go hwetša degree ye
SPCS/data/audio/010/010_Male_22_662.wav,ounce e tee ke
SPCS/data/audio/006/006_Male_23_158.wav,go feta two hundred thousand
SPCS/data/audio/003/003_Female_27_135.wav,training academay ya di arts
SPCS/data/audio/005/005_Male_26_290.wav,tsamaya ka di public transport
SPCS/data/audio/007/007_Male_23_627.wav,nna ke blockile mogwera
SPCS/data/audio/004/004_Female_17_288.wav,nna ke blockile motho ka
SPCS/data/audio/018/018_Male_21_214.wav,wa di griller go fihlela
SPCS/data/audio/020/020_Male_20_110.wav,nna ke blockile motho ka
SPCS/data/audio/012/012_Female_20_573.wav,di ofisi tša rena magaeng
SPCS/data/audio/015/015_Female_91_301.wav,facer bjang girlfriend ya gagwe
SPCS/data/audio/016/016_Female_21_92.wav,ba changile di address
SPCS/data/audio/006/006_Male_23_369.wav,bible e bolela bjalo
SPCS/data/audio/008/008_Male_23_227.wav,ka gare ga traffic circle
SPCS/data/audio/018/018_Male_21_334.wav,ge o dira follow up
SPCS/data/audio/006/006_Male_23_517.wav,rena ba bangwe re sensitive
SPCS/data/audio/005/005_Male_26_342.wav,presidente ya league ya baswa
SPCS/data/audio/015/015_Female_91_240.wav,learnership ye tsamaya tsamaya bjang
SPCS/data/audio/001/001_Female_23_383.wav,re palelwa ke go copa
SPCS/data/audio/020/020_Male_20_498.wav,ka company ya engineering
SPCS/data/audio/004/004_Female_17_465.wav,cellphone ya gago fela
SPCS/data/audio/013/013_Male_27_380.wav,e na le barcode
SPCS/data/audio/012/012_Female_20_606.wav,wo ka di nine
SPCS/data/audio/018/018_Male_21_228.wav,feleletše a invita ga ntši
SPCS/data/audio/002/002_Male_24_675.wav,ba di bitšang di learnership
SPCS/data/audio/016/016_Female_21_270.wav,o changile maphelo a bona
SPCS/data/audio/020/020_Male_20_378.wav,holong ya masepala
SPCS/data/audio/009/009_Female_26_402.wav,date yela ke di nineteen
SPCS/data/audio/007/007_Male_23_734.wav,tankana tše pedi
SPCS/data/audio/019/019_Male_23_55.wav,go kreya di opportunities
SPCS/data/audio/012/012_Female_20_337.wav,gona ka mo stadium sa
SPCS/data/audio/005/005_Male_26_170.wav,shopping center tše di kgolwane
SPCS/data/audio/009/009_Female_26_501.wav,pele ga komiti ya palamente
SPCS/data/audio/010/010_Male_22_240.wav,go buša order
SPCS/data/audio/019/019_Male_23_504.wav,go kreya di opportunities
SPCS/data/audio/007/007_Male_23_288.wav,le ngwana wa eleven years
SPCS/data/audio/001/001_Female_23_261.wav,ke lekola file ya gago
SPCS/data/audio/020/020_Male_20_167.wav,ya go rekiša jewellery
SPCS/data/audio/007/007_Male_23_322.wav,motho o a mo blocka
SPCS/data/audio/019/019_Male_23_377.wav,motšhene wa go hlahlela ka
SPCS/data/audio/005/005_Male_26_434.wav,nna ka nkreya mo address
SPCS/data/audio/006/006_Male_23_82.wav,nako e ngwe o ntheka
SPCS/data/audio/020/020_Male_20_8.wav,o mo top hundred
SPCS/data/audio/007/007_Male_23_14.wav,ke go ya khaunthareng
SPCS/data/audio/006/006_Male_23_251.wav,go na le category enngwe
SPCS/data/audio/014/014_Male_25_12.wav,bangwe ba kgona tša tourism
SPCS/data/audio/015/015_Female_91_146.wav,ba sepela ka group
SPCS/data/audio/015/015_Female_91_122.wav,nna ke a porega
SPCS/data/audio/015/015_Female_91_628.wav,ekile ya ba di drama
SPCS/data/audio/015/015_Female_91_36.wav,go buša order
SPCS/data/audio/001/001_Female_23_141.wav,ke go ya khaunthareng
SPCS/data/audio/020/020_Male_20_22.wav,verse seventeen
SPCS/data/audio/016/016_Female_21_409.wav,wa non-automatic
SPCS/data/audio/008/008_Male_23_36.wav,bao ba etetšego flat
SPCS/data/audio/003/003_Female_27_499.wav,o drainwa mo sepetlele
SPCS/data/audio/001/001_Female_23_91.wav,rena re le radio
SPCS/data/audio/007/007_Male_23_76.wav,goba yona art
SPCS/data/audio/019/019_Male_23_205.wav,ke fashion ya go tsenelela
SPCS/data/audio/012/012_Female_20_47.wav,o nale account ya banka
SPCS/data/audio/002/002_Male_24_882.wav,le ge democracy e kokota
SPCS/data/audio/018/018_Male_21_233.wav,le di posts tša ka
SPCS/data/audio/020/020_Male_20_131.wav,mošomo wa psychometric
SPCS/data/audio/011/011_Female_21_434.wav,molao tšeo di tsenetšego conference
SPCS/data/audio/016/016_Female_21_499.wav,lamb or nku
SPCS/data/audio/015/015_Female_91_436.wav,ke lekola file ya gago
SPCS/data/audio/016/016_Female_21_255.wav,wa go ba seterateng
SPCS/data/audio/020/020_Male_20_266.wav,uniform ya bana ya sekolo
SPCS/data/audio/006/006_Male_23_366.wav,ke bona on daily basis
SPCS/data/audio/013/013_Male_27_460.wav,festival ya kgoparara ya thobelaFM
SPCS/data/audio/007/007_Male_23_346.wav,tša komišene ya bo setšhaba
SPCS/data/audio/015/015_Female_91_204.wav,banka ya gona
SPCS/data/audio/002/002_Male_24_871.wav,bowa ka bus ya mathomo
SPCS/data/audio/010/010_Male_22_438.wav,training academay ya di arts
SPCS/data/audio/016/016_Female_21_123.wav,taba tše tša histori
SPCS/data/audio/014/014_Male_25_391.wav,presidente ya league ya baswa
SPCS/data/audio/001/001_Female_23_170.wav,o sa le a stuckile
SPCS/data/audio/016/016_Female_21_191.wav,le a re tracer naa
SPCS/data/audio/016/016_Female_21_388.wav,wa kgona go auditiona mo
SPCS/data/audio/012/012_Female_20_454.wav,ba le fa di pamphlets
SPCS/data/audio/018/018_Male_21_337.wav,ka two thousand and eight
SPCS/data/audio/017/017_Male_22_148.wav,swere di kontraka tša mengwaga
SPCS/data/audio/006/006_Male_23_160.wav,konsarata tša mmino
SPCS/data/audio/018/018_Male_21_255.wav,account ya yona e ka
SPCS/data/audio/010/010_Male_22_162.wav,lokiša hundred and twenty rand
SPCS/data/audio/006/006_Male_23_381.wav,papadi e le ya crickete
SPCS/data/audio/002/002_Male_24_671.wav,training academay ya di arts
SPCS/data/audio/010/010_Male_22_412.wav,ba di lori le bahlwekiši
SPCS/data/audio/003/003_Female_27_240.wav,go papadi ya netball
SPCS/data/audio/018/018_Male_21_467.wav,ka twenty fifteen
SPCS/data/audio/002/002_Male_24_258.wav,o tlo nyaka green pepper
SPCS/data/audio/010/010_Male_22_397.wav,brithani
SPCS/data/audio/008/008_Male_23_175.wav,di pamphlets tša festival ye
SPCS/data/audio/015/015_Female_91_185.wav,e le go mo blocka
SPCS/data/audio/007/007_Male_23_282.wav,home affairs ba tla be
SPCS/data/audio/002/002_Male_24_28.wav,tšona di skills
SPCS/data/audio/016/016_Female_21_171.wav,di ballroom
SPCS/data/audio/006/006_Male_23_114.wav,re beakantše ya agriculture
SPCS/data/audio/001/001_Female_23_96.wav,ke di temporary workers
SPCS/data/audio/008/008_Male_23_446.wav,o nale disability
SPCS/data/audio/015/015_Female_91_267.wav,konsarata tša mmino
SPCS/data/audio/002/002_Male_24_490.wav,hlaelelo ya diesel ya sulphur
SPCS/data/audio/004/004_Female_17_407.wav,ranta e wele
SPCS/data/audio/011/011_Female_21_89.wav,a bolailwego ka panga
SPCS/data/audio/004/004_Female_17_553.wav,e lego planete
SPCS/data/audio/018/018_Male_21_431.wav,le di track suit
SPCS/data/audio/013/013_Male_27_146.wav,mabapi le di exhibition
SPCS/data/audio/006/006_Male_23_735.wav,projeke ya setšhaba
SPCS/data/audio/015/015_Female_91_170.wav,updata nna ke a commenta
SPCS/data/audio/015/015_Female_91_557.wav,nako ya bumper to bumper
SPCS/data/audio/007/007_Male_23_510.wav,a bolailwego ka panga
SPCS/data/audio/004/004_Female_17_46.wav,le di track suit
SPCS/data/audio/004/004_Female_17_102.wav,o ya conferenceng
SPCS/data/audio/007/007_Male_23_723.wav,category tše nne tša
SPCS/data/audio/016/016_Female_21_553.wav,tšeo di nalego information
SPCS/data/audio/012/012_Female_20_29.wav,ke reality show ya television
SPCS/data/audio/009/009_Female_26_107.wav,ba changile di address
SPCS/data/audio/019/019_Male_23_108.wav,e na le barcode
SPCS/data/audio/012/012_Female_20_528.wav,ge re ema traffic circleng
SPCS/data/audio/010/010_Male_22_415.wav,swarelwa ka peter mokaba stadium
SPCS/data/audio/020/020_Male_20_189.wav,mec wa sports and culture
SPCS/data/audio/016/016_Female_21_566.wav,ke le busy ka ofising
SPCS/data/audio/001/001_Female_23_605.wav,o hwetše code ya moswananoši
SPCS/data/audio/001/001_Female_23_387.wav,ba go nyaka di kontraka
SPCS/data/audio/009/009_Female_26_40.wav,level e tee ya salary
SPCS/data/audio/003/003_Female_27_297.wav,le go head of department
SPCS/data/audio/013/013_Male_27_377.wav,after school
SPCS/data/audio/002/002_Male_24_158.wav,ka landline
SPCS/data/audio/016/016_Female_21_448.wav,o hwetše code ya moswananoši
SPCS/data/audio/017/017_Male_22_492.wav,o ileng wa mo blocka
SPCS/data/audio/012/012_Female_20_170.wav,a festival with a purpose
SPCS/data/audio/006/006_Male_23_864.wav,industeri ya di filimi ka
SPCS/data/audio/010/010_Male_22_267.wav,eighteen minutes to four
SPCS/data/audio/015/015_Female_91_457.wav,go phatlalala le province
SPCS/data/audio/007/007_Male_23_583.wav,ke lekola file ya gago
SPCS/data/audio/018/018_Male_21_11.wav,ba changile di address
SPCS/data/audio/017/017_Male_22_203.wav,ka lefela loan ya gagwe
SPCS/data/audio/008/008_Male_23_225.wav,a tšea di crate
SPCS/data/audio/002/002_Male_24_390.wav,ge e sena barcode
SPCS/data/audio/004/004_Female_17_335.wav,bangwe ba kgona tša tourism
SPCS/data/audio/015/015_Female_91_281.wav,di company tša afrika borwa
SPCS/data/audio/015/015_Female_91_399.wav,di bitšang gore ke infection
SPCS/data/audio/020/020_Male_20_9.wav,hweditse di report tse botse
SPCS/data/audio/018/018_Male_21_121.wav,fine ye kgolo kgolo
SPCS/data/audio/007/007_Male_23_303.wav,gona ka mo stadium sa
SPCS/data/audio/018/018_Male_21_352.wav,basadi ba lokela pressure banneng
SPCS/data/audio/005/005_Male_26_444.wav,mec wa sports and culture
SPCS/data/audio/006/006_Male_23_370.wav,ge motho a dira abortion
SPCS/data/audio/018/018_Male_21_470.wav,ke a ratang a bibele
SPCS/data/audio/012/012_Female_20_319.wav,colleges le di universities tša
SPCS/data/audio/006/006_Male_23_69.wav,nna ke blockile motho ka
SPCS/data/audio/013/013_Male_27_53.wav,jealous ke bolwetši
SPCS/data/audio/012/012_Female_20_590.wav,ba re romele di form
SPCS/data/audio/009/009_Female_26_282.wav,baswa ba tšwile pateng
SPCS/data/audio/007/007_Male_23_380.wav,dira diimport and export
SPCS/data/audio/018/018_Male_21_298.wav,tšeo di transportilego batho
SPCS/data/audio/013/013_Male_27_416.wav,papadi e le ya crickete
SPCS/data/audio/004/004_Female_17_512.wav,napile professor
SPCS/data/audio/001/001_Female_23_27.wav,ba go hwetša degree ye
SPCS/data/audio/019/019_Male_23_467.wav,ga o tlo re hello
SPCS/data/audio/013/013_Male_27_8.wav,red pepper e tee
SPCS/data/audio/018/018_Male_21_407.wav,mokonstable wa maphodisa
SPCS/data/audio/003/003_Female_27_356.wav,industeri ya di filimi ka
SPCS/data/audio/005/005_Male_26_172.wav,ge go nyakega copy
SPCS/data/audio/007/007_Male_23_536.wav,le child support grant
SPCS/data/audio/010/010_Male_22_115.wav,go na le category enngwe
SPCS/data/audio/007/007_Male_23_48.wav,kgona go go rekela airtime
SPCS/data/audio/019/019_Male_23_7.wav,pele ga komiti ya palamente
SPCS/data/audio/009/009_Female_26_280.wav,go nale di diagnostic indicators
SPCS/data/audio/002/002_Male_24_862.wav,ke tswaletše account kua bankeng
SPCS/data/audio/002/002_Male_24_467.wav,bible e bolela bjalo
SPCS/data/audio/011/011_Female_21_69.wav,level e tee ya salary
SPCS/data/audio/014/014_Male_25_125.wav,ditaba tša dipapadi tša swimming
SPCS/data/audio/005/005_Male_26_490.wav,batho bale ba go repossesa
SPCS/data/audio/012/012_Female_20_149.wav,ka twenty fifteen
SPCS/data/audio/003/003_Female_27_509.wav,o nyaka butternut e tee
SPCS/data/audio/005/005_Male_26_71.wav,ka january a ka emiša
SPCS/data/audio/006/006_Male_23_122.wav,di exhibition tše tša lena
SPCS/data/audio/012/012_Female_20_376.wav,mošomo wa psychometric
SPCS/data/audio/015/015_Female_91_348.wav,motsotso wo wa go šaena
SPCS/data/audio/009/009_Female_26_55.wav,diswantšho tša cctv
SPCS/data/audio/005/005_Male_26_186.wav,labohlano la di eighteen november
SPCS/data/audio/002/002_Male_24_348.wav,tšeo di transportilego batho
SPCS/data/audio/006/006_Male_23_108.wav,okay ke a leboga
SPCS/data/audio/017/017_Male_22_146.wav,of real gospel music
SPCS/data/audio/015/015_Female_91_438.wav,a festival with a purpose
SPCS/data/audio/011/011_Female_21_72.wav,ka gare ga traffic circle
SPCS/data/audio/010/010_Male_22_316.wav,bakgopedi ba di tendera
SPCS/data/audio/008/008_Male_23_345.wav,ba phasa
SPCS/data/audio/007/007_Male_23_37.wav,go papadi ya netball
SPCS/data/audio/004/004_Female_17_598.wav,suggestion ya ka
SPCS/data/audio/011/011_Female_21_174.wav,ke yona disability
SPCS/data/audio/011/011_Female_21_20.wav,di pamphlets tša festival ye
SPCS/data/audio/016/016_Female_21_314.wav,le di posts tša ka
SPCS/data/audio/011/011_Female_21_285.wav,di jersey le di tracksuit
SPCS/data/audio/012/012_Female_20_24.wav,re leba ka studio six
SPCS/data/audio/013/013_Male_27_344.wav,ke a ratang a bibele
SPCS/data/audio/007/007_Male_23_558.wav,go šomišana le di stakeholders
SPCS/data/audio/006/006_Male_23_80.wav,e le go mo blocka
SPCS/data/audio/006/006_Male_23_642.wav,dira diimport and export
SPCS/data/audio/014/014_Male_25_331.wav,recharga ka MTN easy
SPCS/data/audio/004/004_Female_17_582.wav,ka raloka polo
SPCS/data/audio/012/012_Female_20_477.wav,ya jewa two one
SPCS/data/audio/009/009_Female_26_139.wav,holong ya masepala
SPCS/data/audio/018/018_Male_21_202.wav,ge a ka dira appeal
SPCS/data/audio/017/017_Male_22_210.wav,ditaba tša dipapadi tša swimming
SPCS/data/audio/004/004_Female_17_451.wav,go dipapadi tša crickete
SPCS/data/audio/008/008_Male_23_439.wav,re palelwa ke go copa
SPCS/data/audio/002/002_Male_24_707.wav,of real gospel music
SPCS/data/audio/015/015_Female_91_247.wav,re e bone talente
SPCS/data/audio/005/005_Male_26_36.wav,di pamphlets tša festival ye
SPCS/data/audio/016/016_Female_21_585.wav,filimi tša metsotso ye masomepedi
SPCS/data/audio/011/011_Female_21_283.wav,re palelwa ke go copa
SPCS/data/audio/015/015_Female_91_653.wav,university of technology
SPCS/data/audio/004/004_Female_17_182.wav,komišene yeo e hlomilwego
SPCS/data/audio/013/013_Male_27_28.wav,ke fashion ya go tsenelela
SPCS/data/audio/008/008_Male_23_410.wav,province yengwe le yengwe
SPCS/data/audio/010/010_Male_22_505.wav,facer bjang girlfriend ya gagwe
SPCS/data/audio/008/008_Male_23_74.wav,brithani
SPCS/data/audio/002/002_Male_24_746.wav,steše sa go kala dikoloi
SPCS/data/audio/002/002_Male_24_244.wav,retshwenya ke di drugs
SPCS/data/audio/020/020_Male_20_203.wav,konsarata tša mmino
SPCS/data/audio/007/007_Male_23_649.wav,ranta kgahlanong le euro
SPCS/data/audio/014/014_Male_25_92.wav,facer bjang girlfriend ya gagwe
SPCS/data/audio/014/014_Male_25_223.wav,ke sepela ka sekuta
SPCS/data/audio/013/013_Male_27_277.wav,ka hwetša twenty percent discount
SPCS/data/audio/012/012_Female_20_512.wav,a dira loan e tee
SPCS/data/audio/017/017_Male_22_312.wav,ke lekola file ya gago
SPCS/data/audio/016/016_Female_21_468.wav,go dipapadi tša crickete
SPCS/data/audio/009/009_Female_26_34.wav,go dipapadi tša crickete
SPCS/data/audio/004/004_Female_17_542.wav,shopping center tše di kgolwane
SPCS/data/audio/019/019_Male_23_142.wav,team ya gagwe ya go
SPCS/data/audio/006/006_Male_23_1012.wav,o hlokagetše fleteng ya gage
SPCS/data/audio/012/012_Female_20_153.wav,wa leloko la board
SPCS/data/audio/006/006_Male_23_815.wav,wa porega bjang
SPCS/data/audio/007/007_Male_23_761.wav,barutiši ba sekolo sa primary
SPCS/data/audio/006/006_Male_23_495.wav,o tlo nyaka green pepper
SPCS/data/audio/012/012_Female_20_176.wav,labohlano la di eighteen november
SPCS/data/audio/008/008_Male_23_54.wav,ga ba fetole my comments
SPCS/data/audio/017/017_Male_22_132.wav,date yela ke di nineteen
SPCS/data/audio/006/006_Male_23_916.wav,ka landline
SPCS/data/audio/002/002_Male_24_319.wav,re beakantše ya agriculture
SPCS/data/audio/001/001_Female_23_471.wav,lane ya letsogo la goja
SPCS/data/audio/014/014_Male_25_96.wav,kare ke fashion ye nngwe
SPCS/data/audio/003/003_Female_27_505.wav,bao ba etetšego flat
SPCS/data/audio/011/011_Female_21_21.wav,ge e le second half
SPCS/data/audio/006/006_Male_23_162.wav,pele a eya di awardeng
SPCS/data/audio/013/013_Male_27_488.wav,ka company ya engineering
SPCS/data/audio/013/013_Male_27_426.wav,hlaelelo ya diesel ya sulphur
SPCS/data/audio/020/020_Male_20_463.wav,pressure ke e ntšhi ye
SPCS/data/audio/019/019_Male_23_396.wav,ge e le second half
SPCS/data/audio/020/020_Male_20_52.wav,o nale disability
SPCS/data/audio/009/009_Female_26_199.wav,hlaelelo ya diesel ya sulphur
SPCS/data/audio/005/005_Male_26_63.wav,mafelo a go socialisa
SPCS/data/audio/006/006_Male_23_867.wav,go ya united kingdom
SPCS/data/audio/010/010_Male_22_62.wav,ba grade four to seven
SPCS/data/audio/017/017_Male_22_60.wav,ge a dulela go commenta
SPCS/data/audio/001/001_Female_23_540.wav,rena re le radio
SPCS/data/audio/002/002_Male_24_305.wav,account ya yona e ka
SPCS/data/audio/001/001_Female_23_358.wav,red pepper e tee
SPCS/data/audio/008/008_Male_23_234.wav,ka hwetša twenty percent discount
SPCS/data/audio/001/001_Female_23_58.wav,dira diimport and export
SPCS/data/audio/020/020_Male_20_209.wav,ba le fa di pamphlets
SPCS/data/audio/019/019_Male_23_50.wav,napile professor
SPCS/data/audio/005/005_Male_26_188.wav,re ka ba le agency
SPCS/data/audio/014/014_Male_25_413.wav,ga ba fetole my comments
SPCS/data/audio/004/004_Female_17_468.wav,go feta maatla a ranta
SPCS/data/audio/014/014_Male_25_121.wav,uniform ya bana ya sekolo
SPCS/data/audio/003/003_Female_27_365.wav,ba phasa
SPCS/data/audio/013/013_Male_27_182.wav,o auditione mo districting engwe
SPCS/data/audio/010/010_Male_22_382.wav,feleletše a invita ga ntši
SPCS/data/audio/018/018_Male_21_278.wav,e nale plan ya gore
SPCS/data/audio/016/016_Female_21_241.wav,go roaster nama ya nku
SPCS/data/audio/008/008_Male_23_237.wav,magistrata wa tikologo gosasa
SPCS/data/audio/013/013_Male_27_382.wav,go ya united kingdom
SPCS/data/audio/011/011_Female_21_156.wav,ka thulwa ke taxi
SPCS/data/audio/005/005_Male_26_324.wav,ntlo tše botse tša quality
SPCS/data/audio/007/007_Male_23_420.wav,ba le fa di pamphlets
SPCS/data/audio/016/016_Female_21_57.wav,e tsebagaditše di projeke
SPCS/data/audio/017/017_Male_22_479.wav,o hlokagetše fleteng ya gage
SPCS/data/audio/017/017_Male_22_461.wav,baswa ba tšwile pateng
SPCS/data/audio/006/006_Male_23_266.wav,e tsebagaditše di projeke
SPCS/data/audio/007/007_Male_23_704.wav,ba ntšhitše di bus
SPCS/data/audio/019/019_Male_23_496.wav,morutiši ka panga
SPCS/data/audio/020/020_Male_20_343.wav,lokiša hundred and twenty rand
SPCS/data/audio/016/016_Female_21_195.wav,di exhibitors di tlile
SPCS/data/audio/007/007_Male_23_786.wav,recharga ka MTN easy
SPCS/data/audio/018/018_Male_21_1.wav,ba sepela ka di crutches
SPCS/data/audio/014/014_Male_25_358.wav,go hwetša di opportunities
SPCS/data/audio/006/006_Male_23_860.wav,motho a applyele mphiwafela
SPCS/data/audio/020/020_Male_20_488.wav,traffic lights ga di bereke
SPCS/data/audio/007/007_Male_23_727.wav,swere di kontraka tša mengwaga
SPCS/data/audio/015/015_Female_91_129.wav,jealous ke bolwetši
SPCS/data/audio/007/007_Male_23_101.wav,go kreya di opportunities
SPCS/data/audio/019/019_Male_23_114.wav,a ba fa citizen report
SPCS/data/audio/005/005_Male_26_74.wav,dira kgopelo ya loan
SPCS/data/audio/017/017_Male_22_415.wav,dollara go ya United Kingdom
SPCS/data/audio/010/010_Male_22_235.wav,ge motho a dira abortion
SPCS/data/audio/011/011_Female_21_190.wav,la national planning commission
SPCS/data/audio/012/012_Female_20_175.wav,ikopanye le mokhanselara
SPCS/data/audio/008/008_Male_23_249.wav,lamb or nku
SPCS/data/audio/018/018_Male_21_358.wav,wa mohuta wa tic
SPCS/data/audio/002/002_Male_24_573.wav,baswa ba tšwile pateng
SPCS/data/audio/015/015_Female_91_69.wav,ke goletše mo lekeišeneng
SPCS/data/audio/008/008_Male_23_314.wav,one twenty fela
SPCS/data/audio/006/006_Male_23_10.wav,ka company ya engineering
SPCS/data/audio/002/002_Male_24_60.wav,ba re romele di form
SPCS/data/audio/002/002_Male_24_527.wav,dollara go ya United Kingdom
SPCS/data/audio/006/006_Male_23_792.wav,mathata a di grant
SPCS/data/audio/018/018_Male_21_161.wav,di jersey le di tracksuit
SPCS/data/audio/017/017_Male_22_409.wav,red pepper e tee
SPCS/data/audio/015/015_Female_91_623.wav,fifteen thousand runs
SPCS/data/audio/015/015_Female_91_636.wav,ka landline
SPCS/data/audio/005/005_Male_26_353.wav,wa nyaka spinach
SPCS/data/audio/016/016_Female_21_258.wav,disturba o sa re wa
SPCS/data/audio/013/013_Male_27_298.wav,hundred and seventy thousand
SPCS/data/audio/018/018_Male_21_120.wav,le le recodilwego
SPCS/data/audio/007/007_Male_23_152.wav,filimi tša metsotso ye masomepedi
SPCS/data/audio/002/002_Male_24_347.wav,re e bone talente
SPCS/data/audio/007/007_Male_23_434.wav,ka two thousand and eight
SPCS/data/audio/002/002_Male_24_818.wav,le di track suit
SPCS/data/audio/009/009_Female_26_326.wav,rena ba bangwe re sensitive
SPCS/data/audio/011/011_Female_21_514.wav,gona fa tournamenteng ye
SPCS/data/audio/005/005_Male_26_152.wav,ba changile di address
SPCS/data/audio/006/006_Male_23_520.wav,le di posts tša ka
SPCS/data/audio/010/010_Male_22_430.wav,ke bona project ya lena
SPCS/data/audio/007/007_Male_23_89.wav,e be di official residents
SPCS/data/audio/004/004_Female_17_108.wav,ikopanye le mokhanselara
SPCS/data/audio/006/006_Male_23_566.wav,mantlo a fifteen thousand
SPCS/data/audio/002/002_Male_24_555.wav,go hwetša di opportunities
SPCS/data/audio/010/010_Male_22_510.wav,barutiši ba sekolo sa primary
SPCS/data/audio/007/007_Male_23_743.wav,e fetang eight million rands
SPCS/data/audio/011/011_Female_21_377.wav,sona ka accounteng ya banka
SPCS/data/audio/018/018_Male_21_73.wav,of those days
SPCS/data/audio/011/011_Female_21_130.wav,go swerwe festival ya kakapa
SPCS/data/audio/013/013_Male_27_283.wav,excellence awards
SPCS/data/audio/006/006_Male_23_336.wav,re ka ba le agency
SPCS/data/audio/008/008_Male_23_245.wav,komišene ya bosetšhaba
SPCS/data/audio/004/004_Female_17_251.wav,especially young people
SPCS/data/audio/007/007_Male_23_81.wav,mathata a di grant
SPCS/data/audio/007/007_Male_23_702.wav,re e bone talente
SPCS/data/audio/014/014_Male_25_318.wav,pressure ke e ntšhi ye
SPCS/data/audio/009/009_Female_26_222.wav,ntšhitše di sprinter tše two
SPCS/data/audio/012/012_Female_20_44.wav,ka dilo tša material
SPCS/data/audio/003/003_Female_27_569.wav,re beakantše ya agriculture
SPCS/data/audio/007/007_Male_23_500.wav,ka hwetša twenty percent discount
SPCS/data/audio/017/017_Male_22_385.wav,le a re tracer naa
SPCS/data/audio/016/016_Female_21_299.wav,nna ke blockile batho
SPCS/data/audio/002/002_Male_24_130.wav,bible e bolela bjalo
SPCS/data/audio/006/006_Male_23_554.wav,di tlileng go tlo exhibita
SPCS/data/audio/007/007_Male_23_623.wav,nna ke blockile batho
SPCS/data/audio/017/017_Male_22_431.wav,lane e tee e tšwaletše
SPCS/data/audio/011/011_Female_21_210.wav,go buša order
SPCS/data/audio/016/016_Female_21_514.wav,mathata a di grant
SPCS/data/audio/003/003_Female_27_193.wav,re leba ka studio six
SPCS/data/audio/005/005_Male_26_321.wav,rapelelwa peace love and harmony
SPCS/data/audio/008/008_Male_23_235.wav,go feta maatla a ranta
SPCS/data/audio/007/007_Male_23_128.wav,ge go nyakega copy
SPCS/data/audio/006/006_Male_23_853.wav,labohlano la di eighteen november
SPCS/data/audio/018/018_Male_21_418.wav,lamb or nku
SPCS/data/audio/020/020_Male_20_116.wav,rena ba bangwe re sensitive
SPCS/data/audio/007/007_Male_23_140.wav,holong ya masepala
SPCS/data/audio/009/009_Female_26_182.wav,go buša order
SPCS/data/audio/019/019_Male_23_98.wav,re ka ba le agency
SPCS/data/audio/004/004_Female_17_197.wav,ounce e tee ke
SPCS/data/audio/015/015_Female_91_356.wav,magistrata wa tikologo gosasa
SPCS/data/audio/009/009_Female_26_10.wav,basadi ba nale pressure
SPCS/data/audio/018/018_Male_21_203.wav,tšwela pele bjalo ka presidente
SPCS/data/audio/010/010_Male_22_477.wav,ba le fa di pamphlets
SPCS/data/audio/013/013_Male_27_138.wav,exhibition e ebile ka mokgo
SPCS/data/audio/001/001_Female_23_205.wav,di jeresi tše di botse
SPCS/data/audio/014/014_Male_25_417.wav,a bona profile ya ka
SPCS/data/audio/011/011_Female_21_278.wav,ke fashion ya go tsenelela
SPCS/data/audio/002/002_Male_24_202.wav,pele o ka tlotša polish
SPCS/data/audio/001/001_Female_23_562.wav,e fetang eight million rands
SPCS/data/audio/008/008_Male_23_133.wav,ka di six tša december
SPCS/data/audio/005/005_Male_26_452.wav,nna ga ke coach
SPCS/data/audio/008/008_Male_23_111.wav,ke nale shopo ya ka
SPCS/data/audio/001/001_Female_23_267.wav,holong ya masepala
SPCS/data/audio/012/012_Female_20_103.wav,o re hello le kae
SPCS/data/audio/009/009_Female_26_258.wav,bakgopedi ba di tendera
SPCS/data/audio/005/005_Male_26_167.wav,ke tswaletše account kua bankeng
SPCS/data/audio/012/012_Female_20_28.wav,ya jewa two one
SPCS/data/audio/003/003_Female_27_427.wav,di results le se meetseng
SPCS/data/audio/003/003_Female_27_561.wav,swarelwa ka peter mokaba stadium
SPCS/data/audio/018/018_Male_21_111.wav,o robile record
SPCS/data/audio/003/003_Female_27_15.wav,kgoro ya tsheko ya mmasetrata
SPCS/data/audio/017/017_Male_22_503.wav,feleletše a invita ga ntši
SPCS/data/audio/018/018_Male_21_238.wav,ka di photo tsa go
SPCS/data/audio/004/004_Female_17_377.wav,go amana le di athletiki
SPCS/data/audio/004/004_Female_17_376.wav,ebile ga se wena coach
SPCS/data/audio/001/001_Female_23_351.wav,di results le se meetseng
SPCS/data/audio/019/019_Male_23_493.wav,di ofisi tša rena magaeng
SPCS/data/audio/011/011_Female_21_221.wav,a beilego record e ntshwa
SPCS/data/audio/014/014_Male_25_231.wav,mo historing ya rena
SPCS/data/audio/002/002_Male_24_87.wav,ke lekola file ya gago
SPCS/data/audio/011/011_Female_21_35.wav,steše sa go kala dikoloi
SPCS/data/audio/012/012_Female_20_475.wav,di pamphlets tša festival ye
SPCS/data/audio/016/016_Female_21_344.wav,okay ke a leboga
SPCS/data/audio/016/016_Female_21_516.wav,ba home affairs
SPCS/data/audio/006/006_Male_23_993.wav,home affairs ba tla be
SPCS/data/audio/012/012_Female_20_446.wav,ticket ke gona e sepela
SPCS/data/audio/009/009_Female_26_296.wav,šomiša di million tse lekgolo
SPCS/data/audio/002/002_Male_24_399.wav,batho bale ba go repossesa
SPCS/data/audio/009/009_Female_26_240.wav,bohlaba bja toropo ya Pretoria
SPCS/data/audio/007/007_Male_23_369.wav,mabapi le di exhibition
SPCS/data/audio/004/004_Female_17_139.wav,there is better way
SPCS/data/audio/008/008_Male_23_179.wav,direga eng mo operation repo
SPCS/data/audio/007/007_Male_23_528.wav,le di track suit
SPCS/data/audio/014/014_Male_25_91.wav,ba tšea ke camera
SPCS/data/audio/002/002_Male_24_799.wav,nkgahlilego kudu ke ya corruption
SPCS/data/audio/002/002_Male_24_689.wav,ka di six tša december
SPCS/data/audio/009/009_Female_26_115.wav,wa two thousand and nine
SPCS/data/audio/006/006_Male_23_443.wav,lane e tee e tšwaletše
SPCS/data/audio/004/004_Female_17_349.wav,e nyenyefatše gore jewellery
SPCS/data/audio/002/002_Male_24_294.wav,ranta kgahlanong le euro
SPCS/data/audio/015/015_Female_91_11.wav,di principles tša batho pele
SPCS/data/audio/020/020_Male_20_313.wav,tšona di skills
SPCS/data/audio/011/011_Female_21_465.wav,nyakago di tickets tša festival
SPCS/data/audio/010/010_Male_22_495.wav,nyakago di tickets tša festival
SPCS/data/audio/016/016_Female_21_201.wav,le le recodilwego
SPCS/data/audio/010/010_Male_22_228.wav,go bolela le bona gore
SPCS/data/audio/010/010_Male_22_594.wav,motho wo a di applyelang
SPCS/data/audio/018/018_Male_21_226.wav,a mbora ka nako yeo
SPCS/data/audio/016/016_Female_21_410.wav,tankana tše pedi
SPCS/data/audio/012/012_Female_20_470.wav,la tharo december twenty eleven
SPCS/data/audio/002/002_Male_24_594.wav,ke salad yeo e loketšego
SPCS/data/audio/008/008_Male_23_387.wav,batho ba di cellphone
SPCS/data/audio/010/010_Male_22_677.wav,fokotša koketšo ya di gas
SPCS/data/audio/006/006_Male_23_579.wav,o nyaka thušo ya business
SPCS/data/audio/016/016_Female_21_115.wav,one twenty fela
SPCS/data/audio/018/018_Male_21_131.wav,hweditše di report tše botse
SPCS/data/audio/012/012_Female_20_588.wav,lokiša hundred and twenty rand
SPCS/data/audio/010/010_Male_22_458.wav,di results la mathomo ba
SPCS/data/audio/003/003_Female_27_585.wav,e nyenyefatše gore jewellery
SPCS/data/audio/002/002_Male_24_744.wav,ba grade four to seven
SPCS/data/audio/009/009_Female_26_363.wav,di tlileng go tlo exhibita
SPCS/data/audio/013/013_Male_27_337.wav,doctor re a le amogela
SPCS/data/audio/007/007_Male_23_358.wav,swarelwa ka peter mokaba stadium
SPCS/data/audio/013/013_Male_27_494.wav,di wheelchair di tletše gohle
SPCS/data/audio/013/013_Male_27_365.wav,taba tše tša histori
SPCS/data/audio/009/009_Female_26_149.wav,kgona go isupporta
SPCS/data/audio/002/002_Male_24_285.wav,e le go mo blocka
SPCS/data/audio/012/012_Female_20_576.wav,morutiši ka panga
SPCS/data/audio/019/019_Male_23_430.wav,ka january a ka emiša
SPCS/data/audio/007/007_Male_23_466.wav,go leka go impressa basadi
SPCS/data/audio/002/002_Male_24_602.wav,lokela ka gare ga plastiki
SPCS/data/audio/001/001_Female_23_132.wav,ba grade four to seven
SPCS/data/audio/018/018_Male_21_453.wav,go kreya di opportunities
SPCS/data/audio/014/014_Male_25_206.wav,ka june ya ngwaga wona
SPCS/data/audio/002/002_Male_24_195.wav,ditaba ka Standford Matlou
SPCS/data/audio/001/001_Female_23_369.wav,ditaba ka Standford Matlou
SPCS/data/audio/016/016_Female_21_260.wav,jealous ke bolwetši
SPCS/data/audio/015/015_Female_91_367.wav,the best you can do
SPCS/data/audio/012/012_Female_20_383.wav,ba go hwetša degree ye
SPCS/data/audio/008/008_Male_23_252.wav,o re hello le kae
SPCS/data/audio/016/016_Female_21_75.wav,go accessa ditirelo tša rena
SPCS/data/audio/017/017_Male_22_10.wav,go nale di diagnostic indicators
SPCS/data/audio/006/006_Male_23_773.wav,komišene ya bosetšhaba
SPCS/data/audio/006/006_Male_23_46.wav,presidente ya league ya baswa
SPCS/data/audio/005/005_Male_26_117.wav,e tsebagaditše di projeke
SPCS/data/audio/008/008_Male_23_15.wav,go nale di diagnostic indicators
SPCS/data/audio/012/012_Female_20_323.wav,ke ngwana o mo sharp
SPCS/data/audio/002/002_Male_24_79.wav,shopping center tše di kgolwane
SPCS/data/audio/009/009_Female_26_456.wav,lenaneo la television
SPCS/data/audio/008/008_Male_23_176.wav,ge e le second half
SPCS/data/audio/017/017_Male_22_54.wav,feleletše a invita ga ntši
SPCS/data/audio/014/014_Male_25_201.wav,ba changile di address
SPCS/data/audio/019/019_Male_23_43.wav,e be di official residents
SPCS/data/audio/007/007_Male_23_518.wav,o re hello le kae
SPCS/data/audio/015/015_Female_91_223.wav,tsenela dikgwebo tša construction
SPCS/data/audio/005/005_Male_26_424.wav,dira diimport and export
SPCS/data/audio/020/020_Male_20_221.wav,tšwa go album ya majakathata
SPCS/data/audio/003/003_Female_27_495.wav,ka se tlo confront motho
SPCS/data/audio/005/005_Male_26_476.wav,tšwa go album ya majakathata
SPCS/data/audio/010/010_Male_22_172.wav,ka twenty fifteen
SPCS/data/audio/004/004_Female_17_574.wav,di principles tša batho pele
SPCS/data/audio/011/011_Female_21_123.wav,ba na le di disability
SPCS/data/audio/016/016_Female_21_246.wav,ka company ya engineering
SPCS/data/audio/017/017_Male_22_181.wav,kare ke fashion ye nngwe
SPCS/data/audio/012/012_Female_20_406.wav,ba suggesta gore rena re
SPCS/data/audio/016/016_Female_21_457.wav,projeke ya setšhaba
SPCS/data/audio/013/013_Male_27_368.wav,labohlano la di eighteen november
SPCS/data/audio/014/014_Male_25_169.wav,goba yona art
SPCS/data/audio/020/020_Male_20_55.wav,the head of department
SPCS/data/audio/011/011_Female_21_172.wav,e be agency fela
SPCS/data/audio/007/007_Male_23_262.wav,ka company ya engineering
SPCS/data/audio/007/007_Male_23_529.wav,lenaneo la outreach
SPCS/data/audio/011/011_Female_21_128.wav,re kwešiša position ya bona
SPCS/data/audio/006/006_Male_23_587.wav,gammogo le quantum ye one
SPCS/data/audio/001/001_Female_23_6.wav,bangwe ga ba na timing
SPCS/data/audio/004/004_Female_17_285.wav,nna ke blockile morago ga
SPCS/data/audio/012/012_Female_20_343.wav,wa nyaka spinach
SPCS/data/audio/006/006_Male_23_1029.wav,nna ke blockile morago ga
SPCS/data/audio/011/011_Female_21_494.wav,banna ba na le pressure
SPCS/data/audio/003/003_Female_27_442.wav,go lokišwa tsela ko Nigel
SPCS/data/audio/020/020_Male_20_229.wav,ranta e wele
SPCS/data/audio/009/009_Female_26_38.wav,gore a ka se afforde
SPCS/data/audio/005/005_Male_26_198.wav,e na le barcode
SPCS/data/audio/004/004_Female_17_312.wav,di robot ga di šome
SPCS/data/audio/008/008_Male_23_177.wav,ya jewa two one
SPCS/data/audio/013/013_Male_27_330.wav,wa porega bjang
SPCS/data/audio/007/007_Male_23_412.wav,ticket ke gona e sepela
SPCS/data/audio/004/004_Female_17_497.wav,mathata a di grant
SPCS/data/audio/010/010_Male_22_398.wav,ranta kgahlanong le euro
SPCS/data/audio/002/002_Male_24_829.wav,di ofisi tša rena magaeng
SPCS/data/audio/019/019_Male_23_334.wav,dira diimport and export
SPCS/data/audio/003/003_Female_27_198.wav,ke reality show ya television
SPCS/data/audio/008/008_Male_23_28.wav,o ka se confront lapa
SPCS/data/audio/006/006_Male_23_385.wav,a beilego record e ntshwa
SPCS/data/audio/002/002_Male_24_435.wav,e be agency fela
SPCS/data/audio/010/010_Male_22_644.wav,ke fishing
SPCS/data/audio/018/018_Male_21_490.wav,mo historing ya rena
SPCS/data/audio/006/006_Male_23_943.wav,yellow pepper e tee
SPCS/data/audio/012/012_Female_20_544.wav,a bolailwego ka panga
SPCS/data/audio/009/009_Female_26_434.wav,e fetang eight million rands
SPCS/data/audio/005/005_Male_26_103.wav,kgona go ka ba corruptable
SPCS/data/audio/007/007_Male_23_269.wav,nna ke a porega
SPCS/data/audio/002/002_Male_24_894.wav,go phatlalala le province
SPCS/data/audio/015/015_Female_91_451.wav,motho a applyele mphiwafela
SPCS/data/audio/008/008_Male_23_335.wav,filimi tša metsotso ye masomepedi
SPCS/data/audio/018/018_Male_21_69.wav,ka raloka polo
SPCS/data/audio/016/016_Female_21_340.wav,di ranta tša go feta
SPCS/data/audio/004/004_Female_17_386.wav,swere di kontraka tša mengwaga
SPCS/data/audio/004/004_Female_17_271.wav,ke salad yeo e loketšego
SPCS/data/audio/020/020_Male_20_427.wav,ba mo knockile
SPCS/data/audio/009/009_Female_26_454.wav,wa mohuta wa tic
SPCS/data/audio/004/004_Female_17_215.wav,wa boraro ga se semi-automatic
SPCS/data/audio/006/006_Male_23_99.wav,banka ya gona
SPCS/data/audio/013/013_Male_27_397.wav,go bolela le bona gore
SPCS/data/audio/007/007_Male_23_139.wav,taba tše tša histori
SPCS/data/audio/005/005_Male_26_256.wav,ke fishing
SPCS/data/audio/006/006_Male_23_876.wav,angle ka moka ga tšona
SPCS/data/audio/002/002_Male_24_387.wav,ka two thousand and eight
SPCS/data/audio/019/019_Male_23_18.wav,ga o tlo re hello
SPCS/data/audio/014/014_Male_25_437.wav,lane ya letsogo la goja
SPCS/data/audio/015/015_Female_91_133.wav,ntlo tše botse tša quality
SPCS/data/audio/013/013_Male_27_155.wav,ya go rekiša jewellery
SPCS/data/audio/002/002_Male_24_688.wav,for go transporta baswa ba
SPCS/data/audio/006/006_Male_23_76.wav,bangwe ga ba na timing
SPCS/data/audio/003/003_Female_27_115.wav,exhibition e ebile ka mokgo
SPCS/data/audio/011/011_Female_21_401.wav,di exhibition tše tša lena
SPCS/data/audio/001/001_Female_23_37.wav,exhibition yela ra go bolela
SPCS/data/audio/008/008_Male_23_50.wav,updata status ga ba commente
SPCS/data/audio/019/019_Male_23_134.wav,o swara style
SPCS/data/audio/016/016_Female_21_500.wav,phone ya ka e be
SPCS/data/audio/002/002_Male_24_615.wav,feleletše a invita ga ntši
SPCS/data/audio/002/002_Male_24_240.wav,baswa leading the right life
SPCS/data/audio/012/012_Female_20_96.wav,komišene ya bosetšhaba
SPCS/data/audio/013/013_Male_27_11.wav,festival ya kgoparara ya thobelaFM
SPCS/data/audio/002/002_Male_24_227.wav,disturba o sa re wa
SPCS/data/audio/017/017_Male_22_393.wav,komišene yeo e hlomilwego
SPCS/data/audio/009/009_Female_26_239.wav,bitšwa University of the North
SPCS/data/audio/002/002_Male_24_181.wav,hweditše di report tše botse
SPCS/data/audio/018/018_Male_21_71.wav,set my record straight
SPCS/data/audio/006/006_Male_23_54.wav,o nyaka butternut e tee
SPCS/data/audio/018/018_Male_21_439.wav,le child support grant
SPCS/data/audio/014/014_Male_25_209.wav,wa two thousand and nine
SPCS/data/audio/003/003_Female_27_48.wav,o ka se confront lapa
SPCS/data/audio/020/020_Male_20_395.wav,mmušo wa rena wa democracy
SPCS/data/audio/010/010_Male_22_519.wav,o nale account ya banka
SPCS/data/audio/003/003_Female_27_432.wav,ke thomile ministry ke
SPCS/data/audio/017/017_Male_22_354.wav,gopola gore facebook ya rena
SPCS/data/audio/017/017_Male_22_512.wav,nako e ngwe o ntheka
SPCS/data/audio/020/020_Male_20_286.wav,kgona go go rekela airtime
SPCS/data/audio/013/013_Male_27_197.wav,ba le fa di pamphlets
SPCS/data/audio/007/007_Male_23_682.wav,di exhibition tše tša lena
SPCS/data/audio/010/010_Male_22_654.wav,university of technology
SPCS/data/audio/013/013_Male_27_144.wav,be interested go construction fela
SPCS/data/audio/012/012_Female_20_435.wav,di results la mathomo ba
SPCS/data/audio/018/018_Male_21_25.wav,account ya kua bankeng
SPCS/data/audio/005/005_Male_26_440.wav,ba ntšhitše di bus
SPCS/data/audio/014/014_Male_25_284.wav,hundred and seven for two
SPCS/data/audio/003/003_Female_27_226.wav,go feta eight million rand
SPCS/data/audio/003/003_Female_27_545.wav,mošomo wa psychometric
SPCS/data/audio/011/011_Female_21_411.wav,training academy ya di art
SPCS/data/audio/003/003_Female_27_472.wav,nna ke a porega
SPCS/data/audio/006/006_Male_23_551.wav,exhibition e ebile ka mokgo
SPCS/data/audio/006/006_Male_23_98.wav,sona ka accounteng ya banka
SPCS/data/audio/010/010_Male_22_225.wav,set my record straight
SPCS/data/audio/006/006_Male_23_205.wav,o ka re romela email
SPCS/data/audio/020/020_Male_20_469.wav,red pepper e tee
SPCS/data/audio/003/003_Female_27_155.wav,di results la mathomo ba
SPCS/data/audio/013/013_Male_27_472.wav,tsamaya ka di public transport
SPCS/data/audio/011/011_Female_21_474.wav,ba tšea ke camera
SPCS/data/audio/009/009_Female_26_114.wav,ka twenty fifteen
SPCS/data/audio/002/002_Male_24_752.wav,o nale account ya banka
SPCS/data/audio/004/004_Female_17_199.wav,yellow pepper e tee
SPCS/data/audio/018/018_Male_21_122.wav,o mo top hundred
SPCS/data/audio/018/018_Male_21_17.wav,wo ka di nine
SPCS/data/audio/017/017_Male_22_89.wav,okay ke a leboga
SPCS/data/audio/011/011_Female_21_154.wav,go tšwa police station
SPCS/data/audio/019/019_Male_23_406.wav,kare ke fashion ye nngwe
SPCS/data/audio/007/007_Male_23_356.wav,di ranta tša go feta
SPCS/data/audio/010/010_Male_22_622.wav,papadi e le ya crickete
SPCS/data/audio/002/002_Male_24_381.wav,di company tša afrika borwa
SPCS/data/audio/010/010_Male_22_394.wav,go tsena tsena ga dipolotiki
SPCS/data/audio/004/004_Female_17_390.wav,motšhene wa go hlahlela ka
SPCS/data/audio/005/005_Male_26_269.wav,pressure ke e ntšhi ye
SPCS/data/audio/008/008_Male_23_97.wav,attendance e thomile e le
SPCS/data/audio/013/013_Male_27_126.wav,ba go hwetša degree ye
SPCS/data/audio/016/016_Female_21_399.wav,category tše nne tša
SPCS/data/audio/012/012_Female_20_243.wav,ke blockile celebrities
SPCS/data/audio/018/018_Male_21_423.wav,o ithopela two thousand rand
SPCS/data/audio/009/009_Female_26_516.wav,e tšhaba tšhaba mo networkeng
SPCS/data/audio/011/011_Female_21_273.wav,tsamaya ka di public transport
SPCS/data/audio/007/007_Male_23_333.wav,gore o ngwala di posts
SPCS/data/audio/010/010_Male_22_196.wav,taba tše tša histori
SPCS/data/audio/018/018_Male_21_328.wav,wa non-automatic
SPCS/data/audio/009/009_Female_26_241.wav,ditaba ka Standford Matlou
SPCS/data/audio/009/009_Female_26_225.wav,di polio
SPCS/data/audio/002/002_Male_24_230.wav,rapelelwa peace love and harmony
SPCS/data/audio/013/013_Male_27_390.wav,go nale diagnostic indicators
SPCS/data/audio/015/015_Female_91_371.wav,o re hello le kae
SPCS/data/audio/004/004_Female_17_280.wav,o tlo ntšha plastic bag
SPCS/data/audio/016/016_Female_21_95.wav,doctor re a le amogela
SPCS/data/audio/017/017_Male_22_534.wav,di ranta tša go feta
SPCS/data/audio/016/016_Female_21_540.wav,ba re romele di form
SPCS/data/audio/012/012_Female_20_318.wav,especially young people
SPCS/data/audio/004/004_Female_17_454.wav,gona fa tournamenteng ye
SPCS/data/audio/012/012_Female_20_168.wav,ke lekola file ya gago
SPCS/data/audio/017/017_Male_22_76.wav,ke mang fiance ya gago
SPCS/data/audio/017/017_Male_22_62.wav,gore o ngwala di posts
SPCS/data/audio/002/002_Male_24_357.wav,wa kgona go auditiona mo
SPCS/data/audio/010/010_Male_22_686.wav,traffic lights ga di šome
SPCS/data/audio/018/018_Male_21_370.wav,banna ba na le pressure
SPCS/data/audio/001/001_Female_23_269.wav,labohlano la di eighteen november
SPCS/data/audio/016/016_Female_21_61.wav,go bopa furnitura
SPCS/data/audio/008/008_Male_23_119.wav,ba di bitšang di learnership
SPCS/data/audio/012/012_Female_20_81.wav,se dira ke go taela
SPCS/data/audio/011/011_Female_21_177.wav,kgona go isupporta
SPCS/data/audio/005/005_Male_26_250.wav,go tla interview
SPCS/data/audio/004/004_Female_17_281.wav,o ileng wa mo blocka
SPCS/data/audio/012/012_Female_20_238.wav,batho ba di cellphone
SPCS/data/audio/014/014_Male_25_68.wav,bobedi ke wola wa semi-automatic
SPCS/data/audio/011/011_Female_21_503.wav,ka january a ka emiša
SPCS/data/audio/011/011_Female_21_165.wav,mo historing ya rena
SPCS/data/audio/014/014_Male_25_388.wav,ba hlwela television
SPCS/data/audio/003/003_Female_27_610.wav,ke lekola file ya gago
SPCS/data/audio/015/015_Female_91_63.wav,eighteen minutes to four
SPCS/data/audio/018/018_Male_21_379.wav,ka january a ka emiša
SPCS/data/audio/004/004_Female_17_21.wav,magistrata wa tikologo gosasa
SPCS/data/audio/006/006_Male_23_694.wav,tšwa go album ya majakathata
SPCS/data/audio/012/012_Female_20_354.wav,ga ba fetole my comments
SPCS/data/audio/009/009_Female_26_277.wav,kgopelo ya bail
SPCS/data/audio/009/009_Female_26_271.wav,ba ile festivaleng
SPCS/data/audio/007/007_Male_23_175.wav,and few ke ka kerekeng
SPCS/data/audio/002/002_Male_24_345.wav,business ya ka e kgone
SPCS/data/audio/005/005_Male_26_64.wav,goba di parkeng
SPCS/data/audio/006/006_Male_23_325.wav,ke le busy ka ofising
SPCS/data/audio/005/005_Male_26_260.wav,ke goletše mo lekeišeneng
SPCS/data/audio/009/009_Female_26_430.wav,ge o dira follow up
SPCS/data/audio/006/006_Male_23_669.wav,molao tšeo di tsenetšego conference
SPCS/data/audio/002/002_Male_24_775.wav,mo kapteni wa sehlopa
SPCS/data/audio/003/003_Female_27_411.wav,o robile record
SPCS/data/audio/001/001_Female_23_229.wav,go swerwe festival ya kakapa
SPCS/data/audio/020/020_Male_20_17.wav,hweditše di report tše botse
SPCS/data/audio/015/015_Female_91_534.wav,yellow pepper e tee
SPCS/data/audio/009/009_Female_26_492.wav,ka gare ga traffic circle
SPCS/data/audio/018/018_Male_21_98.wav,forty four thousand
SPCS/data/audio/017/017_Male_22_251.wav,e tsebagaditše di projeke
SPCS/data/audio/019/019_Male_23_170.wav,ke goletše mo lekeišeneng
SPCS/data/audio/009/009_Female_26_477.wav,a dira loan e tee
SPCS/data/audio/002/002_Male_24_551.wav,kgoro ya tsheko ya mmasetrata
SPCS/data/audio/005/005_Male_26_289.wav,fokotša koketšo ya di gas
SPCS/data/audio/013/013_Male_27_108.wav,ge a dulela go commenta
SPCS/data/audio/010/010_Male_22_223.wav,ka raloka polo
SPCS/data/audio/007/007_Male_23_82.wav,di municipality tša rena
SPCS/data/audio/006/006_Male_23_483.wav,ba sepela ka group
SPCS/data/audio/012/012_Female_20_595.wav,ba swere economy ya lefase
SPCS/data/audio/009/009_Female_26_127.wav,ge go nyakega copy
SPCS/data/audio/016/016_Female_21_192.wav,o robile record
SPCS/data/audio/003/003_Female_27_256.wav,pele ga komiti ya palamente
SPCS/data/audio/002/002_Male_24_283.wav,le di posts tša ka
SPCS/data/audio/015/015_Female_91_594.wav,ka se tlo confront motho
SPCS/data/audio/006/006_Male_23_1077.wav,cellphone ya gago fela
SPCS/data/audio/003/003_Female_27_133.wav,tše ka moka tša art
SPCS/data/audio/010/010_Male_22_485.wav,di company tša afrika borwa
SPCS/data/audio/007/007_Male_23_619.wav,wa di griller go fihlela
SPCS/data/audio/007/007_Male_23_790.wav,ditaba ka Standford Matlou
SPCS/data/audio/008/008_Male_23_123.wav,o nyaka thušo ya business
SPCS/data/audio/014/014_Male_25_364.wav,wa go ba seterateng
SPCS/data/audio/006/006_Male_23_445.wav,nako ya bumper to bumper
SPCS/data/audio/007/007_Male_23_507.wav,go na le category enngwe
SPCS/data/audio/004/004_Female_17_554.wav,mo historing ya rena
SPCS/data/audio/017/017_Male_22_100.wav,maketše ge ba bona response
SPCS/data/audio/001/001_Female_23_173.wav,motsotso wo wa go šaena
SPCS/data/audio/002/002_Male_24_803.wav,ga o tlo re hello
SPCS/data/audio/012/012_Female_20_122.wav,motho wo a di applyelang
SPCS/data/audio/010/010_Male_22_444.wav,learnership ye tsamaya tsamaya bjang
SPCS/data/audio/007/007_Male_23_162.wav,ba phasa
SPCS/data/audio/010/010_Male_22_231.wav,ke bona on daily basis
SPCS/data/audio/005/005_Male_26_10.wav,category tše nne tša
SPCS/data/audio/014/014_Male_25_195.wav,go swerwe festival ya kakapa
SPCS/data/audio/018/018_Male_21_91.wav,team ya gagwe ya go
SPCS/data/audio/020/020_Male_20_453.wav,komišene yeo e hlomilwego
SPCS/data/audio/002/002_Male_24_306.wav,leina la banka
SPCS/data/audio/019/019_Male_23_282.wav,bangwe ga ba na timing
SPCS/data/audio/003/003_Female_27_384.wav,ge o ka ba adamant
SPCS/data/audio/002/002_Male_24_574.wav,especially young people
SPCS/data/audio/019/019_Male_23_285.wav,ge a dulela go commenta
SPCS/data/audio/013/013_Male_27_34.wav,go roaster nama ya nku
SPCS/data/audio/012/012_Female_20_270.wav,go fihla mafelelong a January
SPCS/data/audio/006/006_Male_23_357.wav,angle ka moka ga tšona
SPCS/data/audio/014/014_Male_25_216.wav,ke tswaletše account kua bankeng
SPCS/data/audio/017/017_Male_22_320.wav,labohlano la di eighteen november
SPCS/data/audio/007/007_Male_23_636.wav,bangwe ga ba na timing
SPCS/data/audio/014/014_Male_25_314.wav,ko di provinsing tše dingwe
SPCS/data/audio/018/018_Male_21_186.wav,baswa ba tšwile pateng
SPCS/data/audio/004/004_Female_17_494.wav,di jeresi tše di botse
SPCS/data/audio/015/015_Female_91_312.wav,ka dilo tša material
SPCS/data/audio/004/004_Female_17_464.wav,kgona go go rekela airtime
SPCS/data/audio/009/009_Female_26_505.wav,excellence awards
SPCS/data/audio/011/011_Female_21_202.wav,and few ke ka kerekeng
SPCS/data/audio/014/014_Male_25_336.wav,University ya limpopo ya baithuti
SPCS/data/audio/001/001_Female_23_124.wav,batho bale ba go repossesa
SPCS/data/audio/010/010_Male_22_353.wav,o drainwa mo sepetlele
SPCS/data/audio/007/007_Male_23_246.wav,tsamaya ka di public transport
SPCS/data/audio/003/003_Female_27_323.wav,tšeo di nalego information
SPCS/data/audio/002/002_Male_24_669.wav,tše ka moka tša art
SPCS/data/audio/010/010_Male_22_556.wav,go registara
SPCS/data/audio/016/016_Female_21_45.wav,a bolailwego ka panga
SPCS/data/audio/004/004_Female_17_181.wav,fourty seven percent
SPCS/data/audio/002/002_Male_24_293.wav,brithani
SPCS/data/audio/015/015_Female_91_198.wav,di robot ga di šome
SPCS/data/audio/004/004_Female_17_484.wav,e tšhaba tšhaba mo networkeng
SPCS/data/audio/003/003_Female_27_67.wav,o tlo ntšha plastic bag
SPCS/data/audio/012/012_Female_20_384.wav,sona ka accounteng ya banka
SPCS/data/audio/003/003_Female_27_166.wav,ticket ke gona e sepela
SPCS/data/audio/007/007_Male_23_497.wav,kgona go go rekela airtime
SPCS/data/audio/008/008_Male_23_401.wav,fine ye kgolo kgolo
SPCS/data/audio/015/015_Female_91_30.wav,bible e bolela bjalo
SPCS/data/audio/017/017_Male_22_331.wav,industeri ya di filimi ka
SPCS/data/audio/017/017_Male_22_164.wav,e fetang eight million rands
SPCS/data/audio/010/010_Male_22_244.wav,di ballroom
SPCS/data/audio/017/017_Male_22_450.wav,ba ile festivaleng
SPCS/data/audio/015/015_Female_91_462.wav,a ba fa citizen report
SPCS/data/audio/007/007_Male_23_165.wav,angle ka moka ga tšona
SPCS/data/audio/016/016_Female_21_571.wav,mo historing ya rena
SPCS/data/audio/007/007_Male_23_58.wav,go na le category enngwe
SPCS/data/audio/002/002_Male_24_764.wav,ka lefela loan ya gagwe
SPCS/data/audio/007/007_Male_23_545.wav,napile professor
SPCS/data/audio/011/011_Female_21_447.wav,ba le fa di pamphlets
SPCS/data/audio/013/013_Male_27_219.wav,ge e le second half
SPCS/data/audio/018/018_Male_21_93.wav,papadi e le ya crickete
SPCS/data/audio/012/012_Female_20_447.wav,rena re le radio
SPCS/data/audio/007/007_Male_23_613.wav,o tlo nyaka green pepper
SPCS/data/audio/008/008_Male_23_110.wav,mantlo a fifteen thousand
SPCS/data/audio/006/006_Male_23_997.wav,o changile maphelo a bona
SPCS/data/audio/006/006_Male_23_624.wav,ga yona ebile slow nyana
SPCS/data/audio/014/014_Male_25_514.wav,ke di bursary tše kae
SPCS/data/audio/003/003_Female_27_489.wav,o changile maphelo a bona
SPCS/data/audio/020/020_Male_20_143.wav,lekala la banka
SPCS/data/audio/020/020_Male_20_7.wav,fine ye kgolo kgolo
SPCS/data/audio/009/009_Female_26_493.wav,ge re ema traffic circleng
SPCS/data/audio/011/011_Female_21_73.wav,ge re ema traffic circleng
SPCS/data/audio/016/016_Female_21_334.wav,sona ka accounteng ya banka
SPCS/data/audio/002/002_Male_24_645.wav,ba di lori le bahlwekiši
SPCS/data/audio/017/017_Male_22_195.wav,go leka go impressa basadi
SPCS/data/audio/007/007_Male_23_544.wav,ba na le di disability
SPCS/data/audio/014/014_Male_25_174.wav,mathata a di grant
SPCS/data/audio/003/003_Female_27_241.wav,gona fa tournamenteng ye
SPCS/data/audio/014/014_Male_25_103.wav,ka dilo tša material
SPCS/data/audio/020/020_Male_20_291.wav,pele ga komiti ya palamente
SPCS/data/audio/010/010_Male_22_276.wav,o mo top hundred
SPCS/data/audio/018/018_Male_21_241.wav,tona ya kgwebo le indasteri
SPCS/data/audio/015/015_Female_91_352.wav,go registara
SPCS/data/audio/020/020_Male_20_281.wav,o sa le a stuckile
SPCS/data/audio/010/010_Male_22_582.wav,goba yona art
SPCS/data/audio/019/019_Male_23_267.wav,o tlo ntšha plastic bag
SPCS/data/audio/016/016_Female_21_4.wav,goba di parkeng
SPCS/data/audio/007/007_Male_23_19.wav,mafelo a go socialisa
SPCS/data/audio/010/010_Male_22_286.wav,ke thomile ministry ke
SPCS/data/audio/005/005_Male_26_163.wav,wa leloko la board
SPCS/data/audio/002/002_Male_24_626.wav,khomišene ya bo setšhaba ya
SPCS/data/audio/012/012_Female_20_561.wav,di jeresi tše di botse
SPCS/data/audio/006/006_Male_23_258.wav,the best you can do
SPCS/data/audio/005/005_Male_26_90.wav,motsotso wo wa go šaena
SPCS/data/audio/017/017_Male_22_82.wav,leina la banka
SPCS/data/audio/011/011_Female_21_468.wav,di pamphlets tša festival ye
SPCS/data/audio/004/004_Female_17_200.wav,verse seventeen
SPCS/data/audio/012/012_Female_20_381.wav,ke mang fiance ya gago
SPCS/data/audio/013/013_Male_27_185.wav,nna ga ke coach
SPCS/data/audio/014/014_Male_25_80.wav,la tharo december twenty eleven
SPCS/data/audio/003/003_Female_27_314.wav,doctor re a le amogela
SPCS/data/audio/002/002_Male_24_10.wav,excellence awards
SPCS/data/audio/010/010_Male_22_661.wav,ke thomile ministry ke
SPCS/data/audio/004/004_Female_17_130.wav,la national planning commission
SPCS/data/audio/019/019_Male_23_383.wav,a mo hlasela ka panga
SPCS/data/audio/006/006_Male_23_431.wav,bohlaba bja toropo ya Pretoria
SPCS/data/audio/012/012_Female_20_55.wav,ikaparetše dilo tše di simple
SPCS/data/audio/012/012_Female_20_247.wav,gore di form tše re
SPCS/data/audio/003/003_Female_27_122.wav,bangwe ba kgona tša tourism
SPCS/data/audio/003/003_Female_27_459.wav,re palelwa ke go copa
SPCS/data/audio/007/007_Male_23_709.wav,di results la mathomo ba
SPCS/data/audio/002/002_Male_24_908.wav,all the colleges tša mo
SPCS/data/audio/015/015_Female_91_540.wav,recharga ka MTN easy
SPCS/data/audio/017/017_Male_22_347.wav,all the colleges tša mo
SPCS/data/audio/012/012_Female_20_66.wav,ditaba tša dipapadi tša swimming
SPCS/data/audio/002/002_Male_24_402.wav,o nthomela please call me
SPCS/data/audio/007/007_Male_23_735.wav,o tlo tlotša polish
SPCS/data/audio/016/016_Female_21_288.wav,ke salad yeo e loketšego
SPCS/data/audio/002/002_Male_24_472.wav,suggestion ya ka
SPCS/data/audio/001/001_Female_23_519.wav,business ya ka e kgone
SPCS/data/audio/010/010_Male_22_113.wav,diswantšho tša cctv
SPCS/data/audio/004/004_Female_17_260.wav,ba sepela ka group
SPCS/data/audio/019/019_Male_23_322.wav,bangwe ba kgona tša tourism
SPCS/data/audio/006/006_Male_23_768.wav,excellence awards
SPCS/data/audio/011/011_Female_21_53.wav,ka lefela loan ya gagwe
SPCS/data/audio/019/019_Male_23_296.wav,mošomo wa psychometric
SPCS/data/audio/019/019_Male_23_19.wav,the best you can do
SPCS/data/audio/004/004_Female_17_445.wav,a dira loan e tee
SPCS/data/audio/003/003_Female_27_572.wav,mabapi le di exhibition
SPCS/data/audio/002/002_Male_24_936.wav,ekile ya ba di drama
SPCS/data/audio/020/020_Male_20_492.wav,re palelwa ke go copa
SPCS/data/audio/008/008_Male_23_382.wav,raloka televišeneng
SPCS/data/audio/002/002_Male_24_23.wav,karabo ke roast lamb
SPCS/data/audio/015/015_Female_91_16.wav,la national planning commission
SPCS/data/audio/016/016_Female_21_209.wav,pressure ke e ntšhi ye
SPCS/data/audio/015/015_Female_91_304.wav,mehla ge o tlaleletša airtime
SPCS/data/audio/002/002_Male_24_251.wav,presidente ya league ya baswa
SPCS/data/audio/018/018_Male_21_29.wav,shopping center tše di kgolwane
SPCS/data/audio/002/002_Male_24_313.wav,okay ke a leboga
SPCS/data/audio/001/001_Female_23_104.wav,tankana tše pedi
SPCS/data/audio/019/019_Male_23_248.wav,o ka se confront lapa
SPCS/data/audio/007/007_Male_23_774.wav,go leka go impressa basadi
SPCS/data/audio/009/009_Female_26_97.wav,ba sepela ka di crutches
SPCS/data/audio/013/013_Male_27_297.wav,o ithopela two thousand rand
SPCS/data/audio/002/002_Male_24_840.wav,go kreya di opportunities
SPCS/data/audio/009/009_Female_26_500.wav,go feta maatla a ranta
SPCS/data/audio/001/001_Female_23_282.wav,go phatlalala le province
SPCS/data/audio/018/018_Male_21_205.wav,bao ba etetšego flat
SPCS/data/audio/006/006_Male_23_1028.wav,updata nna ke a commenta
SPCS/data/audio/019/019_Male_23_78.wav,di awareness campaign
SPCS/data/audio/002/002_Male_24_869.wav,ke sepela ka sekuta
SPCS/data/audio/014/014_Male_25_137.wav,ka gare ga traffic circle
SPCS/data/audio/003/003_Female_27_69.wav,nna ke blockile batho
SPCS/data/audio/009/009_Female_26_195.wav,hundred kilometer ka awara
SPCS/data/audio/006/006_Male_23_708.wav,batho bale ba go repossesa
SPCS/data/audio/012/012_Female_20_79.wav,ge re ema traffic circleng
SPCS/data/audio/002/002_Male_24_745.wav,wa mohuta wa tic
SPCS/data/audio/006/006_Male_23_654.wav,business ya ka e kgone
SPCS/data/audio/016/016_Female_21_254.wav,ka morago ga twelve months
SPCS/data/audio/011/011_Female_21_320.wav,ba sepela ka group
SPCS/data/audio/012/012_Female_20_274.wav,bitšwa University of the North
SPCS/data/audio/015/015_Female_91_21.wav,set my record straight
SPCS/data/audio/012/012_Female_20_499.wav,basadi ba nale yona pressure
SPCS/data/audio/004/004_Female_17_113.wav,province e tsamaiše
SPCS/data/audio/001/001_Female_23_193.wav,lamb or nku
SPCS/data/audio/003/003_Female_27_351.wav,eighteen years
SPCS/data/audio/007/007_Male_23_159.wav,taba ya di service standard
SPCS/data/audio/005/005_Male_26_329.wav,colleges le di universities tša
SPCS/data/audio/014/014_Male_25_126.wav,bowa gae ka di medal
SPCS/data/audio/017/017_Male_22_334.wav,go ya united kingdom
SPCS/data/audio/002/002_Male_24_372.wav,swere di kontraka tša mengwaga
SPCS/data/audio/017/017_Male_22_433.wav,nako ya bumper to bumper
SPCS/data/audio/006/006_Male_23_471.wav,go nale di diagnostic indicators
SPCS/data/audio/010/010_Male_22_542.wav,mo kapteni wa sehlopa
SPCS/data/audio/006/006_Male_23_1008.wav,šomiša di million tse lekgolo
SPCS/data/audio/002/002_Male_24_928.wav,ba mo knockile
SPCS/data/audio/004/004_Female_17_24.wav,excellence awards
SPCS/data/audio/007/007_Male_23_100.wav,re kwešiša position ya bona
SPCS/data/audio/010/010_Male_22_679.wav,bathopa difoka tša di bursary
SPCS/data/audio/020/020_Male_20_137.wav,dithuto tša gagwe tša optometry
SPCS/data/audio/019/019_Male_23_72.wav,ke a ratang a bibele
SPCS/data/audio/018/018_Male_21_456.wav,wa porega bjang
SPCS/data/audio/006/006_Male_23_51.wav,gona ka mo stadium sa
SPCS/data/audio/009/009_Female_26_251.wav,traffic lights ga di bereke
SPCS/data/audio/005/005_Male_26_122.wav,di jeresi tše di botse
SPCS/data/audio/001/001_Female_23_509.wav,e nyenyefatše gore jewellery
SPCS/data/audio/012/012_Female_20_95.wav,a bolailwego ka panga
SPCS/data/audio/002/002_Male_24_219.wav,the head of department
SPCS/data/audio/015/015_Female_91_578.wav,jealous ke bolwetši
SPCS/data/audio/002/002_Male_24_789.wav,go registara
SPCS/data/audio/002/002_Male_24_673.wav,e nyenyefatše gore di portrait
SPCS/data/audio/010/010_Male_22_518.wav,o ka re romela email
SPCS/data/audio/006/006_Male_23_693.wav,ge o dira follow up
SPCS/data/audio/019/019_Male_23_273.wav,nna ke blockile mogwera
SPCS/data/audio/005/005_Male_26_395.wav,banka ya gona
SPCS/data/audio/005/005_Male_26_474.wav,o romele tšhelete ya administration
SPCS/data/audio/009/009_Female_26_264.wav,go hwetša di opportunities
SPCS/data/audio/011/011_Female_21_480.wav,barutiši ba sekolo sa primary
SPCS/data/audio/013/013_Male_27_47.wav,ka morago ga twelve months
SPCS/data/audio/019/019_Male_23_17.wav,go rakwa partying
SPCS/data/audio/010/010_Male_22_468.wav,go feta two hundred thousand
SPCS/data/audio/013/013_Male_27_106.wav,ke a blocka ge motho
SPCS/data/audio/007/007_Male_23_7.wav,steše sa go kala dikoloi
SPCS/data/audio/006/006_Male_23_358.wav,ka raloka polo
SPCS/data/audio/002/002_Male_24_463.wav,who are leading the right
SPCS/data/audio/002/002_Male_24_146.wav,tša melao ya di traffic
SPCS/data/audio/010/010_Male_22_216.wav,taba ya di service standard
SPCS/data/audio/006/006_Male_23_1056.wav,uniform ya bana ya sekolo
SPCS/data/audio/010/010_Male_22_551.wav,ge re ema traffic circleng
SPCS/data/audio/014/014_Male_25_370.wav,rapelelwa peace love and harmony
SPCS/data/audio/004/004_Female_17_569.wav,industeri ya di filimi ka
SPCS/data/audio/013/013_Male_27_74.wav,šomiša di million tse lekgolo
SPCS/data/audio/020/020_Male_20_475.wav,dollara go ya United Kingdom
SPCS/data/audio/019/019_Male_23_195.wav,bohlaba bja toropo ya Pretoria
SPCS/data/audio/001/001_Female_23_588.wav,o ka re romela email
SPCS/data/audio/010/010_Male_22_129.wav,hundred and seventy thousand
SPCS/data/audio/012/012_Female_20_77.wav,o sa le a stuckile
SPCS/data/audio/003/003_Female_27_530.wav,rena ba bangwe re sensitive
SPCS/data/audio/003/003_Female_27_462.wav,bakgopedi ba di tendera
SPCS/data/audio/004/004_Female_17_167.wav,hlaelelo ya diesel ya sulphur
SPCS/data/audio/017/017_Male_22_270.wav,peresente tše masome seswai hlano
SPCS/data/audio/010/010_Male_22_3.wav,re e bone talente
SPCS/data/audio/020/020_Male_20_37.wav,wa boraro ga se semi-automatic
SPCS/data/audio/009/009_Female_26_431.wav,tšwa go album ya majakathata
SPCS/data/audio/002/002_Male_24_520.wav,ounce e tee ke
SPCS/data/audio/009/009_Female_26_152.wav,industeri ya di filimi ka
SPCS/data/audio/009/009_Female_26_250.wav,ke fashion ya go tsenelela
SPCS/data/audio/002/002_Male_24_661.wav,maketše ge ba bona response
SPCS/data/audio/012/012_Female_20_141.wav,ba re romele di form
SPCS/data/audio/001/001_Female_23_200.wav,e tsebagaditše di projeke
SPCS/data/audio/009/009_Female_26_217.wav,fine ye kgolo kgolo
SPCS/data/audio/002/002_Male_24_614.wav,a bona profile ya ka
SPCS/data/audio/015/015_Female_91_151.wav,presidente ya league ya baswa
SPCS/data/audio/010/010_Male_22_401.wav,lane ya letsogo la goja
SPCS/data/audio/006/006_Male_23_640.wav,ya go rekiša jewellery
SPCS/data/audio/014/014_Male_25_64.wav,ba le fa di pamphlets
SPCS/data/audio/005/005_Male_26_210.wav,ka raloka polo
SPCS/data/audio/001/001_Female_23_98.wav,ba le fa di pamphlets
SPCS/data/audio/012/012_Female_20_314.wav,ntlo tše botse tša quality
SPCS/data/audio/010/010_Male_22_476.wav,swere di kontraka tša mengwaga
SPCS/data/audio/019/019_Male_23_298.wav,lane ya letsogo la goja
SPCS/data/audio/017/017_Male_22_255.wav,go bopa furnitura
SPCS/data/audio/005/005_Male_26_363.wav,nna ke blockile mogwera
SPCS/data/audio/015/015_Female_91_465.wav,la national planning commission
SPCS/data/audio/014/014_Male_25_116.wav,go feta eight million rand
SPCS/data/audio/019/019_Male_23_124.wav,of those days
SPCS/data/audio/006/006_Male_23_900.wav,ba mo knockile
SPCS/data/audio/011/011_Female_21_74.wav,motsotso wo wa go šaena
SPCS/data/audio/005/005_Male_26_231.wav,di ballroom
SPCS/data/audio/011/011_Female_21_86.wav,go na le category enngwe
SPCS/data/audio/006/006_Male_23_64.wav,updata status ga ba commente
SPCS/data/audio/015/015_Female_91_219.wav,re beakantše ya agriculture
SPCS/data/audio/015/015_Female_91_353.wav,ka hwetša twenty percent discount
SPCS/data/audio/010/010_Male_22_560.wav,magistrata wa tikologo gosasa
SPCS/data/audio/020/020_Male_20_226.wav,ge e sena barcode
SPCS/data/audio/008/008_Male_23_341.wav,di principles tša batho pele
SPCS/data/audio/001/001_Female_23_599.wav,go feta eight million rand
SPCS/data/audio/014/014_Male_25_53.wav,ebile ga se wena coach
SPCS/data/audio/016/016_Female_21_574.wav,ikopanye le mokhanselara
SPCS/data/audio/016/016_Female_21_97.wav,ka june ya ngwaga wona
SPCS/data/audio/003/003_Female_27_502.wav,ge a ka dira appeal
SPCS/data/audio/009/009_Female_26_397.wav,for go transporta baswa ba
SPCS/data/audio/016/016_Female_21_512.wav,le di track suit
SPCS/data/audio/010/010_Male_22_681.wav,pele o ka tlotša polish
SPCS/data/audio/013/013_Male_27_239.wav,o nale account ya banka
SPCS/data/audio/015/015_Female_91_64.wav,di exhibitors di tlile
SPCS/data/audio/005/005_Male_26_338.wav,o ka se confront lapa
SPCS/data/audio/001/001_Female_23_218.wav,go accessa ditirelo tša rena
SPCS/data/audio/004/004_Female_17_549.wav,ke le busy ka ofising
SPCS/data/audio/015/015_Female_91_97.wav,betha di pillar ka matlapa
SPCS/data/audio/017/017_Male_22_536.wav,swarelwa ka peter mokaba stadium
SPCS/data/audio/014/014_Male_25_48.wav,wa kgona go auditiona mo
SPCS/data/audio/007/007_Male_23_736.wav,di company tša afrika borwa
SPCS/data/audio/007/007_Male_23_109.wav,go šomišana le di stakeholders
SPCS/data/audio/016/016_Female_21_267.wav,baswa ba tšwile pateng
SPCS/data/audio/006/006_Male_23_323.wav,one twenty fela
SPCS/data/audio/008/008_Male_23_6.wav,ba ile festivaleng
SPCS/data/audio/004/004_Female_17_400.wav,leina la projeke ya setšhaba
SPCS/data/audio/020/020_Male_20_239.wav,o nthomela please call me
SPCS/data/audio/002/002_Male_24_52.wav,ga ba ba lucky
SPCS/data/audio/016/016_Female_21_187.wav,graduation ya ngwana wa gagwe
SPCS/data/audio/005/005_Male_26_416.wav,ba suggesta gore rena re
SPCS/data/audio/006/006_Male_23_863.wav,filimi tša metsotso ye masomepedi
SPCS/data/audio/007/007_Male_23_707.wav,ka di six tša december
SPCS/data/audio/006/006_Male_23_613.wav,banka ya gona
SPCS/data/audio/009/009_Female_26_111.wav,ba swere economy ya lefase
SPCS/data/audio/018/018_Male_21_486.wav,ke lekola file ya gago
SPCS/data/audio/010/010_Male_22_420.wav,attendance e thomile e le
SPCS/data/audio/010/010_Male_22_575.wav,o re hello le kae
SPCS/data/audio/001/001_Female_23_465.wav,tona ya kgwebo le indasteri
SPCS/data/audio/002/002_Male_24_1.wav,kgona go go rekela airtime
SPCS/data/audio/006/006_Male_23_908.wav,ekile ya ba di drama
SPCS/data/audio/001/001_Female_23_235.wav,ba changile di address
SPCS/data/audio/013/013_Male_27_271.wav,ge re ema traffic circleng
SPCS/data/audio/002/002_Male_24_316.wav,attendance e thomile e le
SPCS/data/audio/005/005_Male_26_17.wav,pakaneng ya omo auto
SPCS/data/audio/015/015_Female_91_200.wav,ke mang fiance ya gago
SPCS/data/audio/008/008_Male_23_4.wav,ka morago ga twelve months
SPCS/data/audio/020/020_Male_20_496.wav,ba go nyaka di kontraka
SPCS/data/audio/002/002_Male_24_714.wav,bobedi ke wola wa semi-automatic
SPCS/data/audio/006/006_Male_23_143.wav,ba ntšhitše di bus
SPCS/data/audio/017/017_Male_22_523.wav,di robot ga di šome
SPCS/data/audio/011/011_Female_21_274.wav,bathopa difoka tša di bursary
SPCS/data/audio/009/009_Female_26_102.wav,ke sa judge motho
SPCS/data/audio/006/006_Male_23_957.wav,tsamaya ka di public transport
SPCS/data/audio/016/016_Female_21_222.wav,recharga ka MTN easy
SPCS/data/audio/009/009_Female_26_98.wav,ga ba ba lucky
SPCS/data/audio/001/001_Female_23_144.wav,go leka go impressa basadi
SPCS/data/audio/002/002_Male_24_439.wav,motho a applyele mphiwafela
SPCS/data/audio/012/012_Female_20_172.wav,mo historing ya rena
SPCS/data/audio/016/016_Female_21_177.wav,tša melao ya di traffic
SPCS/data/audio/001/001_Female_23_354.wav,province yengwe le yengwe
SPCS/data/audio/010/010_Male_22_504.wav,ba tšea ke camera
SPCS/data/audio/003/003_Female_27_590.wav,learnership ye tsamaya tsamaya bjang
SPCS/data/audio/010/010_Male_22_437.wav,dira diimport and export
SPCS/data/audio/002/002_Male_24_65.wav,ba swere economy ya lefase
SPCS/data/audio/011/011_Female_21_107.wav,le di track suit
SPCS/data/audio/002/002_Male_24_214.wav,kgoro ya tsheko ya mmasetrata
SPCS/data/audio/001/001_Female_23_475.wav,dithuto tša gagwe tša optometry
SPCS/data/audio/010/010_Male_22_508.wav,mehla ge o tlaleletša airtime
SPCS/data/audio/003/003_Female_27_571.wav,bangwe ba kgona tša tourism
SPCS/data/audio/020/020_Male_20_501.wav,go hwetša di opportunities
SPCS/data/audio/016/016_Female_21_183.wav,raloka televišeneng
SPCS/data/audio/006/006_Male_23_446.wav,re palelwa ke go copa
SPCS/data/audio/002/002_Male_24_17.wav,ga o tlo re hello
SPCS/data/audio/013/013_Male_27_325.wav,ga ba ba lucky
SPCS/data/audio/002/002_Male_24_395.wav,ge e le second half
SPCS/data/audio/006/006_Male_23_293.wav,re kwešiša position ya bona
SPCS/data/audio/005/005_Male_26_102.wav,go na le category enngwe
SPCS/data/audio/013/013_Male_27_353.wav,go tšwa police station
SPCS/data/audio/010/010_Male_22_308.wav,ke fashion ya go tsenelela
SPCS/data/audio/012/012_Female_20_148.wav,wo ka di nine
SPCS/data/audio/011/011_Female_21_166.wav,taba tše tša histori
SPCS/data/audio/005/005_Male_26_300.wav,re palelwa ke go copa
SPCS/data/audio/001/001_Female_23_512.wav,ba di bitšang di learnership
SPCS/data/audio/020/020_Male_20_439.wav,a tlo dira shopping
SPCS/data/audio/002/002_Male_24_170.wav,le le recodilwego
SPCS/data/audio/017/017_Male_22_273.wav,ba na le di disability
SPCS/data/audio/013/013_Male_27_286.wav,nkgahlilego kudu ke ya corruption
SPCS/data/audio/018/018_Male_21_154.wav,ke fashion ya go tsenelela
SPCS/data/audio/002/002_Male_24_612.wav,motho o a mo blocka
SPCS/data/audio/020/020_Male_20_481.wav,fokotša koketšo ya di gas
SPCS/data/audio/014/014_Male_25_263.wav,of those days
SPCS/data/audio/004/004_Female_17_584.wav,set my record straight
SPCS/data/audio/004/004_Female_17_240.wav,mošomo wa bankeng
SPCS/data/audio/013/013_Male_27_123.wav,tša komišene ya bo setšhaba
SPCS/data/audio/018/018_Male_21_157.wav,traffic lights ga di šome
SPCS/data/audio/010/010_Male_22_201.wav,re ka ba le agency
SPCS/data/audio/001/001_Female_23_347.wav,hweditse di report tse botse
SPCS/data/audio/017/017_Male_22_514.wav,khomišene ya bo setšhaba ya
SPCS/data/audio/017/017_Male_22_538.wav,okay ke a leboga
SPCS/data/audio/016/016_Female_21_394.wav,go amana le di athletiki
SPCS/data/audio/001/001_Female_23_497.wav,tsenela dikgwebo tša construction
SPCS/data/audio/006/006_Male_23_1010.wav,ge a ka dira appeal
SPCS/data/audio/018/018_Male_21_297.wav,re e bone talente
SPCS/data/audio/012/012_Female_20_392.wav,swarelwa ka peter mokaba stadium
SPCS/data/audio/013/013_Male_27_152.wav,e nale plan ya gore
SPCS/data/audio/010/010_Male_22_517.wav,basadi ba nale pressure
SPCS/data/audio/002/002_Male_24_165.wav,ke fishing
SPCS/data/audio/006/006_Male_23_179.wav,ka two thousand and eight
SPCS/data/audio/012/012_Female_20_412.wav,ya go rekiša jewellery
SPCS/data/audio/008/008_Male_23_96.wav,ga yona ebile slow nyana
SPCS/data/audio/020/020_Male_20_345.wav,ba re romele di form
SPCS/data/audio/017/017_Male_22_416.wav,recharga ka MTN easy
SPCS/data/audio/011/011_Female_21_454.wav,o tlo tlotša polish
SPCS/data/audio/007/007_Male_23_742.wav,ka two thousand and eight
SPCS/data/audio/005/005_Male_26_336.wav,ka se tlo confront motho
SPCS/data/audio/014/014_Male_25_493.wav,mec wa sports and culture
SPCS/data/audio/003/003_Female_27_330.wav,go tšwa police station
SPCS/data/audio/007/007_Male_23_339.wav,ranta kgahlanong le ponto ya
SPCS/data/audio/007/007_Male_23_725.wav,of real gospel music
SPCS/data/audio/020/020_Male_20_217.wav,di company tša afrika borwa
SPCS/data/audio/004/004_Female_17_50.wav,ba home affairs
SPCS/data/audio/013/013_Male_27_61.wav,especially young people
SPCS/data/audio/010/010_Male_22_238.wav,ge o ka ba adamant
SPCS/data/audio/007/007_Male_23_401.wav,di results la mathomo ba
SPCS/data/audio/007/007_Male_23_402.wav,le confusion ya di date
SPCS/data/audio/018/018_Male_21_345.wav,ge e le second half
SPCS/data/audio/013/013_Male_27_423.wav,ekile ya ba di drama
SPCS/data/audio/006/006_Male_23_657.wav,tšeo di transportilego batho
SPCS/data/audio/017/017_Male_22_236.wav,go na le category enngwe
SPCS/data/audio/004/004_Female_17_232.wav,go hwetša di opportunities
SPCS/data/audio/002/002_Male_24_483.wav,tša melao ya di traffic
SPCS/data/audio/013/013_Male_27_507.wav,go nale di diagnostic indicators
SPCS/data/audio/009/009_Female_26_263.wav,re kwešiša condition ya bona
SPCS/data/audio/014/014_Male_25_326.wav,verse seventeen
SPCS/data/audio/017/017_Male_22_150.wav,ke di bursary tše kae
SPCS/data/audio/002/002_Male_24_69.wav,wa two thousand and nine
SPCS/data/audio/010/010_Male_22_315.wav,di jersey le di tracksuit
SPCS/data/audio/016/016_Female_21_215.wav,red pepper e tee
SPCS/data/audio/016/016_Female_21_130.wav,province e tsamaiše
SPCS/data/audio/016/016_Female_21_316.wav,e le go mo blocka
SPCS/data/audio/009/009_Female_26_380.wav,training academay ya di arts
SPCS/data/audio/009/009_Female_26_86.wav,le child support grant
SPCS/data/audio/016/016_Female_21_81.wav,di bitšang gore ke infection
SPCS/data/audio/016/016_Female_21_307.wav,a mbora ka nako yeo
SPCS/data/audio/014/014_Male_25_381.wav,le ngwana wa eleven years
SPCS/data/audio/017/017_Male_22_350.wav,there is better way
SPCS/data/audio/006/006_Male_23_1043.wav,e le go mo blocka
SPCS/data/audio/017/017_Male_22_262.wav,go accessa di services tša
SPCS/data/audio/017/017_Male_22_38.wav,wa nyaka spinach
SPCS/data/audio/010/010_Male_22_648.wav,ke goletše mo lekeišeneng
SPCS/data/audio/020/020_Male_20_127.wav,tona ya kgwebo le indasteri
SPCS/data/audio/006/006_Male_23_359.wav,some how ka mogau
SPCS/data/audio/017/017_Male_22_457.wav,bomenetša bja di tendera
SPCS/data/audio/004/004_Female_17_9.wav,a tšea di crate
SPCS/data/audio/009/009_Female_26_154.wav,go phatlalala le province
SPCS/data/audio/015/015_Female_91_157.wav,ke salad yeo e loketšego
SPCS/data/audio/019/019_Male_23_460.wav,excellence awards
SPCS/data/audio/013/013_Male_27_414.wav,team ya gagwe ya go
SPCS/data/audio/011/011_Female_21_369.wav,mošomo wa psychometric
SPCS/data/audio/018/018_Male_21_299.wav,ba ntšhitše di bus
SPCS/data/audio/001/001_Female_23_359.wav,yellow pepper e tee
SPCS/data/audio/013/013_Male_27_131.wav,lekala la banka
SPCS/data/audio/001/001_Female_23_443.wav,updata status ga ba commente
SPCS/data/audio/012/012_Female_20_214.wav,o swara style
SPCS/data/audio/020/020_Male_20_164.wav,e nale plan ya gore
SPCS/data/audio/019/019_Male_23_490.wav,le child support grant
SPCS/data/audio/002/002_Male_24_585.wav,ba hlwela television
SPCS/data/audio/004/004_Female_17_388.wav,ke di bursary tše kae
SPCS/data/audio/020/020_Male_20_146.wav,mabapi le construction exhibition
SPCS/data/audio/016/016_Female_21_76.wav,peresente tše masome seswai hlano
SPCS/data/audio/004/004_Female_17_25.wav,go na le category enngwe
SPCS/data/audio/016/016_Female_21_269.wav,colleges le di universities tša
SPCS/data/audio/012/012_Female_20_398.wav,di tlileng go tlo exhibita
SPCS/data/audio/015/015_Female_91_190.wav,go tsena tsena ga dipolotiki
SPCS/data/audio/013/013_Male_27_413.wav,di ballroom
SPCS/data/audio/007/007_Male_23_653.wav,di robot ga di šome
SPCS/data/audio/009/009_Female_26_57.wav,go na le category enngwe
SPCS/data/audio/006/006_Male_23_794.wav,ba home affairs
SPCS/data/audio/018/018_Male_21_303.wav,mec wa sports and culture
SPCS/data/audio/003/003_Female_27_185.wav,ge o dira follow up
SPCS/data/audio/006/006_Male_23_77.wav,ke a blocka ge motho
SPCS/data/audio/012/012_Female_20_456.wav,pakaneng ya omo auto
SPCS/data/audio/018/018_Male_21_168.wav,go hwetša di opportunities
SPCS/data/audio/013/013_Male_27_51.wav,disturba o sa re wa
SPCS/data/audio/006/006_Male_23_1030.wav,nna ke blockile mogwera
SPCS/data/audio/007/007_Male_23_186.wav,dansa le gona ke sport
SPCS/data/audio/012/012_Female_20_30.wav,direga eng mo operation repo
SPCS/data/audio/018/018_Male_21_405.wav,pele ga komiti ya palamente
SPCS/data/audio/003/003_Female_27_304.wav,go kreya di opportunities
SPCS/data/audio/019/019_Male_23_482.wav,le di track suit
SPCS/data/audio/008/008_Male_23_138.wav,wa kgona go auditiona mo
SPCS/data/audio/017/017_Male_22_367.wav,ba mo knockile
SPCS/data/audio/004/004_Female_17_239.wav,ba ile festivaleng
SPCS/data/audio/014/014_Male_25_480.wav,learnership ye tsamaya tsamaya bjang
SPCS/data/audio/006/006_Male_23_618.wav,di ranta tša go feta
SPCS/data/audio/007/007_Male_23_611.wav,gona ka mo stadium sa
SPCS/data/audio/019/019_Male_23_370.wav,pele a eya di awardeng
SPCS/data/audio/007/007_Male_23_475.wav,ka dikgwedi tše twelve
SPCS/data/audio/007/007_Male_23_691.wav,e nyenyefatše gore di portrait
SPCS/data/audio/019/019_Male_23_112.wav,di principles tša batho pele
SPCS/data/audio/009/009_Female_26_4.wav,ba grade four to seven
SPCS/data/audio/001/001_Female_23_291.wav,go nale diagnostic indicators
SPCS/data/audio/014/014_Male_25_162.wav,o re hello le kae
SPCS/data/audio/018/018_Male_21_34.wav,one twenty fela
SPCS/data/audio/002/002_Male_24_83.wav,ke sepela ka sekuta
SPCS/data/audio/014/014_Male_25_321.wav,hweditše di report tše botse
SPCS/data/audio/019/019_Male_23_512.wav,go šomišana le di stakeholders
SPCS/data/audio/010/010_Male_22_7.wav,for go transporta baswa ba
SPCS/data/audio/007/007_Male_23_498.wav,cellphone ya gago fela
SPCS/data/audio/012/012_Female_20_366.wav,e le go mo blocka
SPCS/data/audio/014/014_Male_25_397.wav,ke salad yeo e loketšego
SPCS/data/audio/003/003_Female_27_599.wav,ba ntšhitše di bus
SPCS/data/audio/009/009_Female_26_73.wav,yona rehabilitation
SPCS/data/audio/012/012_Female_20_129.wav,ba na le di disability
SPCS/data/audio/016/016_Female_21_179.wav,forty four thousand
SPCS/data/audio/011/011_Female_21_61.wav,bowa gae ka di medal
SPCS/data/audio/017/017_Male_22_291.wav,ka june ya ngwaga wona
SPCS/data/audio/002/002_Male_24_47.wav,le go head of department
SPCS/data/audio/006/006_Male_23_1072.wav,ka gare ga traffic circle
SPCS/data/audio/006/006_Male_23_228.wav,go dipapadi tša crickete
SPCS/data/audio/002/002_Male_24_935.wav,hundred kilometer ka awara
SPCS/data/audio/008/008_Male_23_30.wav,o drainwa mo sepetlele
SPCS/data/audio/002/002_Male_24_637.wav,ke mang fiance ya gago
SPCS/data/audio/004/004_Female_17_337.wav,tsenela dikgwebo tša construction
SPCS/data/audio/015/015_Female_91_349.wav,se dira ke go taela
SPCS/data/audio/016/016_Female_21_406.wav,pakaneng ya omo auto
SPCS/data/audio/013/013_Male_27_477.wav,ke fashion ya go tsenelela
SPCS/data/audio/009/009_Female_26_131.wav,bowa ka bus ya mathomo
SPCS/data/audio/017/017_Male_22_131.wav,le confusion ya di date
SPCS/data/audio/016/016_Female_21_117.wav,ke le busy ka ofising
SPCS/data/audio/007/007_Male_23_44.wav,ka gare ga traffic circle
SPCS/data/audio/002/002_Male_24_328.wav,e nale plan ya gore
SPCS/data/audio/008/008_Male_23_221.wav,gona fa tournamenteng ye
SPCS/data/audio/006/006_Male_23_242.wav,cellphone ya gago fela
SPCS/data/audio/002/002_Male_24_141.wav,team ya gagwe ya go
SPCS/data/audio/010/010_Male_22_607.wav,and few ke ka kerekeng
SPCS/data/audio/013/013_Male_27_366.wav,holong ya masepala
SPCS/data/audio/002/002_Male_24_547.wav,go roaster nama ya nku
SPCS/data/audio/002/002_Male_24_38.wav,gore motho a qualifaele
SPCS/data/audio/019/019_Male_23_487.wav,go accessa di services tša
SPCS/data/audio/007/007_Male_23_188.wav,team ya gagwe ya go
SPCS/data/audio/003/003_Female_27_252.wav,cellphone ya gago fela
SPCS/data/audio/004/004_Female_17_80.wav,ka june ya ngwaga wona
SPCS/data/audio/008/008_Male_23_162.wav,di company tša afrika borwa
SPCS/data/audio/005/005_Male_26_25.wav,o romele tšhelete ya administration
SPCS/data/audio/018/018_Male_21_281.wav,ya go rekiša jewellery
SPCS/data/audio/014/014_Male_25_8.wav,di tlileng go tlo exhibita
SPCS/data/audio/006/006_Male_23_676.wav,konsarata tša mmino
SPCS/data/audio/007/007_Male_23_551.wav,go swerwe festival ya kakapa
SPCS/data/audio/003/003_Female_27_35.wav,go nale di diagnostic indicators
SPCS/data/audio/014/014_Male_25_13.wav,mabapi le di exhibition
SPCS/data/audio/015/015_Female_91_456.wav,e na le barcode
SPCS/data/audio/005/005_Male_26_197.wav,industeri ya di filimi ka
SPCS/data/audio/002/002_Male_24_41.wav,motho wo a di applyelang
SPCS/data/audio/008/008_Male_23_43.wav,wa nyaka spinach
SPCS/data/audio/008/008_Male_23_77.wav,gare ga toropo ya johannesburg
SPCS/data/audio/006/006_Male_23_32.wav,especially young people
SPCS/data/audio/015/015_Female_91_42.wav,ba mo knockile
SPCS/data/audio/010/010_Male_22_595.wav,e be di official residents
SPCS/data/audio/017/017_Male_22_1.wav,ba ile festivaleng
SPCS/data/audio/011/011_Female_21_293.wav,the head of department
SPCS/data/audio/006/006_Male_23_13.wav,go hwetša di opportunities
SPCS/data/audio/002/002_Male_24_755.wav,basadi ba nale yona pressure
SPCS/data/audio/018/018_Male_21_397.wav,ge re ema traffic circleng
SPCS/data/audio/002/002_Male_24_682.wav,business ya ka e kgone
SPCS/data/audio/016/016_Female_21_327.wav,gare ga toropo ya johannesburg
SPCS/data/audio/006/006_Male_23_821.wav,hwetša di address tša batho
SPCS/data/audio/003/003_Female_27_243.wav,companying a tee
SPCS/data/audio/012/012_Female_20_268.wav,festival ya kgoparara ya thobelaFM
SPCS/data/audio/006/006_Male_23_786.wav,tšona di skills
SPCS/data/audio/012/012_Female_20_420.wav,tsamaya nako ya two years
SPCS/data/audio/009/009_Female_26_339.wav,brithani
SPCS/data/audio/019/019_Male_23_440.wav,go papadi ya netball
SPCS/data/audio/002/002_Male_24_252.wav,ge a ka dira appeal
SPCS/data/audio/010/010_Male_22_435.wav,ya go rekiša jewellery
SPCS/data/audio/012/012_Female_20_179.wav,e be agency fela
SPCS/data/audio/009/009_Female_26_513.wav,the best you can do
SPCS/data/audio/007/007_Male_23_90.wav,di ofisi tša rena magaeng
SPCS/data/audio/002/002_Male_24_604.wav,o ileng wa mo blocka
SPCS/data/audio/019/019_Male_23_20.wav,lamb or nku
SPCS/data/audio/001/001_Female_23_514.wav,learnership ye tsamaya tsamaya bjang
SPCS/data/audio/007/007_Male_23_168.wav,set my record straight
SPCS/data/audio/019/019_Male_23_379.wav,wa non-automatic
SPCS/data/audio/019/019_Male_23_216.wav,ka company ya engineering
SPCS/data/audio/009/009_Female_26_319.wav,ga ba fetole my comments
SPCS/data/audio/017/017_Male_22_302.wav,di awareness campaign
SPCS/data/audio/020/020_Male_20_5.wav,ke goletše mo lekeišeneng
SPCS/data/audio/007/007_Male_23_173.wav,who are leading the right
SPCS/data/audio/011/011_Female_21_345.wav,nna ke blockile morago ga
SPCS/data/audio/017/017_Male_22_324.wav,province e tsamaiše
SPCS/data/audio/002/002_Male_24_292.wav,ranta kgahlanong le ponto ya
SPCS/data/audio/010/010_Male_22_624.wav,fifteen thousand runs
SPCS/data/audio/005/005_Male_26_507.wav,ke go ya khaunthareng
SPCS/data/audio/007/007_Male_23_64.wav,ga o tlo re hello
SPCS/data/audio/015/015_Female_91_142.wav,ke ngwana o mo sharp
SPCS/data/audio/018/018_Male_21_326.wav,motšhene wa go hlahlela ka
SPCS/data/audio/005/005_Male_26_8.wav,rena re le radio
SPCS/data/audio/006/006_Male_23_984.wav,mošomo wa bankeng
SPCS/data/audio/009/009_Female_26_94.wav,ba na le di disability
SPCS/data/audio/004/004_Female_17_85.wav,ke a ratang a bibele
SPCS/data/audio/010/010_Male_22_289.wav,yellow pepper e tee
SPCS/data/audio/017/017_Male_22_42.wav,o tlo ntšha plastic bag
SPCS/data/audio/014/014_Male_25_20.wav,mantlo a fifteen thousand
SPCS/data/audio/006/006_Male_23_423.wav,verse seventeen
SPCS/data/audio/008/008_Male_23_385.wav,gagwe o be a graduata
SPCS/data/audio/015/015_Female_91_52.wav,raloka televišeneng
SPCS/data/audio/014/014_Male_25_89.wav,direga eng mo operation repo
SPCS/data/audio/001/001_Female_23_120.wav,ge e le second half
SPCS/data/audio/007/007_Male_23_78.wav,di jeresi tše di botse
SPCS/data/audio/013/013_Male_27_445.wav,o mo top hundred
SPCS/data/audio/009/009_Female_26_105.wav,swanetše go tsošološa di grants
SPCS/data/audio/010/010_Male_22_273.wav,ke goletše mo lekeišeneng
SPCS/data/audio/008/008_Male_23_369.wav,dansa le gona ke sport
SPCS/data/audio/013/013_Male_27_261.wav,go dipapadi tša crickete
SPCS/data/audio/016/016_Female_21_319.wav,ka di photo tsa go
SPCS/data/audio/011/011_Female_21_440.wav,rena re le radio
SPCS/data/audio/019/019_Male_23_184.wav,ounce e tee ke
SPCS/data/audio/015/015_Female_91_433.wav,one twenty fela
SPCS/data/audio/016/016_Female_21_158.wav,ke bona on daily basis
SPCS/data/audio/004/004_Female_17_131.wav,go nale diagnostic indicators
SPCS/data/audio/010/010_Male_22_79.wav,tsamaišana le body ya gage
SPCS/data/audio/015/015_Female_91_264.wav,go feta two hundred thousand
SPCS/data/audio/012/012_Female_20_594.wav,doctor re a le amogela
SPCS/data/audio/012/012_Female_20_566.wav,ba home affairs
SPCS/data/audio/012/012_Female_20_237.wav,graduation ya ngwana wa gagwe
SPCS/data/audio/011/011_Female_21_126.wav,ba sepela ka di crutches
SPCS/data/audio/006/006_Male_23_712.wav,o nthomela please call me
SPCS/data/audio/004/004_Female_17_34.wav,phone ya ka e be
SPCS/data/audio/006/006_Male_23_402.wav,di exhibitors di tlile
SPCS/data/audio/009/009_Female_26_21.wav,tsamaišana le body ya gage
SPCS/data/audio/007/007_Male_23_785.wav,dollara go ya United Kingdom
SPCS/data/audio/006/006_Male_23_1079.wav,ka hwetša twenty percent discount
SPCS/data/audio/013/013_Male_27_343.wav,mošireletši wa setšhaba advocate
SPCS/data/audio/006/006_Male_23_865.wav,e na le barcode
SPCS/data/audio/003/003_Female_27_157.wav,date yela ke di nineteen
SPCS/data/audio/015/015_Female_91_13.wav,a ba fa citizen report
SPCS/data/audio/016/016_Female_21_412.wav,di company tša afrika borwa
SPCS/data/audio/019/019_Male_23_68.wav,wo ka di nine
SPCS/data/audio/004/004_Female_17_404.wav,ge e sena barcode
SPCS/data/audio/008/008_Male_23_160.wav,tankana tše pedi
SPCS/data/audio/002/002_Male_24_138.wav,dinatla tša mmino wa gospel
SPCS/data/audio/020/020_Male_20_434.wav,hundred kilometer ka awara
SPCS/data/audio/012/012_Female_20_519.wav,mo kapteni wa sehlopa
SPCS/data/audio/008/008_Male_23_278.wav,ba na le di disability
SPCS/data/audio/007/007_Male_23_630.wav,motho o a mo blocka
SPCS/data/audio/002/002_Male_24_412.wav,basadi ba nale pressure
SPCS/data/audio/010/010_Male_22_265.wav,o robile record
SPCS/data/audio/001/001_Female_23_189.wav,komišene ya bosetšhaba
SPCS/data/audio/015/015_Female_91_410.wav,ba changile di address
SPCS/data/audio/015/015_Female_91_346.wav,ka gare ga traffic circle
SPCS/data/audio/008/008_Male_23_402.wav,o mo top hundred
SPCS/data/audio/017/017_Male_22_493.wav,nna ke blockile batho
SPCS/data/audio/004/004_Female_17_174.wav,le a re tracer naa
SPCS/data/audio/011/011_Female_21_155.wav,ge go nyakega copy
SPCS/data/audio/012/012_Female_20_99.wav,the best you can do
SPCS/data/audio/014/014_Male_25_141.wav,kgona go go rekela airtime
SPCS/data/audio/007/007_Male_23_129.wav,ka thulwa ke taxi
SPCS/data/audio/006/006_Male_23_268.wav,tšona di skills
SPCS/data/audio/010/010_Male_22_209.wav,filimi tša metsotso ye masomepedi
SPCS/data/audio/011/011_Female_21_92.wav,ga o tlo re hello
SPCS/data/audio/003/003_Female_27_45.wav,retshwenya ke di drugs
SPCS/data/audio/014/014_Male_25_282.wav,ba mo knockile
SPCS/data/audio/012/012_Female_20_460.wav,tankana tše pedi
SPCS/data/audio/010/010_Male_22_338.wav,go nale di diagnostic indicators
SPCS/data/audio/005/005_Male_26_12.wav,of real gospel music
SPCS/data/audio/013/013_Male_27_273.wav,se dira ke go taela
SPCS/data/audio/016/016_Female_21_190.wav,go tla interview
SPCS/data/audio/005/005_Male_26_110.wav,lamb or nku
SPCS/data/audio/009/009_Female_26_347.wav,dithuto tša gagwe tša optometry
SPCS/data/audio/015/015_Female_91_385.wav,ba home affairs
SPCS/data/audio/010/010_Male_22_141.wav,go accessa di services tša
SPCS/data/audio/012/012_Female_20_27.wav,ge e le second half
SPCS/data/audio/002/002_Male_24_371.wav,ke di temporary workers
SPCS/data/audio/004/004_Female_17_435.wav,mafelo a go socialisa
SPCS/data/audio/003/003_Female_27_566.wav,attendance e thomile e le
SPCS/data/audio/020/020_Male_20_342.wav,wa porega bjang
SPCS/data/audio/014/014_Male_25_84.wav,ranta e wele
SPCS/data/audio/018/018_Male_21_237.wav,nako e ngwe o ntheka
SPCS/data/audio/014/014_Male_25_38.wav,re e bone talente
SPCS/data/audio/014/014_Male_25_57.wav,rena re le radio
SPCS/data/audio/005/005_Male_26_499.wav,wa mohuta wa tic
SPCS/data/audio/004/004_Female_17_557.wav,ikopanye le mokhanselara
SPCS/data/audio/009/009_Female_26_138.wav,taba tše tša histori
SPCS/data/audio/013/013_Male_27_466.wav,bitšwa University of the North
SPCS/data/audio/019/019_Male_23_15.wav,a bolailwego ka panga
SPCS/data/audio/001/001_Female_23_168.wav,level e tee ya salary
SPCS/data/audio/011/011_Female_21_257.wav,ounce e tee ke
SPCS/data/audio/016/016_Female_21_490.wav,excellence awards
SPCS/data/audio/001/001_Female_23_89.wav,go feta two hundred thousand
SPCS/data/audio/002/002_Male_24_722.wav,tšwa go album ya majakathata
SPCS/data/audio/002/002_Male_24_680.wav,nna ka nkreya mo address
SPCS/data/audio/006/006_Male_23_341.wav,motho a applyele mphiwafela
SPCS/data/audio/020/020_Male_20_79.wav,ba di form1 form2
SPCS/data/audio/009/009_Female_26_68.wav,o re hello le kae
SPCS/data/audio/004/004_Female_17_561.wav,e be agency fela
SPCS/data/audio/004/004_Female_17_14.wav,se dira ke go taela
SPCS/data/audio/012/012_Female_20_54.wav,goba di parkeng
SPCS/data/audio/005/005_Male_26_92.wav,kgona go go rekela airtime
SPCS/data/audio/019/019_Male_23_27.wav,e tsebagaditše di projeke
SPCS/data/audio/013/013_Male_27_339.wav,ka june ya ngwaga wona
SPCS/data/audio/018/018_Male_21_200.wav,šomiša di million tse lekgolo
SPCS/data/audio/011/011_Female_21_34.wav,wa mohuta wa tic
SPCS/data/audio/008/008_Male_23_137.wav,date yela ke di nineteen
SPCS/data/audio/010/010_Male_22_373.wav,updata status ga ba commente
SPCS/data/audio/017/017_Male_22_221.wav,o sa le a stuckile
SPCS/data/audio/006/006_Male_23_181.wav,la tharo december twenty eleven
SPCS/data/audio/008/008_Male_23_67.wav,gore o ngwala di posts
SPCS/data/audio/008/008_Male_23_38.wav,ke salad yeo e loketšego
SPCS/data/audio/006/006_Male_23_1054.wav,ka dikgwedi tše twelve
SPCS/data/audio/009/009_Female_26_243.wav,betha di pillar ka matlapa
SPCS/data/audio/015/015_Female_91_452.wav,kgona go isupporta
SPCS/data/audio/004/004_Female_17_10.wav,o sa le a stuckile
SPCS/data/audio/012/012_Female_20_132.wav,ba sepela ka di crutches
SPCS/data/audio/020/020_Male_20_446.wav,o robile record
SPCS/data/audio/017/017_Male_22_515.wav,go tsena tsena ga dipolotiki
SPCS/data/audio/020/020_Male_20_393.wav,go phatlalala le province
SPCS/data/audio/011/011_Female_21_286.wav,bakgopedi ba di tendera
SPCS/data/audio/011/011_Female_21_230.wav,graduation ya ngwana wa gagwe
SPCS/data/audio/003/003_Female_27_19.wav,go hwetša di opportunities
SPCS/data/audio/007/007_Male_23_739.wav,ge o dira follow up
SPCS/data/audio/017/017_Male_22_35.wav,o nyaka butternut e tee
SPCS/data/audio/005/005_Male_26_496.wav,kare ke fashion ye nngwe
SPCS/data/audio/001/001_Female_23_356.wav,ke thomile ministry ke
SPCS/data/audio/013/013_Male_27_393.wav,some how ka mogau
SPCS/data/audio/014/014_Male_25_123.wav,dira kgopelo ya loan
SPCS/data/audio/003/003_Female_27_417.wav,fourty seven percent
SPCS/data/audio/006/006_Male_23_231.wav,gona fa tournamenteng ye
SPCS/data/audio/008/008_Male_23_275.wav,peresente tše masome seswai hlano
SPCS/data/audio/002/002_Male_24_396.wav,ya jewa two one
SPCS/data/audio/016/016_Female_21_135.wav,after school
SPCS/data/audio/006/006_Male_23_896.wav,dinatla tša mmino wa gospel
SPCS/data/audio/001/001_Female_23_169.wav,a tšea di crate
SPCS/data/audio/014/014_Male_25_15.wav,maketše ge ba bona response
SPCS/data/audio/002/002_Male_24_727.wav,ge e sena barcode
SPCS/data/audio/020/020_Male_20_487.wav,ke fashion ya go tsenelela
SPCS/data/audio/014/014_Male_25_119.wav,ka dikgwedi tše twelve
SPCS/data/audio/019/019_Male_23_503.wav,re kwešiša position ya bona
SPCS/data/audio/007/007_Male_23_459.wav,ka dilo tša material
SPCS/data/audio/003/003_Female_27_3.wav,pele o ka tlotša polish
SPCS/data/audio/014/014_Male_25_191.wav,ba sepela ka di crutches
SPCS/data/audio/004/004_Female_17_526.wav,hwetša di address tša batho
SPCS/data/audio/018/018_Male_21_260.wav,mabapi le construction exhibition
SPCS/data/audio/018/018_Male_21_367.wav,o hwetše code ya moswananoši
SPCS/data/audio/012/012_Female_20_449.wav,category tše nne tša
SPCS/data/audio/002/002_Male_24_238.wav,colleges le di universities tša
SPCS/data/audio/016/016_Female_21_140.wav,go ya united kingdom
SPCS/data/audio/015/015_Female_91_494.wav,fifteen thousand runs
SPCS/data/audio/002/002_Male_24_391.wav,nyakago di tickets tša festival
SPCS/data/audio/014/014_Male_25_158.wav,the best you can do
SPCS/data/audio/001/001_Female_23_553.wav,tankana tše pedi
SPCS/data/audio/001/001_Female_23_278.wav,after school
SPCS/data/audio/001/001_Female_23_204.wav,go bopa furnitura
SPCS/data/audio/012/012_Female_20_123.wav,e be di official residents
SPCS/data/audio/009/009_Female_26_158.wav,taba ya di service standard
SPCS/data/audio/013/013_Male_27_278.wav,go feta maatla a ranta
SPCS/data/audio/013/013_Male_27_183.wav,as long as e le
SPCS/data/audio/010/010_Male_22_515.wav,botša eng girlfriend ya ka
SPCS/data/audio/001/001_Female_23_274.wav,ke yona disability
SPCS/data/audio/009/009_Female_26_451.wav,kare ke fashion ye nngwe
SPCS/data/audio/002/002_Male_24_578.wav,le ngwana wa eleven years
SPCS/data/audio/018/018_Male_21_6.wav,ke sa judge motho
SPCS/data/audio/018/018_Male_21_288.wav,ba di bitšang di learnership
SPCS/data/audio/014/014_Male_25_90.wav,batho bale ba go repossesa
SPCS/data/audio/002/002_Male_24_327.wav,di exhibition tše tša lena
SPCS/data/audio/010/010_Male_22_149.wav,peresente tše masome seswai hlano
SPCS/data/audio/018/018_Male_21_289.wav,tsamaya nako ya two years
SPCS/data/audio/006/006_Male_23_291.wav,ba sepela ka di crutches
SPCS/data/audio/013/013_Male_27_85.wav,wa nyaka di mushrooms
SPCS/data/audio/012/012_Female_20_317.wav,baswa ba tšwile pateng
SPCS/data/audio/020/020_Male_20_375.wav,e lego planete
SPCS/data/audio/005/005_Male_26_462.wav,ke di temporary workers
SPCS/data/audio/013/013_Male_27_435.wav,ke blockile celebrities
SPCS/data/audio/006/006_Male_23_886.wav,and few ke ka kerekeng
SPCS/data/audio/006/006_Male_23_22.wav,disturba o sa re wa
SPCS/data/audio/006/006_Male_23_340.wav,eighteen years
SPCS/data/audio/020/020_Male_20_471.wav,verse seventeen
SPCS/data/audio/015/015_Female_91_629.wav,goba soapie goba sitcom
SPCS/data/audio/004/004_Female_17_533.wav,mošireletši wa setšhaba advocate
SPCS/data/audio/016/016_Female_21_371.wav,learnership ye tsamaya tsamaya bjang
SPCS/data/audio/003/003_Female_27_151.wav,gammogo le quantum ye one
SPCS/data/audio/002/002_Male_24_923.wav,di contributa go downfall ya
SPCS/data/audio/007/007_Male_23_294.wav,o ka se confront lapa
SPCS/data/audio/001/001_Female_23_607.wav,go leka go impressa basadi
SPCS/data/audio/019/019_Male_23_207.wav,lane e tee e tšwaletše
SPCS/data/audio/006/006_Male_23_267.wav,yona rehabilitation
SPCS/data/audio/012/012_Female_20_107.wav,e tsebagaditše di projeke
SPCS/data/audio/002/002_Male_24_781.wav,a tšea di crate
SPCS/data/audio/015/015_Female_91_43.wav,papadi e le ya crickete
SPCS/data/audio/012/012_Female_20_504.wav,ikaparetše dilo tše di simple
SPCS/data/audio/009/009_Female_26_390.wav,nkreya le mo facebook page
SPCS/data/audio/006/006_Male_23_966.wav,nako ya bumper to bumper
SPCS/data/audio/006/006_Male_23_645.wav,e nyenyefatše gore di portrait
SPCS/data/audio/013/013_Male_27_441.wav,komišene yeo e hlomilwego
SPCS/data/audio/009/009_Female_26_427.wav,di company tša afrika borwa
SPCS/data/audio/014/014_Male_25_423.wav,le di posts tša ka
SPCS/data/audio/006/006_Male_23_400.wav,ke blockile celebrities
SPCS/data/audio/011/011_Female_21_254.wav,province yengwe le yengwe
SPCS/data/audio/006/006_Male_23_605.wav,gare ga toropo ya johannesburg
SPCS/data/audio/008/008_Male_23_210.wav,ka january a ka emiša
SPCS/data/audio/002/002_Male_24_332.wav,tše ka moka tša art
SPCS/data/audio/011/011_Female_21_141.wav,ka june ya ngwaga wona
SPCS/data/audio/015/015_Female_91_654.wav,ntšhitše di sprinter tše two
SPCS/data/audio/010/010_Male_22_299.wav,ditaba ka Standford Matlou
SPCS/data/audio/004/004_Female_17_190.wav,ntšhitše di sprinter tše two
SPCS/data/audio/011/011_Female_21_271.wav,betha di pillar ka matlapa
SPCS/data/audio/001/001_Female_23_415.wav,le ngwana wa eleven years
SPCS/data/audio/006/006_Male_23_1073.wav,ge re ema traffic circleng
SPCS/data/audio/004/004_Female_17_16.wav,cellphone ya gago fela
SPCS/data/audio/007/007_Male_23_137.wav,e lego planete
SPCS/data/audio/011/011_Female_21_461.wav,ka two thousand and eight
SPCS/data/audio/011/011_Female_21_137.wav,go šomišana le di stakeholders
SPCS/data/audio/019/019_Male_23_425.wav,tsamaišana le body ya gage
SPCS/data/audio/014/014_Male_25_511.wav,ke di temporary workers
SPCS/data/audio/005/005_Male_26_493.wav,basadi ba lokela pressure banneng
SPCS/data/audio/003/003_Female_27_557.wav,lekala la banka
SPCS/data/audio/014/014_Male_25_296.wav,graduation ya ngwana wa gagwe
SPCS/data/audio/008/008_Male_23_206.wav,go feta eight million rand
SPCS/data/audio/007/007_Male_23_319.wav,nna ke blockile mogwera
SPCS/data/audio/006/006_Male_23_247.wav,magistrata wa tikologo gosasa
SPCS/data/audio/005/005_Male_26_417.wav,ke bona project ya lena
SPCS/data/audio/007/007_Male_23_195.wav,forty four thousand
SPCS/data/audio/001/001_Female_23_402.wav,ya gore daddy wa lwala
SPCS/data/audio/002/002_Male_24_825.wav,fapana a di social grants
SPCS/data/audio/018/018_Male_21_395.wav,o sa le a stuckile
SPCS/data/audio/020/020_Male_20_275.wav,go papadi ya netball
SPCS/data/audio/011/011_Female_21_255.wav,hweditše di report tše botse
SPCS/data/audio/004/004_Female_17_327.wav,okay ke a leboga
SPCS/data/audio/020/020_Male_20_317.wav,le di track suit
SPCS/data/audio/015/015_Female_91_248.wav,tšeo di transportilego batho
SPCS/data/audio/017/017_Male_22_190.wav,o ka re romela email
SPCS/data/audio/003/003_Female_27_450.wav,bathopa difoka tša di bursary
SPCS/data/audio/002/002_Male_24_557.wav,ka la tharo december
SPCS/data/audio/006/006_Male_23_1078.wav,go registara
SPCS/data/audio/009/009_Female_26_81.wav,di municipality tša rena
SPCS/data/audio/018/018_Male_21_317.wav,konsarata tša mmino
SPCS/data/audio/005/005_Male_26_261.wav,le le recodilwego
SPCS/data/audio/006/006_Male_23_382.wav,hundred and seven for two
SPCS/data/audio/020/020_Male_20_120.wav,ge a dulela go commenta
SPCS/data/audio/016/016_Female_21_157.wav,who are leading the right
SPCS/data/audio/014/014_Male_25_222.wav,ka thulwa ke taxi
SPCS/data/audio/005/005_Male_26_413.wav,mabapi le di exhibition
SPCS/data/audio/016/016_Female_21_483.wav,go registara
SPCS/data/audio/019/019_Male_23_48.wav,le go head of department
SPCS/data/audio/014/014_Male_25_146.wav,pele ga komiti ya palamente
SPCS/data/audio/006/006_Male_23_610.wav,dithuto tša gagwe tša optometry
SPCS/data/audio/006/006_Male_23_489.wav,ge a ka dira appeal
SPCS/data/audio/012/012_Female_20_139.wav,lokiša hundred and twenty rand
SPCS/data/audio/006/006_Male_23_602.wav,brithani
SPCS/data/audio/005/005_Male_26_487.wav,ya jewa two one
SPCS/data/audio/003/003_Female_27_500.wav,šomiša di million tse lekgolo
SPCS/data/audio/007/007_Male_23_281.wav,go nale di diagnostic indicators
SPCS/data/audio/010/010_Male_22_666.wav,festival ya kgoparara ya thobelaFM
SPCS/data/audio/019/019_Male_23_92.wav,mo historing ya rena
SPCS/data/audio/012/012_Female_20_605.wav,ka june ya ngwaga wona
SPCS/data/audio/009/009_Female_26_460.wav,o ka re romela email
SPCS/data/audio/014/014_Male_25_335.wav,ditaba ka Standford Matlou
SPCS/data/audio/005/005_Male_26_479.wav,e fetang eight million rands
SPCS/data/audio/004/004_Female_17_595.wav,a sa tsebe di outcome
SPCS/data/audio/001/001_Female_23_450.wav,a mbora ka nako yeo
SPCS/data/audio/019/019_Male_23_81.wav,go tšwa police station
SPCS/data/audio/006/006_Male_23_959.wav,wa boraro ga se semi-automatic
SPCS/data/audio/019/019_Male_23_35.wav,mathata a di grant
SPCS/data/audio/005/005_Male_26_108.wav,ga o tlo re hello
SPCS/data/audio/001/001_Female_23_55.wav,ke nale shopo ya ka
SPCS/data/audio/019/019_Male_23_32.wav,di jeresi tše di botse
SPCS/data/audio/020/020_Male_20_482.wav,tsamaya ka di public transport
SPCS/data/audio/005/005_Male_26_486.wav,ge e le second half
SPCS/data/audio/005/005_Male_26_194.wav,kgona go isupporta
SPCS/data/audio/002/002_Male_24_912.wav,who are leading the right
SPCS/data/audio/006/006_Male_23_110.wav,ga yona ebile slow nyana
SPCS/data/audio/006/006_Male_23_701.wav,re leba ka studio six
SPCS/data/audio/014/014_Male_25_58.wav,konsarata tša mmino
SPCS/data/audio/004/004_Female_17_449.wav,bowa gae ka di medal
SPCS/data/audio/006/006_Male_23_301.wav,ba changile di address
SPCS/data/audio/004/004_Female_17_417.wav,o nthomela please call me
SPCS/data/audio/007/007_Male_23_192.wav,fifteen thousand runs
SPCS/data/audio/018/018_Male_21_376.wav,projeke ya setšhaba
SPCS/data/audio/005/005_Male_26_502.wav,botša eng girlfriend ya ka
SPCS/data/audio/012/012_Female_20_506.wav,go feta eight million rand
SPCS/data/audio/018/018_Male_21_310.wav,molao tšeo di tsenetšego conference
SPCS/data/audio/006/006_Male_23_746.wav,go dipapadi tša crickete
SPCS/data/audio/003/003_Female_27_142.wav,university of johannesburg
SPCS/data/audio/005/005_Male_26_228.wav,di contributa go downfall ya
SPCS/data/audio/011/011_Female_21_512.wav,mo kapteni wa sehlopa
SPCS/data/audio/002/002_Male_24_163.wav,eighteen minutes to four
SPCS/data/audio/002/002_Male_24_139.wav,dansa le gona ke sport
SPCS/data/audio/014/014_Male_25_268.wav,and few ke ka kerekeng
SPCS/data/audio/010/010_Male_22_400.wav,gare ga toropo ya johannesburg
SPCS/data/audio/009/009_Female_26_360.wav,exhibition e ebile ka mokgo
SPCS/data/audio/010/010_Male_22_456.wav,ka di six tša december
SPCS/data/audio/006/006_Male_23_432.wav,ditaba ka Standford Matlou
SPCS/data/audio/006/006_Male_23_142.wav,tšeo di transportilego batho
SPCS/data/audio/010/010_Male_22_42.wav,ka two thousand and eight
SPCS/data/audio/014/014_Male_25_526.wav,leina la projeke ya setšhaba
SPCS/data/audio/005/005_Male_26_468.wav,bobedi ke wola wa semi-automatic
SPCS/data/audio/011/011_Female_21_149.wav,account ya kua bankeng
SPCS/data/audio/002/002_Male_24_206.wav,lane e tee e tšwaletše
SPCS/data/audio/001/001_Female_23_486.wav,exhibition yela ra go bolela
SPCS/data/audio/015/015_Female_91_541.wav,go lokišwa tsela ko Nigel
SPCS/data/audio/015/015_Female_91_516.wav,fourty seven percent
SPCS/data/audio/010/010_Male_22_254.wav,ekile ya ba di drama
SPCS/data/audio/007/007_Male_23_612.wav,ke salad yeo e loketšego
SPCS/data/audio/011/011_Female_21_400.wav,ke bona project ya lena
SPCS/data/audio/010/010_Male_22_291.wav,festival ya kgoparara ya thobelaFM
SPCS/data/audio/009/009_Female_26_143.wav,re ka ba le agency
SPCS/data/audio/005/005_Male_26_311.wav,ka la tharo december
SPCS/data/audio/020/020_Male_20_320.wav,di municipality tša rena
SPCS/data/audio/009/009_Female_26_406.wav,molao tšeo di tsenetšego conference
SPCS/data/audio/014/014_Male_25_87.wav,ya jewa two one
SPCS/data/audio/008/008_Male_23_379.wav,hundred kilometer ka awara
SPCS/data/audio/002/002_Male_24_860.wav,ba ba golang kua bankeng
SPCS/data/audio/001/001_Female_23_190.wav,go rakwa partying
SPCS/data/audio/004/004_Female_17_529.wav,ka june ya ngwaga wona
SPCS/data/audio/005/005_Male_26_11.wav,pele a eya di awardeng
SPCS/data/audio/007/007_Male_23_501.wav,go feta maatla a ranta
SPCS/data/audio/007/007_Male_23_633.wav,feleletše a invita ga ntši
SPCS/data/audio/017/017_Male_22_345.wav,some how ka mogau
SPCS/data/audio/012/012_Female_20_155.wav,ba ba golang kua bankeng
SPCS/data/audio/018/018_Male_21_55.wav,filimi tša metsotso ye masomepedi
SPCS/data/audio/010/010_Male_22_467.wav,go amana le di athletiki
SPCS/data/audio/012/012_Female_20_345.wav,wa di griller go fihlela
SPCS/data/audio/005/005_Male_26_485.wav,di pamphlets tša festival ye
SPCS/data/audio/002/002_Male_24_101.wav,eighteen years
SPCS/data/audio/002/002_Male_24_424.wav,go feta eight million rand
SPCS/data/audio/007/007_Male_23_744.wav,la tharo december twenty eleven
SPCS/data/audio/003/003_Female_27_150.wav,ba ntšhitše di bus
SPCS/data/audio/014/014_Male_25_118.wav,ka lefela loan ya gagwe
SPCS/data/audio/011/011_Female_21_32.wav,barutiši ba sekolo sa primary
SPCS/data/audio/006/006_Male_23_361.wav,all the colleges tša mo
SPCS/data/audio/012/012_Female_20_560.wav,go bopa furnitura
SPCS/data/audio/011/011_Female_21_54.wav,ka dikgwedi tše twelve
SPCS/data/audio/003/003_Female_27_70.wav,updata status ga ba commente
SPCS/data/audio/015/015_Female_91_87.wav,festival ya kgoparara ya thobelaFM
SPCS/data/audio/018/018_Male_21_500.wav,eighteen years
SPCS/data/audio/015/015_Female_91_1.wav,eighteen years
SPCS/data/audio/005/005_Male_26_454.wav,go amana le di athletiki
SPCS/data/audio/019/019_Male_23_169.wav,komišene yeo e hlomilwego
SPCS/data/audio/002/002_Male_24_318.wav,le di challenge tše kgolo
SPCS/data/audio/002/002_Male_24_525.wav,I am so scared
SPCS/data/audio/002/002_Male_24_419.wav,banna ba na le pressure
SPCS/data/audio/018/018_Male_21_396.wav,ka gare ga traffic circle
SPCS/data/audio/017/017_Male_22_283.wav,lokiša hundred and twenty rand
SPCS/data/audio/012/012_Female_20_120.wav,fapana a di social grants
SPCS/data/audio/017/017_Male_22_267.wav,e be di official residents
SPCS/data/audio/004/004_Female_17_244.wav,rapelelwa peace love and harmony
SPCS/data/audio/013/013_Male_27_57.wav,ntlo tše botse tša quality
SPCS/data/audio/019/019_Male_23_250.wav,o drainwa mo sepetlele
SPCS/data/audio/006/006_Male_23_288.wav,ba na le di disability
SPCS/data/audio/012/012_Female_20_533.wav,go registara
SPCS/data/audio/008/008_Male_23_87.wav,leina la banka
SPCS/data/audio/014/014_Male_25_230.wav,e lego planete
SPCS/data/audio/014/014_Male_25_36.wav,business ya ka e kgone
SPCS/data/audio/007/007_Male_23_488.wav,gore a ka se afforde
SPCS/data/audio/015/015_Female_91_387.wav,gore motho a qualifaele
SPCS/data/audio/009/009_Female_26_14.wav,o hwetše code ya moswananoši
SPCS/data/audio/016/016_Female_21_265.wav,go nale di diagnostic indicators
SPCS/data/audio/015/015_Female_91_566.wav,re kwešiša condition ya bona
SPCS/data/audio/008/008_Male_23_194.wav,basadi ba nale pressure
SPCS/data/audio/019/019_Male_23_350.wav,ba ntšhitše di bus
SPCS/data/audio/008/008_Male_23_201.wav,banna ba na le pressure
SPCS/data/audio/010/010_Male_22_314.wav,go roaster nama ya nku
SPCS/data/audio/020/020_Male_20_418.wav,o swara style
SPCS/data/audio/005/005_Male_26_407.wav,attendance e thomile e le
SPCS/data/audio/019/019_Male_23_357.wav,date yela ke di nineteen
SPCS/data/audio/009/009_Female_26_358.wav,exhibition yela ra go bolela
SPCS/data/audio/005/005_Male_26_86.wav,a tšea di crate
SPCS/data/audio/006/006_Male_23_588.wav,for go transporta baswa ba
SPCS/data/audio/016/016_Female_21_437.wav,barutiši ba sekolo sa primary
SPCS/data/audio/014/014_Male_25_128.wav,go dipapadi tša crickete
SPCS/data/audio/019/019_Male_23_259.wav,o tlo nyaka green pepper
SPCS/data/audio/001/001_Female_23_95.wav,of real gospel music
SPCS/data/audio/001/001_Female_23_594.wav,banna ba na le pressure
SPCS/data/audio/002/002_Male_24_892.wav,industeri ya di filimi ka
SPCS/data/audio/006/006_Male_23_787.wav,goba yona art
SPCS/data/audio/002/002_Male_24_837.wav,ba sepela ka di crutches
SPCS/data/audio/004/004_Female_17_128.wav,ba grade twelve learners
SPCS/data/audio/015/015_Female_91_214.wav,exhibition e ebile ka mokgo
SPCS/data/audio/004/004_Female_17_109.wav,labohlano la di eighteen november
SPCS/data/audio/017/017_Male_22_119.wav,nna ka nkreya mo address
SPCS/data/audio/006/006_Male_23_329.wav,e lego planete
SPCS/data/audio/006/006_Male_23_741.wav,dira kgopelo ya loan
SPCS/data/audio/012/012_Female_20_49.wav,o hwetše code ya moswananoši
SPCS/data/audio/002/002_Male_24_462.wav,there is better way
SPCS/data/audio/013/013_Male_27_33.wav,re palelwa ke go copa
SPCS/data/audio/005/005_Male_26_283.wav,go lokišwa tsela ko Nigel
SPCS/data/audio/002/002_Male_24_242.wav,ke ngwana o mo sharp
SPCS/data/audio/013/013_Male_27_428.wav,gagwe o be a graduata
SPCS/data/audio/019/019_Male_23_265.wav,wa di griller go fihlela
SPCS/data/audio/020/020_Male_20_409.wav,go bolela le bona gore
SPCS/data/audio/016/016_Female_21_311.wav,rena ba bangwe re sensitive
SPCS/data/audio/009/009_Female_26_342.wav,gare ga toropo ya johannesburg
SPCS/data/audio/011/011_Female_21_208.wav,ge o ka ba adamant
SPCS/data/audio/019/019_Male_23_261.wav,e segella ka di cubes
SPCS/data/audio/005/005_Male_26_310.wav,the head of department
SPCS/data/audio/006/006_Male_23_647.wav,ba di bitšang di learnership
SPCS/data/audio/004/004_Female_17_250.wav,baswa ba tšwile pateng
SPCS/data/audio/005/005_Male_26_284.wav,bitšwa University of the North
SPCS/data/audio/015/015_Female_91_532.wav,ounce e tee ke
SPCS/data/audio/015/015_Female_91_195.wav,mošomo wa psychometric
SPCS/data/audio/015/015_Female_91_152.wav,ge a ka dira appeal
SPCS/data/audio/012/012_Female_20_52.wav,banna ba na le pressure
SPCS/data/audio/001/001_Female_23_452.wav,feleletše a invita ga ntši
SPCS/data/audio/015/015_Female_91_512.wav,eighteen minutes to four
SPCS/data/audio/002/002_Male_24_386.wav,leina la projeke ya setšhaba
SPCS/data/audio/006/006_Male_23_239.wav,motsotso wo wa go šaena
SPCS/data/audio/006/006_Male_23_314.wav,account ya kua bankeng
SPCS/data/audio/014/014_Male_25_419.wav,a ka go tsebang personally
SPCS/data/audio/004/004_Female_17_475.wav,kgona go ka ba corruptable
SPCS/data/audio/004/004_Female_17_295.wav,bangwe ga ba na timing
SPCS/data/audio/008/008_Male_23_232.wav,cellphone ya gago fela
SPCS/data/audio/019/019_Male_23_452.wav,cellphone ya gago fela
SPCS/data/audio/007/007_Male_23_351.wav,banka ya gona
SPCS/data/audio/015/015_Female_91_641.wav,eighteen minutes to four
SPCS/data/audio/004/004_Female_17_41.wav,yona rehabilitation
SPCS/data/audio/010/010_Male_22_436.wav,tše ka moka tša art
SPCS/data/audio/007/007_Male_23_603.wav,ba hlwela television
SPCS/data/audio/006/006_Male_23_1034.wav,a mbora ka nako yeo
SPCS/data/audio/020/020_Male_20_371.wav,ke le busy ka ofising
SPCS/data/audio/007/007_Male_23_266.wav,the head of department
SPCS/data/audio/004/004_Female_17_35.wav,e tšhaba tšhaba mo networkeng
SPCS/data/audio/007/007_Male_23_84.wav,go accessa di services tša
SPCS/data/audio/003/003_Female_27_347.wav,re ka ba le agency
SPCS/data/audio/017/017_Male_22_252.wav,yona rehabilitation
SPCS/data/audio/009/009_Female_26_223.wav,di results le se meetseng
SPCS/data/audio/002/002_Male_24_886.wav,ke yona disability
SPCS/data/audio/006/006_Male_23_511.wav,nna ke blockile motho ka
SPCS/data/audio/019/019_Male_23_315.wav,exhibition e ebile ka mokgo
SPCS/data/audio/003/003_Female_27_10.wav,re palelwa ke go copa
SPCS/data/audio/016/016_Female_21_318.wav,nako e ngwe o ntheka
SPCS/data/audio/011/011_Female_21_1.wav,pakaneng ya omo auto
SPCS/data/audio/007/007_Male_23_280.wav,ntlo tše botse tša quality
SPCS/data/audio/002/002_Male_24_378.wav,wa non-automatic
SPCS/data/audio/009/009_Female_26_219.wav,hweditse di report tse botse
SPCS/data/audio/007/007_Male_23_733.wav,wa non-automatic
SPCS/data/audio/006/006_Male_23_206.wav,o nale account ya banka
SPCS/data/audio/020/020_Male_20_19.wav,ounce e tee ke
SPCS/data/audio/006/006_Male_23_552.wav,ga yona ebile slow nyana
SPCS/data/audio/002/002_Male_24_703.wav,rena re le radio
SPCS/data/audio/012/012_Female_20_189.wav,go phatlalala le province
SPCS/data/audio/001/001_Female_23_152.wav,ka lefela loan ya gagwe
SPCS/data/audio/001/001_Female_23_564.wav,ge e sena barcode
SPCS/data/audio/010/010_Male_22_540.wav,e le tša gauta
SPCS/data/audio/010/010_Male_22_214.wav,mmušo wa rena wa democracy
SPCS/data/audio/010/010_Male_22_334.wav,rapelelwa peace love and harmony
SPCS/data/audio/005/005_Male_26_477.wav,leina la projeke ya setšhaba
SPCS/data/audio/007/007_Male_23_624.wav,updata status ga ba commente
SPCS/data/audio/015/015_Female_91_262.wav,ebile ga se wena coach
SPCS/data/audio/007/007_Male_23_202.wav,gagwe o be a graduata
SPCS/data/audio/015/015_Female_91_419.wav,mošireletši wa setšhaba advocate
SPCS/data/audio/015/015_Female_91_277.wav,bobedi ke wola wa semi-automatic
SPCS/data/audio/005/005_Male_26_461.wav,of real gospel music
SPCS/data/audio/004/004_Female_17_348.wav,training academay ya di arts
SPCS/data/audio/008/008_Male_23_103.wav,mabapi le di exhibition
SPCS/data/audio/001/001_Female_23_580.wav,barutiši ba sekolo sa primary
SPCS/data/audio/003/003_Female_27_322.wav,wa leloko la board
SPCS/data/audio/015/015_Female_91_316.wav,ke go ya khaunthareng
SPCS/data/audio/019/019_Male_23_161.wav,le a re tracer naa
SPCS/data/audio/006/006_Male_23_334.wav,labohlano la di eighteen november
SPCS/data/audio/009/009_Female_26_399.wav,mec wa sports and culture
SPCS/data/audio/013/013_Male_27_439.wav,gore di form tše re
SPCS/data/audio/016/016_Female_21_546.wav,ka june ya ngwaga wona
SPCS/data/audio/003/003_Female_27_580.wav,ke nale shopo ya ka
SPCS/data/audio/016/016_Female_21_596.wav,la national planning commission
SPCS/data/audio/013/013_Male_27_375.wav,motho a applyele mphiwafela
SPCS/data/audio/018/018_Male_21_18.wav,ka twenty fifteen
SPCS/data/audio/016/016_Female_21_22.wav,gona fa tournamenteng ye
SPCS/data/audio/008/008_Male_23_238.wav,mokonstable wa maphodisa
SPCS/data/audio/004/004_Female_17_600.wav,swarelwa ka peter mokaba stadium
SPCS/data/audio/009/009_Female_26_497.wav,cellphone ya gago fela
SPCS/data/audio/014/014_Male_25_215.wav,account ya kua bankeng
SPCS/data/audio/002/002_Male_24_567.wav,rapelelwa peace love and harmony
SPCS/data/audio/011/011_Female_21_374.wav,ke mang fiance ya gago
SPCS/data/audio/008/008_Male_23_306.wav,ke tswaletše account kua bankeng
SPCS/data/audio/019/019_Male_23_484.wav,mathata a di grant
SPCS/data/audio/017/017_Male_22_234.wav,diswantšho tša cctv
SPCS/data/audio/012/012_Female_20_612.wav,tšeo di nalego information
SPCS/data/audio/002/002_Male_24_114.wav,ba grade twelve learners
SPCS/data/audio/015/015_Female_91_434.wav,bowa ka bus ya mathomo
SPCS/data/audio/019/019_Male_23_185.wav,red pepper e tee
SPCS/data/audio/019/019_Male_23_403.wav,basadi ba lokela pressure banneng
SPCS/data/audio/004/004_Female_17_448.wav,ditaba tša dipapadi tša swimming
SPCS/data/audio/004/004_Female_17_40.wav,e tsebagaditše di projeke
SPCS/data/audio/013/013_Male_27_240.wav,ke go ya khaunthareng
SPCS/data/audio/006/006_Male_23_600.wav,tona ya kgwebo le indasteri
SPCS/data/audio/019/019_Male_23_211.wav,go roaster nama ya nku
SPCS/data/audio/009/009_Female_26_124.wav,le di community radio stations
SPCS/data/audio/012/012_Female_20_32.wav,ba tšea ke camera
SPCS/data/audio/016/016_Female_21_432.wav,facer bjang girlfriend ya gagwe
SPCS/data/audio/002/002_Male_24_2.wav,cellphone ya gago fela
SPCS/data/audio/009/009_Female_26_290.wav,retshwenya ke di drugs
SPCS/data/audio/006/006_Male_23_111.wav,attendance e thomile e le
SPCS/data/audio/010/010_Male_22_434.wav,ke nale shopo ya ka
SPCS/data/audio/006/006_Male_23_49.wav,o hlokagetše fleteng ya gage
SPCS/data/audio/017/017_Male_22_333.wav,go phatlalala le province
SPCS/data/audio/018/018_Male_21_378.wav,ka dikgwedi tše twelve
SPCS/data/audio/005/005_Male_26_22.wav,o tlo tlotša polish
SPCS/data/audio/002/002_Male_24_307.wav,lekala la banka
SPCS/data/audio/009/009_Female_26_26.wav,ka january a ka emiša
SPCS/data/audio/006/006_Male_23_695.wav,leina la projeke ya setšhaba
SPCS/data/audio/002/002_Male_24_359.wav,as long as e le
SPCS/data/audio/016/016_Female_21_451.wav,banna ba na le pressure
SPCS/data/audio/003/003_Female_27_148.wav,re e bone talente
SPCS/data/audio/009/009_Female_26_186.wav,di ballroom
SPCS/data/audio/002/002_Male_24_342.wav,o nyaka thušo ya business
SPCS/data/audio/012/012_Female_20_101.wav,phone ya ka e be
SPCS/data/audio/014/014_Male_25_148.wav,mokonstable wa maphodisa
SPCS/data/audio/020/020_Male_20_419.wav,ge o ka ba adamant
SPCS/data/audio/020/020_Male_20_436.wav,goba soapie goba sitcom
SPCS/data/audio/006/006_Male_23_658.wav,ba ntšhitše di bus
SPCS/data/audio/009/009_Female_26_164.wav,angle ka moka ga tšona
SPCS/data/audio/005/005_Male_26_59.wav,o hwetše code ya moswananoši
SPCS/data/audio/020/020_Male_20_452.wav,fourty seven percent
SPCS/data/audio/019/019_Male_23_354.wav,mec wa sports and culture
SPCS/data/audio/011/011_Female_21_309.wav,home affairs ba tla be
SPCS/data/audio/008/008_Male_23_437.wav,traffic lights ga di šome
SPCS/data/audio/003/003_Female_27_593.wav,nna ka nkreya mo address
SPCS/data/audio/007/007_Male_23_705.wav,gammogo le quantum ye one
SPCS/data/audio/004/004_Female_17_302.wav,ka di photo tsa go
SPCS/data/audio/016/016_Female_21_52.wav,e tšhaba tšhaba mo networkeng
SPCS/data/audio/018/018_Male_21_380.wav,uniform ya bana ya sekolo
SPCS/data/audio/012/012_Female_20_286.wav,traffic lights ga di bereke
SPCS/data/audio/019/019_Male_23_478.wav,tšona di skills
SPCS/data/audio/009/009_Female_26_205.wav,go tla interview
SPCS/data/audio/001/001_Female_23_379.wav,traffic lights ga di bereke
SPCS/data/audio/018/018_Male_21_307.wav,wa kgona go auditiona mo
SPCS/data/audio/019/019_Male_23_394.wav,ranta e wele
SPCS/data/audio/003/003_Female_27_463.wav,ba go nyaka di kontraka
SPCS/data/audio/004/004_Female_17_224.wav,go roaster nama ya nku
SPCS/data/audio/011/011_Female_21_357.wav,le di posts tša ka
SPCS/data/audio/012/012_Female_20_465.wav,ge o dira follow up
SPCS/data/audio/003/003_Female_27_528.wav,feleletše a invita ga ntši
SPCS/data/audio/004/004_Female_17_11.wav,ka gare ga traffic circle
SPCS/data/audio/003/003_Female_27_217.wav,ke go ya khaunthareng
SPCS/data/audio/001/001_Female_23_85.wav,molao tšeo di tsenetšego conference
SPCS/data/audio/006/006_Male_23_135.wav,learnership ye tsamaya tsamaya bjang
SPCS/data/audio/015/015_Female_91_261.wav,nna ga ke coach
SPCS/data/audio/014/014_Male_25_519.wav,tankana tše pedi
SPCS/data/audio/005/005_Male_26_141.wav,di bitšang gore ke infection
SPCS/data/audio/015/015_Female_91_590.wav,le ngwana wa eleven years
SPCS/data/audio/012/012_Female_20_593.wav,hwetša di address tša batho
SPCS/data/audio/020/020_Male_20_493.wav,go roaster nama ya nku
SPCS/data/audio/007/007_Male_23_113.wav,ka june ya ngwaga wona
SPCS/data/audio/012/012_Female_20_586.wav,ke sa judge motho
SPCS/data/audio/002/002_Male_24_353.wav,mec wa sports and culture
SPCS/data/audio/006/006_Male_23_202.wav,botša eng girlfriend ya ka
SPCS/data/audio/011/011_Female_21_272.wav,fokotša koketšo ya di gas
SPCS/data/audio/020/020_Male_20_269.wav,hundred and fifty rand fela
SPCS/data/audio/016/016_Female_21_365.wav,training academay ya di arts
SPCS/data/audio/002/002_Male_24_530.wav,bitšwa University of the North
SPCS/data/audio/007/007_Male_23_38.wav,gona fa tournamenteng ye
SPCS/data/audio/003/003_Female_27_313.wav,hwetša di address tša batho
SPCS/data/audio/006/006_Male_23_508.wav,nna ke blockile morago ga
SPCS/data/audio/013/013_Male_27_65.wav,le ngwana wa eleven years
SPCS/data/audio/011/011_Female_21_43.wav,o hwetše code ya moswananoši
SPCS/data/audio/017/017_Male_22_521.wav,gare ga toropo ya johannesburg
SPCS/data/audio/005/005_Male_26_447.wav,date yela ke di nineteen
SPCS/data/audio/010/010_Male_22_151.wav,le go head of department
SPCS/data/audio/016/016_Female_21_416.wav,tšwa go album ya majakathata
SPCS/data/audio/013/013_Male_27_256.wav,dira kgopelo ya loan
SPCS/data/audio/019/019_Male_23_398.wav,ke reality show ya television
SPCS/data/audio/019/019_Male_23_146.wav,fifteen thousand runs
SPCS/data/audio/007/007_Male_23_66.wav,lamb or nku
SPCS/data/audio/007/007_Male_23_223.wav,ntšhitše di sprinter tše two
SPCS/data/audio/010/010_Male_22_155.wav,ba sepela ka di crutches
SPCS/data/audio/001/001_Female_23_69.wav,nkreya le mo facebook page
SPCS/data/audio/019/019_Male_23_319.wav,le di challenge tše kgolo
SPCS/data/audio/003/003_Female_27_492.wav,ke ngwana o mo sharp
SPCS/data/audio/004/004_Female_17_279.wav,lokela ka gare ga plastiki
SPCS/data/audio/006/006_Male_23_155.wav,nna ga ke coach
SPCS/data/audio/012/012_Female_20_20.wav,e fetang eight million rands
SPCS/data/audio/017/017_Male_22_363.wav,dinatla tša mmino wa gospel
SPCS/data/audio/018/018_Male_21_52.wav,motho a applyele mphiwafela
SPCS/data/audio/015/015_Female_91_396.wav,le go head of department
SPCS/data/audio/014/014_Male_25_262.wav,all the colleges tša mo
SPCS/data/audio/003/003_Female_27_131.wav,ke nale shopo ya ka
SPCS/data/audio/014/014_Male_25_152.wav,kgona go ka ba corruptable
SPCS/data/audio/014/014_Male_25_301.wav,o robile record
SPCS/data/audio/020/020_Male_20_181.wav,business ya ka e kgone
SPCS/data/audio/015/015_Female_91_437.wav,o ya conferenceng
SPCS/data/audio/014/014_Male_25_77.wav,leina la projeke ya setšhaba
SPCS/data/audio/015/015_Female_91_179.wav,a ka go tsebang personally
SPCS/data/audio/009/009_Female_26_330.wav,ge a dulela go commenta
SPCS/data/audio/006/006_Male_23_477.wav,baswa leading the right life
SPCS/data/audio/015/015_Female_91_173.wav,ga ba fetole my comments
SPCS/data/audio/004/004_Female_17_415.wav,facer bjang girlfriend ya gagwe
SPCS/data/audio/013/013_Male_27_73.wav,o drainwa mo sepetlele
SPCS/data/audio/016/016_Female_21_336.wav,account ya yona e ka
SPCS/data/audio/020/020_Male_20_400.wav,ba phasa
SPCS/data/audio/019/019_Male_23_156.wav,gagwe o be a graduata
SPCS/data/audio/003/003_Female_27_318.wav,ka twenty fifteen
SPCS/data/audio/017/017_Male_22_421.wav,University ya limpopo ya baithuti
SPCS/data/audio/012/012_Female_20_60.wav,ka dikgwedi tše twelve
SPCS/data/audio/017/017_Male_22_414.wav,go fihla mafelelong a January
SPCS/data/audio/003/003_Female_27_250.wav,se dira ke go taela
SPCS/data/audio/009/009_Female_26_372.wav,ke bona project ya lena
SPCS/data/audio/002/002_Male_24_405.wav,barutiši ba sekolo sa primary
SPCS/data/audio/010/010_Male_22_587.wav,mathata a di grant
SPCS/data/audio/010/010_Male_22_641.wav,ke blockile celebrities
SPCS/data/audio/001/001_Female_23_604.wav,ke go ya khaunthareng
SPCS/data/audio/008/008_Male_23_114.wav,dira diimport and export
SPCS/data/audio/013/013_Male_27_36.wav,bakgopedi ba di tendera
SPCS/data/audio/012/012_Female_20_574.wav,go accessa ditirelo tša rena
SPCS/data/audio/015/015_Female_91_660.wav,ke thomile ministry ke
SPCS/data/audio/002/002_Male_24_634.wav,lane ya letsogo la goja
SPCS/data/audio/006/006_Male_23_628.wav,re beakantše ya agriculture
SPCS/data/audio/006/006_Male_23_556.wav,re beakantše ya agriculture
SPCS/data/audio/012/012_Female_20_227.wav,tša melao ya di traffic
SPCS/data/audio/017/017_Male_22_33.wav,ke salad yeo e loketšego
SPCS/data/audio/020/020_Male_20_465.wav,province yengwe le yengwe
SPCS/data/audio/006/006_Male_23_591.wav,di results la mathomo ba
SPCS/data/audio/017/017_Male_22_400.wav,university of technology
SPCS/data/audio/008/008_Male_23_161.wav,o tlo tlotša polish
SPCS/data/audio/020/020_Male_20_376.wav,mo historing ya rena
SPCS/data/audio/002/002_Male_24_607.wav,updata nna ke a commenta
SPCS/data/audio/007/007_Male_23_651.wav,gare ga toropo ya johannesburg
SPCS/data/audio/003/003_Female_27_308.wav,lokiša hundred and twenty rand
SPCS/data/audio/006/006_Male_23_929.wav,fine ye kgolo kgolo
SPCS/data/audio/003/003_Female_27_400.wav,ekile ya ba di drama
SPCS/data/audio/010/010_Male_22_629.wav,ekile ya ba di drama
SPCS/data/audio/020/020_Male_20_154.wav,le di challenge tše kgolo
SPCS/data/audio/011/011_Female_21_385.wav,swarelwa ka peter mokaba stadium
SPCS/data/audio/001/001_Female_23_15.wav,go tsena tsena ga dipolotiki
SPCS/data/audio/020/020_Male_20_388.wav,kgona go isupporta
SPCS/data/audio/005/005_Male_26_88.wav,ka gare ga traffic circle
SPCS/data/audio/001/001_Female_23_333.wav,go tla interview
SPCS/data/audio/003/003_Female_27_606.wav,ke sepela ka sekuta
SPCS/data/audio/017/017_Male_22_220.wav,a tšea di crate
SPCS/data/audio/002/002_Male_24_710.wav,ba le fa di pamphlets
SPCS/data/audio/009/009_Female_26_153.wav,e na le barcode
SPCS/data/audio/017/017_Male_22_525.wav,ke mang fiance ya gago
SPCS/data/audio/010/010_Male_22_29.wav,ba le fa di pamphlets
SPCS/data/audio/014/014_Male_25_258.wav,angle ka moka ga tšona
SPCS/data/audio/001/001_Female_23_393.wav,the head of department
SPCS/data/audio/013/013_Male_27_29.wav,traffic lights ga di bereke
SPCS/data/audio/015/015_Female_91_500.wav,goba soapie goba sitcom
SPCS/data/audio/006/006_Male_23_377.wav,dansa le gona ke sport
SPCS/data/audio/002/002_Male_24_529.wav,go lokišwa tsela ko Nigel
SPCS/data/audio/011/011_Female_21_312.wav,colleges le di universities tša
SPCS/data/audio/003/003_Female_27_281.wav,di jeresi tše di botse
SPCS/data/audio/005/005_Male_26_251.wav,le a re tracer naa
SPCS/data/audio/006/006_Male_23_89.wav,ranta kgahlanong le euro
SPCS/data/audio/012/012_Female_20_517.wav,e le tša gauta
SPCS/data/audio/019/019_Male_23_230.wav,jealous ke bolwetši
SPCS/data/audio/015/015_Female_91_638.wav,le a re tracer naa
SPCS/data/audio/017/017_Male_22_56.wav,rena ba bangwe re sensitive
SPCS/data/audio/019/019_Male_23_271.wav,updata nna ke a commenta
SPCS/data/audio/007/007_Male_23_753.wav,direga eng mo operation repo
SPCS/data/audio/011/011_Female_21_16.wav,ge e sena barcode
SPCS/data/audio/015/015_Female_91_508.wav,go tla interview
SPCS/data/audio/007/007_Male_23_263.wav,o nale disability
SPCS/data/audio/009/009_Female_26_279.wav,ntlo tše botse tša quality
SPCS/data/audio/005/005_Male_26_164.wav,tšeo di nalego information
SPCS/data/audio/006/006_Male_23_920.wav,ke blockile celebrities
SPCS/data/audio/019/019_Male_23_145.wav,hundred and seven for two
SPCS/data/audio/001/001_Female_23_418.wav,retshwenya ke di drugs
SPCS/data/audio/004/004_Female_17_434.wav,banna ba na le pressure
SPCS/data/audio/018/018_Male_21_5.wav,go swerwe festival ya kakapa
SPCS/data/audio/010/010_Male_22_302.wav,fokotša koketšo ya di gas
SPCS/data/audio/015/015_Female_91_77.wav,di results le se meetseng
SPCS/data/audio/017/017_Male_22_531.wav,leina la banka
SPCS/data/audio/017/017_Male_22_111.wav,e nyenyefatše gore jewellery
SPCS/data/audio/007/007_Male_23_8.wav,lenaneo la television
SPCS/data/audio/004/004_Female_17_489.wav,e tsebagaditše di projeke
SPCS/data/audio/019/019_Male_23_141.wav,di ballroom
SPCS/data/audio/006/006_Male_23_455.wav,go hwetša di opportunities
SPCS/data/audio/019/019_Male_23_302.wav,dithuto tša gagwe tša optometry
SPCS/data/audio/012/012_Female_20_609.wav,mošireletši wa setšhaba advocate
SPCS/data/audio/008/008_Male_23_226.wav,o sa le a stuckile
SPCS/data/audio/015/015_Female_91_177.wav,a bona profile ya ka
SPCS/data/audio/004/004_Female_17_103.wav,a festival with a purpose
SPCS/data/audio/009/009_Female_26_165.wav,ka raloka polo
SPCS/data/audio/008/008_Male_23_270.wav,le child support grant
SPCS/data/audio/002/002_Male_24_570.wav,ntlo tše botse tša quality
SPCS/data/audio/004/004_Female_17_309.wav,mošomo wa psychometric
SPCS/data/audio/006/006_Male_23_107.wav,exhibition yela ra go bolela
SPCS/data/audio/012/012_Female_20_502.wav,mafelo a go socialisa
SPCS/data/audio/015/015_Female_91_380.wav,di jeresi tše di botse
SPCS/data/audio/001/001_Female_23_24.wav,tša komišene ya bo setšhaba
SPCS/data/audio/010/010_Male_22_236.wav,a sa tsebe di outcome
SPCS/data/audio/001/001_Female_23_467.wav,brithani
SPCS/data/audio/010/010_Male_22_600.wav,set my record straight
SPCS/data/audio/015/015_Female_91_652.wav,ko di provinsing tše dingwe
SPCS/data/audio/016/016_Female_21_206.wav,university of technology
SPCS/data/audio/014/014_Male_25_479.wav,tsamaya nako ya two years
SPCS/data/audio/008/008_Male_23_185.wav,mehla ge o tlaleletša airtime
SPCS/data/audio/005/005_Male_26_202.wav,di principles tša batho pele
SPCS/data/audio/016/016_Female_21_32.wav,kgona go go rekela airtime
SPCS/data/audio/008/008_Male_23_352.wav,all the colleges tša mo
SPCS/data/audio/007/007_Male_23_77.wav,go bopa furnitura
SPCS/data/audio/006/006_Male_23_803.wav,peresente tše masome seswai hlano
SPCS/data/audio/017/017_Male_22_304.wav,shopping center tše di kgolwane
SPCS/data/audio/003/003_Female_27_353.wav,kgona go isupporta
SPCS/data/audio/012/012_Female_20_131.wav,di bitšang gore ke infection
SPCS/data/audio/009/009_Female_26_210.wav,di exhibitors di tlile
SPCS/data/audio/008/008_Male_23_273.wav,di ofisi tša rena magaeng
SPCS/data/audio/013/013_Male_27_362.wav,a festival with a purpose
SPCS/data/audio/011/011_Female_21_14.wav,e fetang eight million rands
SPCS/data/audio/006/006_Male_23_1020.wav,wa nyaka spinach
SPCS/data/audio/007/007_Male_23_392.wav,business ya ka e kgone
SPCS/data/audio/001/001_Female_23_122.wav,ke reality show ya television
SPCS/data/audio/007/007_Male_23_371.wav,maketše ge ba bona response
SPCS/data/audio/004/004_Female_17_124.wav,mmušo wa rena wa democracy
SPCS/data/audio/011/011_Female_21_341.wav,o ileng wa mo blocka
SPCS/data/audio/015/015_Female_91_241.wav,university of johannesburg
SPCS/data/audio/002/002_Male_24_509.wav,o mo top hundred
SPCS/data/audio/017/017_Male_22_358.wav,o swara style
SPCS/data/audio/009/009_Female_26_465.wav,go leka go impressa basadi
SPCS/data/audio/010/010_Male_22_478.wav,ke di bursary tše kae
SPCS/data/audio/014/014_Male_25_225.wav,bowa ka bus ya mathomo
SPCS/data/audio/001/001_Female_23_407.wav,ntlo tše botse tša quality
SPCS/data/audio/015/015_Female_91_238.wav,ba di bitšang di learnership
SPCS/data/audio/005/005_Male_26_150.wav,swanetše go tsošološa di grants
SPCS/data/audio/015/015_Female_91_486.wav,di contributa go downfall ya
SPCS/data/audio/006/006_Male_23_622.wav,okay ke a leboga
SPCS/data/audio/006/006_Male_23_539.wav,ba go hwetša degree ye
SPCS/data/audio/020/020_Male_20_194.wav,o auditione mo districting engwe
SPCS/data/audio/008/008_Male_23_425.wav,ditaba ka Standford Matlou
SPCS/data/audio/016/016_Female_21_148.wav,go nale diagnostic indicators
SPCS/data/audio/018/018_Male_21_61.wav,di principles tša batho pele
SPCS/data/audio/002/002_Male_24_246.wav,ba sepela ka group
SPCS/data/audio/019/019_Male_23_242.wav,le ngwana wa eleven years
SPCS/data/audio/013/013_Male_27_161.wav,training academy ya di art
SPCS/data/audio/010/010_Male_22_577.wav,o ithopela two thousand rand
SPCS/data/audio/004/004_Female_17_343.wav,mantlo a fifteen thousand
SPCS/data/audio/019/019_Male_23_219.wav,go hwetša di opportunities
SPCS/data/audio/010/010_Male_22_258.wav,a tlo dira shopping
SPCS/data/audio/011/011_Female_21_276.wav,pele o ka tlotša polish
SPCS/data/audio/001/001_Female_23_303.wav,gopola gore facebook ya rena
SPCS/data/audio/003/003_Female_27_165.wav,go feta two hundred thousand
SPCS/data/audio/006/006_Male_23_987.wav,jealous ke bolwetši
SPCS/data/audio/006/006_Male_23_617.wav,ba di lori le bahlwekiši
SPCS/data/audio/006/006_Male_23_244.wav,ka hwetša twenty percent discount
SPCS/data/audio/008/008_Male_23_248.wav,the best you can do
SPCS/data/audio/014/014_Male_25_207.wav,wo ka di nine
SPCS/data/audio/015/015_Female_91_268.wav,category tše nne tša
SPCS/data/audio/011/011_Female_21_395.wav,bangwe ba kgona tša tourism
SPCS/data/audio/007/007_Male_23_232.wav,yellow pepper e tee
SPCS/data/audio/012/012_Female_20_162.wav,ge go nyakega copy
SPCS/data/audio/010/010_Male_22_275.wav,fine ye kgolo kgolo
SPCS/data/audio/001/001_Female_23_289.wav,ba phasa
SPCS/data/audio/016/016_Female_21_562.wav,ka thulwa ke taxi
SPCS/data/audio/005/005_Male_26_3.wav,nna ga ke coach
SPCS/data/audio/015/015_Female_91_61.wav,o robile record
SPCS/data/audio/005/005_Male_26_18.wav,motšhene wa go hlahlela ka
SPCS/data/audio/008/008_Male_23_414.wav,red pepper e tee
SPCS/data/audio/006/006_Male_23_434.wav,betha di pillar ka matlapa
SPCS/data/audio/001/001_Female_23_38.wav,okay ke a leboga
SPCS/data/audio/011/011_Female_21_99.wav,o ithopela two thousand rand
SPCS/data/audio/006/006_Male_23_223.wav,dira kgopelo ya loan
SPCS/data/audio/008/008_Male_23_91.wav,mabapi le construction exhibition
SPCS/data/audio/006/006_Male_23_273.wav,lenaneo la outreach
SPCS/data/audio/018/018_Male_21_210.wav,e segella ka di cubes
SPCS/data/audio/012/012_Female_20_231.wav,ekile ya ba di drama
SPCS/data/audio/006/006_Male_23_271.wav,di jeresi tše di botse
SPCS/data/audio/008/008_Male_23_180.wav,batho bale ba go repossesa
SPCS/data/audio/009/009_Female_26_389.wav,nna ka nkreya mo address
SPCS/data/audio/004/004_Female_17_575.wav,taba ya di service standard
SPCS/data/audio/002/002_Male_24_559.wav,nna ke a porega
SPCS/data/audio/007/007_Male_23_41.wav,level e tee ya salary
SPCS/data/audio/020/020_Male_20_132.wav,gare ga toropo ya johannesburg
SPCS/data/audio/015/015_Female_91_103.wav,apara di shades tša gago
SPCS/data/audio/016/016_Female_21_72.wav,motho wo a di applyelang
SPCS/data/audio/015/015_Female_91_445.wav,le ge democracy e kokota
SPCS/data/audio/009/009_Female_26_518.wav,karabo ke roast lamb
SPCS/data/audio/002/002_Male_24_290.wav,go tsena tsena ga dipolotiki
SPCS/data/audio/018/018_Male_21_498.wav,province e tsamaiše
SPCS/data/audio/002/002_Male_24_815.wav,goba yona art
SPCS/data/audio/006/006_Male_23_1051.wav,go feta eight million rand
SPCS/data/audio/007/007_Male_23_621.wav,o tlo ntšha plastic bag
SPCS/data/audio/006/006_Male_23_398.wav,le a re tracer naa
SPCS/data/audio/015/015_Female_91_235.wav,e nyenyefatše gore jewellery
SPCS/data/audio/002/002_Male_24_913.wav,ke bona on daily basis
SPCS/data/audio/012/012_Female_20_530.wav,se dira ke go taela
SPCS/data/audio/006/006_Male_23_83.wav,ka di photo tsa go
SPCS/data/audio/011/011_Female_21_418.wav,nkreya le mo facebook page
SPCS/data/audio/019/019_Male_23_393.wav,re leba ka studio six
SPCS/data/audio/001/001_Female_23_463.wav,khomišene ya bo setšhaba ya
SPCS/data/audio/011/011_Female_21_452.wav,wa non-automatic
SPCS/data/audio/003/003_Female_27_343.wav,holong ya masepala
SPCS/data/audio/016/016_Female_21_511.wav,di jeresi tše di botse
SPCS/data/audio/003/003_Female_27_480.wav,rapelelwa peace love and harmony
SPCS/data/audio/012/012_Female_20_608.wav,wa two thousand and nine
SPCS/data/audio/002/002_Male_24_638.wav,dithuto tša gagwe tša optometry
SPCS/data/audio/014/014_Male_25_21.wav,ke nale shopo ya ka
SPCS/data/audio/014/014_Male_25_484.wav,nkreya le mo facebook page
SPCS/data/audio/015/015_Female_91_429.wav,go tšwa police station
SPCS/data/audio/013/013_Male_27_301.wav,tšona di skills
SPCS/data/audio/003/003_Female_27_465.wav,ka company ya engineering
SPCS/data/audio/002/002_Male_24_150.wav,ekile ya ba di drama
SPCS/data/audio/014/014_Male_25_133.wav,companying a tee
SPCS/data/audio/004/004_Female_17_455.wav,gore a ka se afforde
SPCS/data/audio/007/007_Male_23_208.wav,o robile record
SPCS/data/audio/014/014_Male_25_74.wav,o romele tšhelete ya administration
SPCS/data/audio/001/001_Female_23_355.wav,hweditše di report tše botse
SPCS/data/audio/014/014_Male_25_130.wav,go papadi ya netball
SPCS/data/audio/017/017_Male_22_229.wav,ka hwetša twenty percent discount
SPCS/data/audio/017/017_Male_22_64.wav,ka di photo tsa go
SPCS/data/audio/010/010_Male_22_614.wav,suggestion ya ka
SPCS/data/audio/002/002_Male_24_212.wav,bakgopedi ba di tendera
SPCS/data/audio/012/012_Female_20_358.wav,a bona profile ya ka
SPCS/data/audio/019/019_Male_23_438.wav,go dipapadi tša crickete
SPCS/data/audio/002/002_Male_24_358.wav,o auditione mo districting engwe
SPCS/data/audio/016/016_Female_21_39.wav,mokonstable wa maphodisa
SPCS/data/audio/006/006_Male_23_965.wav,traffic lights ga di šome
SPCS/data/audio/010/010_Male_22_570.wav,ga o tlo re hello
SPCS/data/audio/012/012_Female_20_292.wav,di jersey le di tracksuit
SPCS/data/audio/015/015_Female_91_22.wav,all the colleges tša mo
SPCS/data/audio/006/006_Male_23_257.wav,ga o tlo re hello
SPCS/data/audio/006/006_Male_23_601.wav,ranta kgahlanong le ponto ya
SPCS/data/audio/006/006_Male_23_62.wav,o ileng wa mo blocka
SPCS/data/audio/001/001_Female_23_184.wav,excellence awards
SPCS/data/audio/002/002_Male_24_798.wav,kgona go ka ba corruptable
SPCS/data/audio/019/019_Male_23_466.wav,go rakwa partying
SPCS/data/audio/001/001_Female_23_70.wav,business ya ka e kgone
SPCS/data/audio/020/020_Male_20_53.wav,re kwešiša condition ya bona
SPCS/data/audio/018/018_Male_21_50.wav,ke yona disability
SPCS/data/audio/002/002_Male_24_909.wav,of those days
SPCS/data/audio/020/020_Male_20_437.wav,raloka televišeneng
SPCS/data/audio/014/014_Male_25_299.wav,go tla interview
SPCS/data/audio/010/010_Male_22_368.wav,wa di griller go fihlela
SPCS/data/audio/020/020_Male_20_178.wav,o nyaka thušo ya business
SPCS/data/audio/020/020_Male_20_249.wav,basadi ba nale pressure
SPCS/data/audio/004/004_Female_17_129.wav,ba phasa
SPCS/data/audio/010/010_Male_22_271.wav,fourty seven percent
SPCS/data/audio/013/013_Male_27_56.wav,bomenetša bja di tendera
SPCS/data/audio/004/004_Female_17_469.wav,pele ga komiti ya palamente
SPCS/data/audio/002/002_Male_24_937.wav,goba soapie goba sitcom
SPCS/data/audio/010/010_Male_22_203.wav,province e tsamaiše
SPCS/data/audio/011/011_Female_21_403.wav,mantlo a fifteen thousand
SPCS/data/audio/018/018_Male_21_483.wav,one twenty fela
SPCS/data/audio/007/007_Male_23_746.wav,nyakago di tickets tša festival
SPCS/data/audio/008/008_Male_23_117.wav,e nyenyefatše gore di portrait
SPCS/data/audio/003/003_Female_27_458.wav,nako ya bumper to bumper
SPCS/data/audio/001/001_Female_23_468.wav,ranta kgahlanong le euro
SPCS/data/audio/013/013_Male_27_245.wav,mafelo a go socialisa
SPCS/data/audio/011/011_Female_21_142.wav,wo ka di nine
SPCS/data/audio/001/001_Female_23_590.wav,ke go ya khaunthareng
SPCS/data/audio/018/018_Male_21_175.wav,ba ile festivaleng
SPCS/data/audio/007/007_Male_23_414.wav,konsarata tša mmino
SPCS/data/audio/007/007_Male_23_233.wav,verse seventeen
SPCS/data/audio/006/006_Male_23_120.wav,ba suggesta gore rena re
SPCS/data/audio/003/003_Female_27_402.wav,raloka televišeneng
SPCS/data/audio/014/014_Male_25_153.wav,nkgahlilego kudu ke ya corruption
SPCS/data/audio/020/020_Male_20_435.wav,ekile ya ba di drama
SPCS/data/audio/019/019_Male_23_28.wav,yona rehabilitation
SPCS/data/audio/019/019_Male_23_358.wav,wa kgona go auditiona mo
SPCS/data/audio/016/016_Female_21_275.wav,retshwenya ke di drugs
SPCS/data/audio/007/007_Male_23_302.wav,bao ba etetšego flat
SPCS/data/audio/016/016_Female_21_104.wav,tšeo di nalego information
SPCS/data/audio/011/011_Female_21_413.wav,tsamaya nako ya two years
SPCS/data/audio/017/017_Male_22_218.wav,companying a tee
SPCS/data/audio/004/004_Female_17_394.wav,o tlo tlotša polish
SPCS/data/audio/006/006_Male_23_666.wav,wa kgona go auditiona mo
SPCS/data/audio/012/012_Female_20_110.wav,goba yona art
SPCS/data/audio/002/002_Male_24_180.wav,province yengwe le yengwe
SPCS/data/audio/013/013_Male_27_458.wav,yellow pepper e tee
SPCS/data/audio/001/001_Female_23_535.wav,nna ga ke coach
SPCS/data/audio/010/010_Male_22_55.wav,ba tšea ke camera
SPCS/data/audio/015/015_Female_91_317.wav,o hwetše code ya moswananoši
SPCS/data/audio/007/007_Male_23_275.wav,ya gore daddy wa lwala
SPCS/data/audio/013/013_Male_27_503.wav,rapelelwa peace love and harmony
SPCS/data/audio/001/001_Female_23_377.wav,apara di shades tša gago
SPCS/data/audio/012/012_Female_20_571.wav,motho wo a di applyelang
SPCS/data/audio/016/016_Female_21_167.wav,go buša order
SPCS/data/audio/006/006_Male_23_56.wav,wa nyaka di mushrooms
SPCS/data/audio/004/004_Female_17_369.wav,le confusion ya di date
SPCS/data/audio/006/006_Male_23_304.wav,doctor re a le amogela
SPCS/data/audio/013/013_Male_27_220.wav,ya jewa two one
SPCS/data/audio/014/014_Male_25_197.wav,wa porega bjang
SPCS/data/audio/005/005_Male_26_302.wav,di jersey le di tracksuit
SPCS/data/audio/010/010_Male_22_583.wav,go bopa furnitura
SPCS/data/audio/001/001_Female_23_561.wav,ka two thousand and eight
SPCS/data/audio/014/014_Male_25_278.wav,dinatla tša mmino wa gospel
SPCS/data/audio/001/001_Female_23_140.wav,o nale account ya banka
SPCS/data/audio/007/007_Male_23_160.wav,a ba fa citizen report
SPCS/data/audio/002/002_Male_24_636.wav,tša komišene ya bo setšhaba
SPCS/data/audio/020/020_Male_20_36.wav,bathopa difoka tša di bursary
SPCS/data/audio/015/015_Female_91_215.wav,ga yona ebile slow nyana
SPCS/data/audio/005/005_Male_26_398.wav,lekala la banka
SPCS/data/audio/001/001_Female_23_508.wav,training academay ya di arts
SPCS/data/audio/013/013_Male_27_94.wav,updata nna ke a commenta
SPCS/data/audio/002/002_Male_24_324.wav,maketše ge ba bona response
SPCS/data/audio/001/001_Female_23_374.wav,bathopa difoka tša di bursary
SPCS/data/audio/006/006_Male_23_982.wav,wa go ba seterateng
SPCS/data/audio/007/007_Male_23_539.wav,di ofisi tša rena magaeng
SPCS/data/audio/008/008_Male_23_31.wav,šomiša di million tse lekgolo
SPCS/data/audio/003/003_Female_27_470.wav,ka la tharo december
SPCS/data/audio/010/010_Male_22_218.wav,ba grade twelve learners
SPCS/data/audio/011/011_Female_21_253.wav,di polio
SPCS/data/audio/004/004_Female_17_423.wav,steše sa go kala dikoloi
SPCS/data/audio/006/006_Male_23_584.wav,re e bone talente
SPCS/data/audio/015/015_Female_91_160.wav,e segella ka di cubes
SPCS/data/audio/003/003_Female_27_404.wav,a tlo dira shopping
SPCS/data/audio/010/010_Male_22_51.wav,ya jewa two one
SPCS/data/audio/020/020_Male_20_312.wav,yona rehabilitation
SPCS/data/audio/014/014_Male_25_489.wav,ba ntšhitše di bus
SPCS/data/audio/016/016_Female_21_77.wav,morutiši ka panga
SPCS/data/audio/012/012_Female_20_147.wav,ka june ya ngwaga wona
SPCS/data/audio/016/016_Female_21_377.wav,ko sekhukhuni district ya gešu
SPCS/data/audio/002/002_Male_24_312.wav,exhibition yela ra go bolela
SPCS/data/audio/001/001_Female_23_65.wav,learnership ye tsamaya tsamaya bjang
SPCS/data/audio/006/006_Male_23_305.wav,ba swere economy ya lefase
SPCS/data/audio/008/008_Male_23_47.wav,o tlo ntšha plastic bag
SPCS/data/audio/013/013_Male_27_469.wav,University ya limpopo ya baithuti
SPCS/data/audio/020/020_Male_20_447.wav,ke blockile celebrities
SPCS/data/audio/005/005_Male_26_45.wav,o nthomela please call me
SPCS/data/audio/013/013_Male_27_495.wav,nna ke a porega
SPCS/data/audio/002/002_Male_24_431.wav,ikopanye le mokhanselara
SPCS/data/audio/009/009_Female_26_408.wav,ebile ga se wena coach
SPCS/data/audio/004/004_Female_17_236.wav,nna ke a porega
SPCS/data/audio/006/006_Male_23_555.wav,le di challenge tše kgolo
SPCS/data/audio/015/015_Female_91_510.wav,o robile record
SPCS/data/audio/001/001_Female_23_284.wav,mmušo wa rena wa democracy
SPCS/data/audio/016/016_Female_21_175.wav,hundred and seven for two
SPCS/data/audio/006/006_Male_23_339.wav,ke yona disability
SPCS/data/audio/009/009_Female_26_206.wav,le a re tracer naa
SPCS/data/audio/004/004_Female_17_91.wav,di awareness campaign
SPCS/data/audio/002/002_Male_24_563.wav,mošomo wa bankeng
SPCS/data/audio/003/003_Female_27_66.wav,lokela ka gare ga plastiki
SPCS/data/audio/003/003_Female_27_334.wav,one twenty fela
SPCS/data/audio/002/002_Male_24_539.wav,pele o ka tlotša polish
SPCS/data/audio/020/020_Male_20_31.wav,ditaba ka Standford Matlou
SPCS/data/audio/006/006_Male_23_71.wav,a mbora ka nako yeo
SPCS/data/audio/019/019_Male_23_221.wav,ka la tharo december
SPCS/data/audio/013/013_Male_27_351.wav,le di community radio stations
SPCS/data/audio/009/009_Female_26_221.wav,university of technology
SPCS/data/audio/006/006_Male_23_61.wav,o tlo ntšha plastic bag
SPCS/data/audio/002/002_Male_24_664.wav,di exhibition tše tša lena
SPCS/data/audio/019/019_Male_23_387.wav,leina la projeke ya setšhaba
SPCS/data/audio/015/015_Female_91_473.wav,go bolela le bona gore
SPCS/data/audio/007/007_Male_23_204.wav,batho ba di cellphone
SPCS/data/audio/009/009_Female_26_65.wav,lamb or nku
SPCS/data/audio/013/013_Male_27_338.wav,ba swere economy ya lefase
SPCS/data/audio/013/013_Male_27_514.wav,le ngwana wa eleven years
SPCS/data/audio/009/009_Female_26_387.wav,university of johannesburg
SPCS/data/audio/012/012_Female_20_388.wav,lekala la banka
SPCS/data/audio/006/006_Male_23_346.wav,e na le barcode
SPCS/data/audio/019/019_Male_23_449.wav,motsotso wo wa go šaena
SPCS/data/audio/011/011_Female_21_109.wav,mathata a di grant
SPCS/data/audio/001/001_Female_23_277.wav,kgona go isupporta
SPCS/data/audio/008/008_Male_23_146.wav,ticket ke gona e sepela
SPCS/data/audio/018/018_Male_21_335.wav,tšwa go album ya majakathata
SPCS/data/audio/014/014_Male_25_106.wav,o nale account ya banka
SPCS/data/audio/004/004_Female_17_176.wav,ke blockile celebrities
SPCS/data/audio/003/003_Female_27_383.wav,o swara style
SPCS/data/audio/006/006_Male_23_463.wav,mošomo wa bankeng
SPCS/data/audio/014/014_Male_25_61.wav,of real gospel music
SPCS/data/audio/016/016_Female_21_137.wav,industeri ya di filimi ka
SPCS/data/audio/009/009_Female_26_283.wav,especially young people
SPCS/data/audio/005/005_Male_26_449.wav,o auditione mo districting engwe
SPCS/data/audio/006/006_Male_23_643.wav,training academay ya di arts
SPCS/data/audio/010/010_Male_22_424.wav,be interested go construction fela
SPCS/data/audio/007/007_Male_23_313.wav,o tlo ntšha plastic bag
SPCS/data/audio/006/006_Male_23_441.wav,ke fashion ya go tsenelela
SPCS/data/audio/008/008_Male_23_66.wav,e le go mo blocka
SPCS/data/audio/015/015_Female_91_339.wav,go papadi ya netball
SPCS/data/audio/007/007_Male_23_656.wav,dithuto tša gagwe tša optometry
SPCS/data/audio/002/002_Male_24_133.wav,o swara style
SPCS/data/audio/002/002_Male_24_762.wav,go feta eight million rand
SPCS/data/audio/010/010_Male_22_590.wav,go accessa di services tša
SPCS/data/audio/006/006_Male_23_396.wav,ka landline
SPCS/data/audio/009/009_Female_26_310.wav,wa di griller go fihlela
SPCS/data/audio/018/018_Male_21_90.wav,di ballroom
SPCS/data/audio/003/003_Female_27_214.wav,basadi ba nale pressure
SPCS/data/audio/005/005_Male_26_387.wav,gare ga toropo ya johannesburg
SPCS/data/audio/016/016_Female_21_243.wav,bakgopedi ba di tendera
SPCS/data/audio/016/016_Female_21_301.wav,updata nna ke a commenta
SPCS/data/audio/006/006_Male_23_141.wav,re e bone talente
SPCS/data/audio/010/010_Male_22_94.wav,go papadi ya netball
SPCS/data/audio/020/020_Male_20_51.wav,ka company ya engineering
SPCS/data/audio/010/010_Male_22_164.wav,ba re romele di form
SPCS/data/audio/003/003_Female_27_321.wav,ke a ratang a bibele
SPCS/data/audio/001/001_Female_23_456.wav,ke a blocka ge motho
SPCS/data/audio/004/004_Female_17_147.wav,o swara style
SPCS/data/audio/008/008_Male_23_265.wav,di municipality tša rena
SPCS/data/audio/018/018_Male_21_223.wav,ga ba fetole my comments
SPCS/data/audio/016/016_Female_21_418.wav,ka two thousand and eight
SPCS/data/audio/007/007_Male_23_258.wav,di jersey le di tracksuit
SPCS/data/audio/001/001_Female_23_444.wav,updata nna ke a commenta
SPCS/data/audio/010/010_Male_22_475.wav,ke di temporary workers
SPCS/data/audio/014/014_Male_25_105.wav,o ka re romela email
SPCS/data/audio/010/010_Male_22_24.wav,category tše nne tša
SPCS/data/audio/008/008_Male_23_450.wav,ka la tharo december
SPCS/data/audio/012/012_Female_20_578.wav,ba na le di disability
SPCS/data/audio/015/015_Female_91_251.wav,for go transporta baswa ba
SPCS/data/audio/001/001_Female_23_59.wav,training academay ya di arts
SPCS/data/audio/016/016_Female_21_69.wav,gore motho a qualifaele
SPCS/data/audio/013/013_Male_27_449.wav,ntšhitše di sprinter tše two
SPCS/data/audio/006/006_Male_23_606.wav,lane ya letsogo la goja
SPCS/data/audio/005/005_Male_26_97.wav,pele ga komiti ya palamente
SPCS/data/audio/003/003_Female_27_32.wav,kgopelo ya bail
SPCS/data/audio/020/020_Male_20_230.wav,di pamphlets tša festival ye
SPCS/data/audio/019/019_Male_23_212.wav,di jersey le di tracksuit
SPCS/data/audio/002/002_Male_24_121.wav,set my record straight
SPCS/data/audio/010/010_Male_22_202.wav,e be agency fela
SPCS/data/audio/004/004_Female_17_243.wav,jealous ke bolwetši
SPCS/data/audio/017/017_Male_22_70.wav,ranta kgahlanong le euro
SPCS/data/audio/020/020_Male_20_372.wav,ke lekola file ya gago
SPCS/data/audio/019/019_Male_23_87.wav,ke le busy ka ofising
SPCS/data/audio/007/007_Male_23_684.wav,mantlo a fifteen thousand
SPCS/data/audio/008/008_Male_23_214.wav,hundred and fifty rand fela
SPCS/data/audio/019/019_Male_23_59.wav,lokiša hundred and twenty rand
SPCS/data/audio/011/011_Female_21_462.wav,e fetang eight million rands
SPCS/data/audio/001/001_Female_23_217.wav,di ofisi tša rena magaeng
SPCS/data/audio/006/006_Male_23_795.wav,go accessa di services tša
SPCS/data/audio/009/009_Female_26_269.wav,ka morago ga twelve months
SPCS/data/audio/018/018_Male_21_400.wav,kgona go go rekela airtime
SPCS/data/audio/004/004_Female_17_393.wav,tankana tše pedi
SPCS/data/audio/011/011_Female_21_458.wav,ge o dira follow up
SPCS/data/audio/007/007_Male_23_327.wav,rena ba bangwe re sensitive
SPCS/data/audio/018/018_Male_21_354.wav,mehla ge o tlaleletša airtime
SPCS/data/audio/006/006_Male_23_514.wav,a bona profile ya ka
SPCS/data/audio/018/018_Male_21_129.wav,di polio
SPCS/data/audio/014/014_Male_25_508.wav,category tše nne tša
SPCS/data/audio/003/003_Female_27_604.wav,ge go nyakega copy
SPCS/data/audio/017/017_Male_22_80.wav,banka ya gona
SPCS/data/audio/014/014_Male_25_427.wav,nako e ngwe o ntheka
SPCS/data/audio/020/020_Male_20_288.wav,go registara
SPCS/data/audio/011/011_Female_21_71.wav,o sa le a stuckile
SPCS/data/audio/017/017_Male_22_77.wav,dithuto tša gagwe tša optometry
SPCS/data/audio/007/007_Male_23_71.wav,o ithopela two thousand rand
SPCS/data/audio/019/019_Male_23_450.wav,se dira ke go taela
SPCS/data/audio/006/006_Male_23_351.wav,taba ya di service standard
SPCS/data/audio/005/005_Male_26_237.wav,tša melao ya di traffic
SPCS/data/audio/002/002_Male_24_54.wav,go kreya di opportunities
SPCS/data/audio/009/009_Female_26_298.wav,ge a ka dira appeal
SPCS/data/audio/019/019_Male_23_236.wav,home affairs ba tla be
SPCS/data/audio/006/006_Male_23_28.wav,ntlo tše botse tša quality
SPCS/data/audio/014/014_Male_25_54.wav,go amana le di athletiki
SPCS/data/audio/002/002_Male_24_697.wav,molao tšeo di tsenetšego conference
SPCS/data/audio/006/006_Male_23_281.wav,motho wo a di applyelang
SPCS/data/audio/003/003_Female_27_43.wav,ke ngwana o mo sharp
SPCS/data/audio/020/020_Male_20_35.wav,tsamaya ka di public transport
SPCS/data/audio/001/001_Female_23_272.wav,e be agency fela
SPCS/data/audio/008/008_Male_23_359.wav,gopola gore facebook ya rena
SPCS/data/audio/010/010_Male_22_422.wav,le di challenge tše kgolo
SPCS/data/audio/009/009_Female_26_157.wav,di principles tša batho pele
SPCS/data/audio/015/015_Female_91_609.wav,ge motho a dira abortion
SPCS/data/audio/006/006_Male_23_614.wav,account ya yona e ka
SPCS/data/audio/006/006_Male_23_856.wav,e be agency fela
SPCS/data/audio/002/002_Male_24_685.wav,tšeo di transportilego batho
SPCS/data/audio/010/010_Male_22_139.wav,di municipality tša rena
SPCS/data/audio/006/006_Male_23_893.wav,suggestion ya ka
SPCS/data/audio/002/002_Male_24_72.wav,wa leloko la board
SPCS/data/audio/009/009_Female_26_135.wav,a festival with a purpose
SPCS/data/audio/020/020_Male_20_86.wav,šomiša di million tse lekgolo
SPCS/data/audio/009/009_Female_26_426.wav,o tlo tlotša polish
SPCS/data/audio/007/007_Male_23_506.wav,excellence awards
SPCS/data/audio/004/004_Female_17_65.wav,ba sepela ka di crutches
SPCS/data/audio/007/007_Male_23_309.wav,wa nyaka spinach
SPCS/data/audio/006/006_Male_23_668.wav,as long as e le
SPCS/data/audio/017/017_Male_22_4.wav,ya gore daddy wa lwala
SPCS/data/audio/004/004_Female_17_545.wav,ka thulwa ke taxi
SPCS/data/audio/003/003_Female_27_595.wav,business ya ka e kgone
SPCS/data/audio/007/007_Male_23_413.wav,rena re le radio
SPCS/data/audio/020/020_Male_20_455.wav,le le recodilwego
SPCS/data/audio/010/010_Male_22_50.wav,ge e le second half
SPCS/data/audio/006/006_Male_23_679.wav,of real gospel music
SPCS/data/audio/001/001_Female_23_264.wav,e lego planete
SPCS/data/audio/016/016_Female_21_552.wav,wa leloko la board
SPCS/data/audio/020/020_Male_20_231.wav,ge e le second half
SPCS/data/audio/013/013_Male_27_427.wav,a tlo dira shopping
SPCS/data/audio/013/013_Male_27_192.wav,category tše nne tša
SPCS/data/audio/005/005_Male_26_373.wav,ke a blocka ge motho
SPCS/data/audio/002/002_Male_24_576.wav,o changile maphelo a bona
SPCS/data/audio/002/002_Male_24_42.wav,e be di official residents
SPCS/data/audio/011/011_Female_21_304.wav,rapelelwa peace love and harmony
SPCS/data/audio/002/002_Male_24_365.wav,ticket ke gona e sepela
SPCS/data/audio/019/019_Male_23_139.wav,dinatla tša mmino wa gospel
SPCS/data/audio/018/018_Male_21_181.wav,kgopelo ya bail
SPCS/data/audio/018/018_Male_21_182.wav,bomenetša bja di tendera
SPCS/data/audio/003/003_Female_27_50.wav,o drainwa mo sepetlele
SPCS/data/audio/005/005_Male_26_323.wav,bomenetša bja di tendera
SPCS/data/audio/016/016_Female_21_263.wav,bomenetša bja di tendera
SPCS/data/audio/012/012_Female_20_36.wav,mehla ge o tlaleletša airtime
SPCS/data/audio/001/001_Female_23_433.wav,o nyaka butternut e tee
SPCS/data/audio/006/006_Male_23_730.wav,mafelo a go socialisa
SPCS/data/audio/003/003_Female_27_552.wav,ba go hwetša degree ye
SPCS/data/audio/006/006_Male_23_25.wav,rapelelwa peace love and harmony
SPCS/data/audio/012/012_Female_20_321.wav,baswa leading the right life
SPCS/data/audio/006/006_Male_23_34.wav,o changile maphelo a bona
SPCS/data/audio/006/006_Male_23_755.wav,ka gare ga traffic circle
SPCS/data/audio/011/011_Female_21_77.wav,cellphone ya gago fela
SPCS/data/audio/010/010_Male_22_597.wav,go accessa ditirelo tša rena
SPCS/data/audio/006/006_Male_23_571.wav,training academay ya di arts
SPCS/data/audio/014/014_Male_25_175.wav,di municipality tša rena
SPCS/data/audio/002/002_Male_24_905.wav,ka raloka polo
SPCS/data/audio/013/013_Male_27_453.wav,province yengwe le yengwe
SPCS/data/audio/004/004_Female_17_552.wav,a festival with a purpose
SPCS/data/audio/019/019_Male_23_76.wav,account ya kua bankeng
SPCS/data/audio/007/007_Male_23_722.wav,konsarata tša mmino
SPCS/data/audio/016/016_Female_21_154.wav,of those days
SPCS/data/audio/015/015_Female_91_366.wav,ga o tlo re hello
SPCS/data/audio/002/002_Male_24_43.wav,di ofisi tša rena magaeng
SPCS/data/audio/018/018_Male_21_301.wav,for go transporta baswa ba
SPCS/data/audio/017/017_Male_22_48.wav,nna ke blockile mogwera
SPCS/data/audio/017/017_Male_22_161.wav,tšwa go album ya majakathata
SPCS/data/audio/007/007_Male_23_367.wav,be interested go construction fela
SPCS/data/audio/002/002_Male_24_510.wav,hweditse di report tse botse
SPCS/data/audio/001/001_Female_23_252.wav,le di community radio stations
SPCS/data/audio/018/018_Male_21_468.wav,wa two thousand and nine
SPCS/data/audio/004/004_Female_17_249.wav,home affairs ba tla be
SPCS/data/audio/008/008_Male_23_218.wav,go dipapadi tša crickete
SPCS/data/audio/018/018_Male_21_279.wav,mantlo a fifteen thousand
SPCS/data/audio/008/008_Male_23_417.wav,festival ya kgoparara ya thobelaFM
SPCS/data/audio/011/011_Female_21_302.wav,ya gore daddy wa lwala
SPCS/data/audio/002/002_Male_24_821.wav,di municipality tša rena
SPCS/data/audio/010/010_Male_22_34.wav,tankana tše pedi
SPCS/data/audio/007/007_Male_23_701.wav,ko sekhukhuni district ya gešu
SPCS/data/audio/020/020_Male_20_44.wav,nako ya bumper to bumper
SPCS/data/audio/002/002_Male_24_374.wav,ke di bursary tše kae
SPCS/data/audio/002/002_Male_24_125.wav,there is better way
SPCS/data/audio/017/017_Male_22_361.wav,go buša order
SPCS/data/audio/018/018_Male_21_332.wav,a mo hlasela ka panga
SPCS/data/audio/001/001_Female_23_21.wav,gare ga toropo ya johannesburg
SPCS/data/audio/014/014_Male_25_475.wav,e nyenyefatše gore jewellery
SPCS/data/audio/017/017_Male_22_232.wav,magistrata wa tikologo gosasa
SPCS/data/audio/007/007_Male_23_108.wav,ba changile di address
SPCS/data/audio/020/020_Male_20_245.wav,steše sa go kala dikoloi
SPCS/data/audio/003/003_Female_27_274.wav,o ithopela two thousand rand
SPCS/data/audio/001/001_Female_23_503.wav,mantlo a fifteen thousand
SPCS/data/audio/019/019_Male_23_88.wav,ke lekola file ya gago
SPCS/data/audio/007/007_Male_23_538.wav,e be di official residents
SPCS/data/audio/006/006_Male_23_395.wav,batho ba di cellphone
SPCS/data/audio/016/016_Female_21_194.wav,eighteen minutes to four
SPCS/data/audio/015/015_Female_91_210.wav,mabapi le construction exhibition
SPCS/data/audio/010/010_Male_22_411.wav,lekala la banka
SPCS/data/audio/014/014_Male_25_407.wav,o ileng wa mo blocka
SPCS/data/audio/020/020_Male_20_276.wav,gona fa tournamenteng ye
SPCS/data/audio/017/017_Male_22_405.wav,province yengwe le yengwe
SPCS/data/audio/005/005_Male_26_375.wav,ge a dulela go commenta
SPCS/data/audio/003/003_Female_27_225.wav,tsamaišana le body ya gage
SPCS/data/audio/009/009_Female_26_51.wav,go feta maatla a ranta
SPCS/data/audio/016/016_Female_21_414.wav,o romele tšhelete ya administration
SPCS/data/audio/019/019_Male_23_410.wav,steše sa go kala dikoloi
SPCS/data/audio/005/005_Male_26_347.wav,gona ka mo stadium sa
SPCS/data/audio/010/010_Male_22_88.wav,hundred and fifty rand fela
SPCS/data/audio/019/019_Male_23_461.wav,go na le category enngwe
SPCS/data/audio/012/012_Female_20_333.wav,ge a ka dira appeal
SPCS/data/audio/014/014_Male_25_51.wav,molao tšeo di tsenetšego conference
SPCS/data/audio/005/005_Male_26_34.wav,re leba ka studio six
SPCS/data/audio/006/006_Male_23_349.wav,mmušo wa rena wa democracy
SPCS/data/audio/008/008_Male_23_380.wav,ekile ya ba di drama
SPCS/data/audio/008/008_Male_23_326.wav,le ge democracy e kokota
SPCS/data/audio/002/002_Male_24_437.wav,ke yona disability
SPCS/data/audio/020/020_Male_20_407.wav,all the colleges tša mo
SPCS/data/audio/003/003_Female_27_405.wav,gagwe o be a graduata
SPCS/data/audio/019/019_Male_23_278.wav,a bona profile ya ka
SPCS/data/audio/018/018_Male_21_176.wav,mošomo wa bankeng
SPCS/data/audio/006/006_Male_23_355.wav,la national planning commission
SPCS/data/audio/003/003_Female_27_246.wav,o sa le a stuckile
SPCS/data/audio/019/019_Male_23_480.wav,go bopa furnitura
SPCS/data/audio/003/003_Female_27_328.wav,le di community radio stations
SPCS/data/audio/012/012_Female_20_267.wav,verse seventeen
SPCS/data/audio/015/015_Female_91_201.wav,dithuto tša gagwe tša optometry
SPCS/data/audio/011/011_Female_21_469.wav,ge e le second half
SPCS/data/audio/001/001_Female_23_275.wav,eighteen years
SPCS/data/audio/001/001_Female_23_459.wav,e le go mo blocka
SPCS/data/audio/007/007_Male_23_549.wav,re kwešiša position ya bona
SPCS/data/audio/004/004_Female_17_121.wav,e na le barcode
SPCS/data/audio/015/015_Female_91_554.wav,traffic lights ga di bereke
SPCS/data/audio/014/014_Male_25_516.wav,motšhene wa go hlahlela ka
SPCS/data/audio/014/014_Male_25_250.wav,mmušo wa rena wa democracy
SPCS/data/audio/003/003_Female_27_255.wav,go feta maatla a ranta
SPCS/data/audio/019/019_Male_23_446.wav,o sa le a stuckile
SPCS/data/audio/007/007_Male_23_307.wav,e segella ka di cubes
SPCS/data/audio/008/008_Male_23_268.wav,gore motho a qualifaele
SPCS/data/audio/010/010_Male_22_220.wav,la national planning commission
SPCS/data/audio/018/018_Male_21_250.wav,ke mang fiance ya gago
SPCS/data/audio/009/009_Female_26_85.wav,fapana a di social grants
SPCS/data/audio/016/016_Female_21_227.wav,University ya limpopo ya baithuti
SPCS/data/audio/017/017_Male_22_449.wav,wa go ba seterateng
SPCS/data/audio/006/006_Male_23_678.wav,pele a eya di awardeng
SPCS/data/audio/010/010_Male_22_605.wav,who are leading the right
SPCS/data/audio/017/017_Male_22_500.wav,motho o a mo blocka
SPCS/data/audio/016/016_Female_21_300.wav,updata status ga ba commente
SPCS/data/audio/019/019_Male_23_391.wav,ge e sena barcode
SPCS/data/audio/016/016_Female_21_60.wav,goba yona art
SPCS/data/audio/007/007_Male_23_469.wav,goba di parkeng
SPCS/data/audio/016/016_Female_21_428.wav,ke reality show ya television
SPCS/data/audio/006/006_Male_23_739.wav,uniform ya bana ya sekolo
SPCS/data/audio/003/003_Female_27_461.wav,di jersey le di tracksuit
SPCS/data/audio/010/010_Male_22_132.wav,tšona di skills
SPCS/data/audio/007/007_Male_23_63.wav,go rakwa partying
SPCS/data/audio/005/005_Male_26_29.wav,ka two thousand and eight
SPCS/data/audio/020/020_Male_20_341.wav,ke sa judge motho
SPCS/data/audio/020/020_Male_20_339.wav,go kreya di opportunities
SPCS/data/audio/006/006_Male_23_977.wav,the head of department
SPCS/data/audio/020/020_Male_20_210.wav,ke di bursary tše kae
SPCS/data/audio/015/015_Female_91_337.wav,go dipapadi tša crickete
SPCS/data/audio/012/012_Female_20_371.wav,go tsena tsena ga dipolotiki
SPCS/data/audio/015/015_Female_91_224.wav,maketše ge ba bona response
SPCS/data/audio/005/005_Male_26_241.wav,ekile ya ba di drama
SPCS/data/audio/011/011_Female_21_396.wav,mabapi le di exhibition
SPCS/data/audio/001/001_Female_23_327.wav,hlaelelo ya diesel ya sulphur
SPCS/data/audio/009/009_Female_26_491.wav,o sa le a stuckile
SPCS/data/audio/001/001_Female_23_167.wav,companying a tee
SPCS/data/audio/014/014_Male_25_509.wav,pele a eya di awardeng
SPCS/data/audio/002/002_Male_24_883.wav,re ka ba le agency
SPCS/data/audio/015/015_Female_91_310.wav,lenaneo la television
SPCS/data/audio/003/003_Female_27_36.wav,home affairs ba tla be
SPCS/data/audio/007/007_Male_23_664.wav,di ranta tša go feta
SPCS/data/audio/011/011_Female_21_390.wav,attendance e thomile e le
SPCS/data/audio/013/013_Male_27_282.wav,diswantšho tša cctv
SPCS/data/audio/002/002_Male_24_914.wav,and few ke ka kerekeng
SPCS/data/audio/016/016_Female_21_374.wav,nna ka nkreya mo address
SPCS/data/audio/007/007_Male_23_417.wav,of real gospel music
SPCS/data/audio/005/005_Male_26_257.wav,gore di form tše re
SPCS/data/audio/003/003_Female_27_286.wav,ba home affairs
SPCS/data/audio/015/015_Female_91_514.wav,ke fishing
SPCS/data/audio/012/012_Female_20_539.wav,diswantšho tša cctv
SPCS/data/audio/007/007_Male_23_559.wav,hwetša di address tša batho
SPCS/data/audio/003/003_Female_27_37.wav,baswa ba tšwile pateng
SPCS/data/audio/012/012_Female_20_532.wav,cellphone ya gago fela
SPCS/data/audio/017/017_Male_22_88.wav,exhibition yela ra go bolela
SPCS/data/audio/019/019_Male_23_174.wav,hweditse di report tse botse
SPCS/data/audio/016/016_Female_21_113.wav,ka thulwa ke taxi
SPCS/data/audio/001/001_Female_23_67.wav,o nyaka thušo ya business
SPCS/data/audio/015/015_Female_91_547.wav,fokotša koketšo ya di gas
SPCS/data/audio/001/001_Female_23_348.wav,ko di provinsing tše dingwe
SPCS/data/audio/020/020_Male_20_420.wav,suggestion ya ka
SPCS/data/audio/002/002_Male_24_623.wav,gore o ngwala di posts
SPCS/data/audio/001/001_Female_23_246.wav,wa leloko la board
SPCS/data/audio/010/010_Male_22_634.wav,gagwe o be a graduata
SPCS/data/audio/006/006_Male_23_246.wav,pele ga komiti ya palamente
SPCS/data/audio/017/017_Male_22_432.wav,traffic lights ga di šome
SPCS/data/audio/011/011_Female_21_239.wav,ke fishing
SPCS/data/audio/019/019_Male_23_5.wav,ka hwetša twenty percent discount
SPCS/data/audio/007/007_Male_23_700.wav,business ya ka e kgone
SPCS/data/audio/009/009_Female_26_212.wav,gore di form tše re
SPCS/data/audio/015/015_Female_91_661.wav,ounce e tee ke
SPCS/data/audio/005/005_Male_26_381.wav,go tsena tsena ga dipolotiki
SPCS/data/audio/001/001_Female_23_237.wav,hwetša di address tša batho
SPCS/data/audio/005/005_Male_26_382.wav,tona ya kgwebo le indasteri
SPCS/data/audio/009/009_Female_26_284.wav,colleges le di universities tša
SPCS/data/audio/006/006_Male_23_389.wav,goba soapie goba sitcom
SPCS/data/audio/003/003_Female_27_260.wav,excellence awards
SPCS/data/audio/015/015_Female_91_646.wav,komišene yeo e hlomilwego
SPCS/data/audio/003/003_Female_27_259.wav,diswantšho tša cctv
SPCS/data/audio/019/019_Male_23_293.wav,ranta kgahlanong le ponto ya
SPCS/data/audio/010/010_Male_22_620.wav,team ya gagwe ya go
SPCS/data/audio/018/018_Male_21_276.wav,ke bona project ya lena
SPCS/data/audio/010/010_Male_22_166.wav,go šomišana le di stakeholders
SPCS/data/audio/002/002_Male_24_375.wav,pakaneng ya omo auto
SPCS/data/audio/006/006_Male_23_335.wav,le ge democracy e kokota
SPCS/data/audio/017/017_Male_22_263.wav,gore motho a qualifaele
SPCS/data/audio/009/009_Female_26_257.wav,di jersey le di tracksuit
SPCS/data/audio/012/012_Female_20_611.wav,wa leloko la board
SPCS/data/audio/013/013_Male_27_254.wav,uniform ya bana ya sekolo
SPCS/data/audio/015/015_Female_91_635.wav,batho ba di cellphone
SPCS/data/audio/005/005_Male_26_352.wav,wa nyaka di mushrooms
SPCS/data/audio/015/015_Female_91_225.wav,ba suggesta gore rena re
SPCS/data/audio/006/006_Male_23_253.wav,nkgahlilego kudu ke ya corruption
SPCS/data/audio/013/013_Male_27_265.wav,gore a ka se afforde
SPCS/data/audio/002/002_Male_24_933.wav,a beilego record e ntshwa
SPCS/data/audio/002/002_Male_24_508.wav,fine ye kgolo kgolo
SPCS/data/audio/005/005_Male_26_235.wav,hundred and seven for two
SPCS/data/audio/002/002_Male_24_209.wav,re palelwa ke go copa
SPCS/data/audio/014/014_Male_25_179.wav,fapana a di social grants
SPCS/data/audio/011/011_Female_21_52.wav,projeke ya setšhaba
SPCS/data/audio/005/005_Male_26_422.wav,ya go rekiša jewellery
SPCS/data/audio/001/001_Female_23_127.wav,basadi ba lokela pressure banneng
SPCS/data/audio/011/011_Female_21_24.wav,direga eng mo operation repo
SPCS/data/audio/004/004_Female_17_93.wav,shopping center tše di kgolwane
SPCS/data/audio/007/007_Male_23_142.wav,labohlano la di eighteen november
SPCS/data/audio/020/020_Male_20_60.wav,wa go ba seterateng
SPCS/data/audio/012/012_Female_20_134.wav,re kwešiša position ya bona
SPCS/data/audio/020/020_Male_20_205.wav,pele a eya di awardeng
SPCS/data/audio/013/013_Male_27_46.wav,nna ke a porega
SPCS/data/audio/019/019_Male_23_218.wav,re kwešiša condition ya bona
SPCS/data/audio/007/007_Male_23_552.wav,ke sa judge motho
SPCS/data/audio/017/017_Male_22_392.wav,fourty seven percent
SPCS/data/audio/006/006_Male_23_1069.wav,level e tee ya salary
SPCS/data/audio/006/006_Male_23_609.wav,ke mang fiance ya gago
SPCS/data/audio/016/016_Female_21_366.wav,e nyenyefatše gore jewellery
SPCS/data/audio/020/020_Male_20_151.wav,ga yona ebile slow nyana
SPCS/data/audio/014/014_Male_25_234.wav,ikopanye le mokhanselara
SPCS/data/audio/017/017_Male_22_222.wav,ka gare ga traffic circle
SPCS/data/audio/013/013_Male_27_367.wav,ikopanye le mokhanselara
SPCS/data/audio/013/013_Male_27_86.wav,wa nyaka spinach
SPCS/data/audio/008/008_Male_23_49.wav,nna ke blockile batho
SPCS/data/audio/004/004_Female_17_493.wav,go bopa furnitura
SPCS/data/audio/010/010_Male_22_606.wav,ke bona on daily basis
SPCS/data/audio/016/016_Female_21_313.wav,ke a blocka ge motho
SPCS/data/audio/007/007_Male_23_43.wav,o sa le a stuckile
SPCS/data/audio/002/002_Male_24_451.wav,ba grade twelve learners
SPCS/data/audio/016/016_Female_21_325.wav,ranta kgahlanong le euro
SPCS/data/audio/003/003_Female_27_469.wav,the head of department
SPCS/data/audio/016/016_Female_21_220.wav,go fihla mafelelong a January
SPCS/data/audio/020/020_Male_20_335.wav,di bitšang gore ke infection
SPCS/data/audio/012/012_Female_20_25.wav,ranta e wele
SPCS/data/audio/017/017_Male_22_474.wav,o drainwa mo sepetlele
SPCS/data/audio/001/001_Female_23_115.wav,ge e sena barcode
SPCS/data/audio/014/014_Male_25_527.wav,ka two thousand and eight
SPCS/data/audio/020/020_Male_20_114.wav,feleletše a invita ga ntši
SPCS/data/audio/017/017_Male_22_481.wav,gona ka mo stadium sa
SPCS/data/audio/012/012_Female_20_224.wav,papadi e le ya crickete
SPCS/data/audio/006/006_Male_23_948.wav,dollara go ya United Kingdom
SPCS/data/audio/016/016_Female_21_493.wav,nkgahlilego kudu ke ya corruption
SPCS/data/audio/014/014_Male_25_69.wav,wa non-automatic
SPCS/data/audio/001/001_Female_23_177.wav,go registara
SPCS/data/audio/004/004_Female_17_38.wav,o ithopela two thousand rand
SPCS/data/audio/018/018_Male_21_140.wav,dollara go ya United Kingdom
SPCS/data/audio/019/019_Male_23_71.wav,mošireletši wa setšhaba advocate
SPCS/data/audio/008/008_Male_23_266.wav,ba home affairs
SPCS/data/audio/013/013_Male_27_248.wav,tsamaišana le body ya gage
SPCS/data/audio/008/008_Male_23_192.wav,botša eng girlfriend ya ka
SPCS/data/audio/019/019_Male_23_462.wav,kgona go ka ba corruptable
SPCS/data/audio/001/001_Female_23_612.wav,tsamaišana le body ya gage
SPCS/data/audio/005/005_Male_26_221.wav,bible e bolela bjalo
SPCS/data/audio/019/019_Male_23_448.wav,ge re ema traffic circleng
SPCS/data/audio/007/007_Male_23_305.wav,o tlo nyaka green pepper
SPCS/data/audio/005/005_Male_26_216.wav,there is better way
SPCS/data/audio/018/018_Male_21_295.wav,business ya ka e kgone
SPCS/data/audio/017/017_Male_22_377.wav,raloka televišeneng
SPCS/data/audio/006/006_Male_23_119.wav,maketše ge ba bona response
SPCS/data/audio/006/006_Male_23_563.wav,ke bona project ya lena
SPCS/data/audio/009/009_Female_26_120.wav,ba ba golang kua bankeng
SPCS/data/audio/005/005_Male_26_498.wav,ba grade four to seven
SPCS/data/audio/014/014_Male_25_386.wav,ba sepela ka group
SPCS/data/audio/012/012_Female_20_589.wav,swanetše go tsošološa di grants
SPCS/data/audio/001/001_Female_23_364.wav,dollara go ya United Kingdom
SPCS/data/audio/009/009_Female_26_148.wav,motho a applyele mphiwafela
SPCS/data/audio/003/003_Female_27_295.wav,peresente tše masome seswai hlano
SPCS/data/audio/006/006_Male_23_1023.wav,lokela ka gare ga plastiki
SPCS/data/audio/008/008_Male_23_309.wav,shopping center tše di kgolwane
SPCS/data/audio/012/012_Female_20_613.wav,ba ba golang kua bankeng
SPCS/data/audio/002/002_Male_24_106.wav,industeri ya di filimi ka
SPCS/data/audio/008/008_Male_23_390.wav,le a re tracer naa
SPCS/data/audio/002/002_Male_24_766.wav,ka january a ka emiša
SPCS/data/audio/010/010_Male_22_5.wav,ba ntšhitše di bus
SPCS/data/audio/016/016_Female_21_291.wav,e segella ka di cubes
SPCS/data/audio/019/019_Male_23_409.wav,wa mohuta wa tic
SPCS/data/audio/018/018_Male_21_506.wav,e na le barcode
SPCS/data/audio/011/011_Female_21_125.wav,di bitšang gore ke infection
SPCS/data/audio/007/007_Male_23_314.wav,o ileng wa mo blocka
SPCS/data/audio/017/017_Male_22_138.wav,ebile ga se wena coach
SPCS/data/audio/014/014_Male_25_359.wav,the head of department
SPCS/data/audio/014/014_Male_25_363.wav,ka morago ga twelve months
SPCS/data/audio/014/014_Male_25_348.wav,nako ya bumper to bumper
SPCS/data/audio/014/014_Male_25_373.wav,ntlo tše botse tša quality
SPCS/data/audio/012/012_Female_20_568.wav,gore motho a qualifaele
SPCS/data/audio/018/018_Male_21_449.wav,di bitšang gore ke infection
SPCS/data/audio/001/001_Female_23_531.wav,wa kgona go auditiona mo
SPCS/data/audio/002/002_Male_24_772.wav,bowa gae ka di medal
SPCS/data/audio/004/004_Female_17_177.wav,eighteen minutes to four
SPCS/data/audio/004/004_Female_17_452.wav,mo kapteni wa sehlopa
SPCS/data/audio/004/004_Female_17_76.wav,go šomišana le di stakeholders
SPCS/data/audio/004/004_Female_17_563.wav,ke yona disability
SPCS/data/audio/005/005_Male_26_425.wav,training academay ya di arts
SPCS/data/audio/015/015_Female_91_321.wav,mafelo a go socialisa
SPCS/data/audio/004/004_Female_17_228.wav,kgoro ya tsheko ya mmasetrata
SPCS/data/audio/002/002_Male_24_769.wav,dira kgopelo ya loan
SPCS/data/audio/001/001_Female_23_349.wav,university of technology
SPCS/data/audio/019/019_Male_23_260.wav,o nyaka butternut e tee
SPCS/data/audio/009/009_Female_26_100.wav,go kreya di opportunities
SPCS/data/audio/001/001_Female_23_404.wav,rapelelwa peace love and harmony
SPCS/data/audio/020/020_Male_20_93.wav,ke salad yeo e loketšego
SPCS/data/audio/011/011_Female_21_464.wav,ge e sena barcode
SPCS/data/audio/010/010_Male_22_105.wav,kgona go go rekela airtime
SPCS/data/audio/011/011_Female_21_250.wav,ntšhitše di sprinter tše two
SPCS/data/audio/010/010_Male_22_212.wav,go phatlalala le province
SPCS/data/audio/001/001_Female_23_280.wav,industeri ya di filimi ka
SPCS/data/audio/001/001_Female_23_176.wav,cellphone ya gago fela
SPCS/data/audio/004/004_Female_17_219.wav,traffic lights ga di bereke
SPCS/data/audio/019/019_Male_23_360.wav,as long as e le
SPCS/data/audio/002/002_Male_24_471.wav,ge o ka ba adamant
SPCS/data/audio/020/020_Male_20_103.wav,o ileng wa mo blocka
SPCS/data/audio/002/002_Male_24_314.wav,exhibition e ebile ka mokgo
SPCS/data/audio/014/014_Male_25_352.wav,bakgopedi ba di tendera
SPCS/data/audio/008/008_Male_23_254.wav,o ithopela two thousand rand
SPCS/data/audio/019/019_Male_23_299.wav,di robot ga di šome
SPCS/data/audio/006/006_Male_23_1021.wav,wa nyaka salad dressing
SPCS/data/audio/006/006_Male_23_689.wav,o tlo tlotša polish
SPCS/data/audio/006/006_Male_23_452.wav,ka company ya engineering
SPCS/data/audio/006/006_Male_23_725.wav,ke go ya khaunthareng
SPCS/data/audio/004/004_Female_17_520.wav,wa porega bjang
SPCS/data/audio/016/016_Female_21_460.wav,ka january a ka emiša
SPCS/data/audio/012/012_Female_20_531.wav,kgona go go rekela airtime
SPCS/data/audio/005/005_Male_26_459.wav,category tše nne tša
SPCS/data/audio/012/012_Female_20_395.wav,exhibition e ebile ka mokgo
SPCS/data/audio/012/012_Female_20_440.wav,as long as e le
SPCS/data/audio/017/017_Male_22_299.wav,ba ba golang kua bankeng
SPCS/data/audio/001/001_Female_23_52.wav,di exhibition tše tša lena
SPCS/data/audio/001/001_Female_23_622.wav,ditaba tša dipapadi tša swimming
SPCS/data/audio/019/019_Male_23_451.wav,kgona go go rekela airtime
SPCS/data/audio/006/006_Male_23_884.wav,who are leading the right
SPCS/data/audio/013/013_Male_27_399.wav,who are leading the right
SPCS/data/audio/012/012_Female_20_445.wav,go feta two hundred thousand
SPCS/data/audio/018/018_Male_21_373.wav,ikaparetše dilo tše di simple
SPCS/data/audio/012/012_Female_20_596.wav,ka june ya ngwaga wona
SPCS/data/audio/017/017_Male_22_502.wav,a bona profile ya ka
SPCS/data/audio/013/013_Male_27_127.wav,sona ka accounteng ya banka
SPCS/data/audio/013/013_Male_27_215.wav,nyakago di tickets tša festival
SPCS/data/audio/014/014_Male_25_463.wav,tsenela dikgwebo tša construction
SPCS/data/audio/002/002_Male_24_499.wav,ke blockile celebrities
SPCS/data/audio/019/019_Male_23_392.wav,nyakago di tickets tša festival
SPCS/data/audio/010/010_Male_22_116.wav,kgona go ka ba corruptable
SPCS/data/audio/002/002_Male_24_841.wav,go swerwe festival ya kakapa
SPCS/data/audio/006/006_Male_23_225.wav,ditaba tša dipapadi tša swimming
SPCS/data/audio/012/012_Female_20_409.wav,e nale plan ya gore
SPCS/data/audio/004/004_Female_17_587.wav,go bolela le bona gore
SPCS/data/audio/008/008_Male_23_435.wav,traffic lights ga di bereke
SPCS/data/audio/006/006_Male_23_290.wav,di bitšang gore ke infection
SPCS/data/audio/007/007_Male_23_191.wav,hundred and seven for two
SPCS/data/audio/020/020_Male_20_27.wav,recharga ka MTN easy
SPCS/data/audio/006/006_Male_23_523.wav,gore o ngwala di posts
SPCS/data/audio/012/012_Female_20_205.wav,go bolela le bona gore
SPCS/data/audio/009/009_Female_26_179.wav,o swara style
SPCS/data/audio/006/006_Male_23_548.wav,swarelwa ka peter mokaba stadium
SPCS/data/audio/002/002_Male_24_3.wav,go registara
SPCS/data/audio/006/006_Male_23_123.wav,e nale plan ya gore
SPCS/data/audio/003/003_Female_27_358.wav,go phatlalala le province
SPCS/data/audio/015/015_Female_91_538.wav,go fihla mafelelong a January
SPCS/data/audio/006/006_Male_23_578.wav,university of johannesburg
SPCS/data/audio/015/015_Female_91_109.wav,re palelwa ke go copa
SPCS/data/audio/003/003_Female_27_332.wav,ka thulwa ke taxi
SPCS/data/audio/012/012_Female_20_324.wav,ba di form1 form2
SPCS/data/audio/020/020_Male_20_377.wav,taba tše tša histori
SPCS/data/audio/007/007_Male_23_74.wav,yona rehabilitation
SPCS/data/audio/004/004_Female_17_220.wav,lane e tee e tšwaletše
SPCS/data/audio/005/005_Male_26_85.wav,level e tee ya salary
SPCS/data/audio/009/009_Female_26_1.wav,mehla ge o tlaleletša airtime
SPCS/data/audio/007/007_Male_23_39.wav,gore a ka se afforde
SPCS/data/audio/010/010_Male_22_180.wav,ke tswaletše account kua bankeng
SPCS/data/audio/010/010_Male_22_531.wav,ka lefela loan ya gagwe
SPCS/data/audio/019/019_Male_23_237.wav,baswa ba tšwile pateng
SPCS/data/audio/011/011_Female_21_36.wav,lenaneo la television
SPCS/data/audio/013/013_Male_27_411.wav,dinatla tša mmino wa gospel
SPCS/data/audio/015/015_Female_91_18.wav,angle ka moka ga tšona
SPCS/data/audio/009/009_Female_26_332.wav,gore o ngwala di posts
SPCS/data/audio/012/012_Female_20_610.wav,ke a ratang a bibele
SPCS/data/audio/018/018_Male_21_318.wav,category tše nne tša
SPCS/data/audio/017/017_Male_22_269.wav,go accessa ditirelo tša rena
SPCS/data/audio/007/007_Male_23_368.wav,bangwe ba kgona tša tourism
SPCS/data/audio/009/009_Female_26_84.wav,gore motho a qualifaele
SPCS/data/audio/011/011_Female_21_23.wav,ke reality show ya television
SPCS/data/audio/006/006_Male_23_852.wav,ikopanye le mokhanselara
SPCS/data/audio/005/005_Male_26_403.wav,exhibition yela ra go bolela
SPCS/data/audio/002/002_Male_24_123.wav,of those days
SPCS/data/audio/020/020_Male_20_414.wav,gopola gore facebook ya rena
SPCS/data/audio/007/007_Male_23_42.wav,a tšea di crate
SPCS/data/audio/010/010_Male_22_86.wav,a dira loan e tee
SPCS/data/audio/016/016_Female_21_331.wav,ke mang fiance ya gago
SPCS/data/audio/007/007_Male_23_779.wav,tsamaišana le body ya gage
SPCS/data/audio/001/001_Female_23_560.wav,leina la projeke ya setšhaba
SPCS/data/audio/018/018_Male_21_128.wav,pressure ke e ntšhi ye
SPCS/data/audio/015/015_Female_91_418.wav,wa two thousand and nine
SPCS/data/audio/015/015_Female_91_537.wav,I am so scared
SPCS/data/audio/007/007_Male_23_426.wav,tankana tše pedi
SPCS/data/audio/020/020_Male_20_195.wav,as long as e le
SPCS/data/audio/003/003_Female_27_285.wav,di municipality tša rena
SPCS/data/audio/007/007_Male_23_422.wav,pakaneng ya omo auto
SPCS/data/audio/018/018_Male_21_473.wav,ba ba golang kua bankeng
SPCS/data/audio/005/005_Male_26_378.wav,nako e ngwe o ntheka
SPCS/data/audio/016/016_Female_21_18.wav,e le tša gauta
SPCS/data/audio/007/007_Male_23_53.wav,pele ga komiti ya palamente
SPCS/data/audio/002/002_Male_24_811.wav,hundred and seventy thousand
SPCS/data/audio/017/017_Male_22_440.wav,ka company ya engineering
SPCS/data/audio/003/003_Female_27_335.wav,bowa ka bus ya mathomo
SPCS/data/audio/002/002_Male_24_561.wav,wa go ba seterateng
SPCS/data/audio/017/017_Male_22_462.wav,especially young people
SPCS/data/audio/015/015_Female_91_4.wav,after school
SPCS/data/audio/014/014_Male_25_408.wav,nna ke blockile batho
SPCS/data/audio/007/007_Male_23_481.wav,ditaba tša dipapadi tša swimming
SPCS/data/audio/013/013_Male_27_149.wav,ba suggesta gore rena re
SPCS/data/audio/013/013_Male_27_381.wav,go phatlalala le province
SPCS/data/audio/010/010_Male_22_257.wav,hlaelelo ya diesel ya sulphur
SPCS/data/audio/008/008_Male_23_371.wav,team ya gagwe ya go
SPCS/data/audio/008/008_Male_23_311.wav,ge go nyakega copy
SPCS/data/audio/004/004_Female_17_403.wav,la tharo december twenty eleven
SPCS/data/audio/017/017_Male_22_152.wav,motšhene wa go hlahlela ka
SPCS/data/audio/008/008_Male_23_220.wav,go papadi ya netball
SPCS/data/audio/001/001_Female_23_145.wav,banna ba na le pressure
SPCS/data/audio/017/017_Male_22_397.wav,o mo top hundred
SPCS/data/audio/019/019_Male_23_367.wav,rena re le radio
SPCS/data/audio/016/016_Female_21_395.wav,go feta two hundred thousand
SPCS/data/audio/002/002_Male_24_681.wav,nkreya le mo facebook page
SPCS/data/audio/002/002_Male_24_740.wav,o nthomela please call me
SPCS/data/audio/002/002_Male_24_340.wav,learnership ye tsamaya tsamaya bjang
SPCS/data/audio/018/018_Male_21_116.wav,gore di form tše re
SPCS/data/audio/009/009_Female_26_382.wav,e nyenyefatše gore di portrait
SPCS/data/audio/008/008_Male_23_154.wav,ba le fa di pamphlets
SPCS/data/audio/002/002_Male_24_806.wav,phone ya ka e be
SPCS/data/audio/002/002_Male_24_194.wav,bohlaba bja toropo ya Pretoria
SPCS/data/audio/005/005_Male_26_81.wav,go papadi ya netball
SPCS/data/audio/015/015_Female_91_407.wav,lokiša hundred and twenty rand
SPCS/data/audio/017/017_Male_22_426.wav,wa boraro ga se semi-automatic
SPCS/data/audio/013/013_Male_27_279.wav,pele ga komiti ya palamente
SPCS/data/audio/003/003_Female_27_577.wav,di exhibition tše tša lena
SPCS/data/audio/013/013_Male_27_357.wav,one twenty fela
SPCS/data/audio/016/016_Female_21_244.wav,ba go nyaka di kontraka
SPCS/data/audio/001/001_Female_23_556.wav,a mo hlasela ka panga
SPCS/data/audio/003/003_Female_27_144.wav,nna ka nkreya mo address
SPCS/data/audio/020/020_Male_20_57.wav,di wheelchair di tletše gohle
SPCS/data/audio/006/006_Male_23_1036.wav,feleletše a invita ga ntši
SPCS/data/audio/012/012_Female_20_222.wav,team ya gagwe ya go
SPCS/data/audio/014/014_Male_25_400.wav,e segella ka di cubes
SPCS/data/audio/017/017_Male_22_478.wav,tšwela pele bjalo ka presidente
SPCS/data/audio/007/007_Male_23_172.wav,there is better way
SPCS/data/audio/004/004_Female_17_432.wav,basadi ba nale yona pressure
SPCS/data/audio/012/012_Female_20_115.wav,mathata a di grant
SPCS/data/audio/011/011_Female_21_358.wav,ge a dulela go commenta
SPCS/data/audio/019/019_Male_23_312.wav,swarelwa ka peter mokaba stadium
SPCS/data/audio/014/014_Male_25_510.wav,of real gospel music
SPCS/data/audio/013/013_Male_27_356.wav,ke sepela ka sekuta
SPCS/data/audio/001/001_Female_23_233.wav,swanetše go tsošološa di grants
SPCS/data/audio/002/002_Male_24_700.wav,go amana le di athletiki
SPCS/data/audio/008/008_Male_23_432.wav,pele o ka tlotša polish
SPCS/data/audio/007/007_Male_23_604.wav,o drainwa mo sepetlele
SPCS/data/audio/009/009_Female_26_503.wav,mokonstable wa maphodisa
SPCS/data/audio/002/002_Male_24_44.wav,go accessa ditirelo tša rena
SPCS/data/audio/004/004_Female_17_515.wav,ga ba ba lucky
SPCS/data/audio/002/002_Male_24_131.wav,ge motho a dira abortion
SPCS/data/audio/020/020_Male_20_175.wav,tsamaya nako ya two years
SPCS/data/audio/011/011_Female_21_223.wav,hundred kilometer ka awara
SPCS/data/audio/012/012_Female_20_133.wav,ga ba ba lucky
SPCS/data/audio/006/006_Male_23_849.wav,mo historing ya rena
SPCS/data/audio/015/015_Female_91_294.wav,di pamphlets tša festival ye
SPCS/data/audio/005/005_Male_26_54.wav,ka dilo tša material
SPCS/data/audio/010/010_Male_22_371.wav,o ileng wa mo blocka
SPCS/data/audio/018/018_Male_21_285.wav,e nyenyefatše gore jewellery
SPCS/data/audio/004/004_Female_17_151.wav,di contributa go downfall ya
SPCS/data/audio/004/004_Female_17_77.wav,hwetša di address tša batho
SPCS/data/audio/008/008_Male_23_381.wav,goba soapie goba sitcom
SPCS/data/audio/013/013_Male_27_489.wav,o nale disability
SPCS/data/audio/002/002_Male_24_315.wav,ga yona ebile slow nyana
SPCS/data/audio/002/002_Male_24_368.wav,category tše nne tša
SPCS/data/audio/012/012_Female_20_106.wav,hundred and seventy thousand
SPCS/data/audio/017/017_Male_22_442.wav,re kwešiša condition ya bona
SPCS/data/audio/012/012_Female_20_26.wav,di pamphlets tša festival ye
SPCS/data/audio/016/016_Female_21_303.wav,nna ke blockile mogwera
SPCS/data/audio/003/003_Female_27_551.wav,dithuto tša gagwe tša optometry
SPCS/data/audio/004/004_Female_17_334.wav,be interested go construction fela
SPCS/data/audio/012/012_Female_20_422.wav,university of johannesburg
SPCS/data/audio/004/004_Female_17_136.wav,all the colleges tša mo
SPCS/data/audio/002/002_Male_24_338.wav,ba di bitšang di learnership
SPCS/data/audio/001/001_Female_23_583.wav,steše sa go kala dikoloi
SPCS/data/audio/009/009_Female_26_401.wav,le confusion ya di date
SPCS/data/audio/009/009_Female_26_70.wav,o ithopela two thousand rand
SPCS/data/audio/014/014_Male_25_305.wav,ke fishing
SPCS/data/audio/006/006_Male_23_564.wav,di exhibition tše tša lena
SPCS/data/audio/003/003_Female_27_191.wav,ge e sena barcode
SPCS/data/audio/004/004_Female_17_504.wav,motho wo a di applyelang
SPCS/data/audio/017/017_Male_22_147.wav,ke di temporary workers
SPCS/data/audio/017/017_Male_22_228.wav,go registara
SPCS/data/audio/006/006_Male_23_138.wav,nna ka nkreya mo address
SPCS/data/audio/006/006_Male_23_344.wav,filimi tša metsotso ye masomepedi
SPCS/data/audio/013/013_Male_27_358.wav,bowa ka bus ya mathomo
SPCS/data/audio/012/012_Female_20_198.wav,go nale diagnostic indicators
SPCS/data/audio/013/013_Male_27_292.wav,lamb or nku
SPCS/data/audio/015/015_Female_91_420.wav,ke a ratang a bibele
SPCS/data/audio/015/015_Female_91_549.wav,bathopa difoka tša di bursary
SPCS/data/audio/013/013_Male_27_407.wav,ge o ka ba adamant
SPCS/data/audio/004/004_Female_17_188.wav,ko di provinsing tše dingwe
SPCS/data/audio/006/006_Male_23_763.wav,go feta maatla a ranta
SPCS/data/audio/001/001_Female_23_461.wav,nako e ngwe o ntheka
SPCS/data/audio/009/009_Female_26_118.wav,wa leloko la board
SPCS/data/audio/010/010_Male_22_349.wav,ka se tlo confront motho
SPCS/data/audio/017/017_Male_22_112.wav,e nyenyefatše gore di portrait
SPCS/data/audio/006/006_Male_23_84.wav,khomišene ya bo setšhaba ya
SPCS/data/audio/010/010_Male_22_81.wav,projeke ya setšhaba
SPCS/data/audio/011/011_Female_21_298.wav,wa go ba seterateng
SPCS/data/audio/003/003_Female_27_224.wav,ikaparetše dilo tše di simple
SPCS/data/audio/003/003_Female_27_574.wav,maketše ge ba bona response
SPCS/data/audio/002/002_Male_24_719.wav,a mo hlasela ka panga
SPCS/data/audio/009/009_Female_26_227.wav,hweditše di report tše botse
SPCS/data/audio/019/019_Male_23_437.wav,e le tša gauta
SPCS/data/audio/012/012_Female_20_6.wav,ke di bursary tše kae
SPCS/data/audio/016/016_Female_21_156.wav,there is better way
SPCS/data/audio/005/005_Male_26_337.wav,ba sepela ka group
SPCS/data/audio/001/001_Female_23_234.wav,ba re romele di form
SPCS/data/audio/003/003_Female_27_364.wav,ba grade twelve learners
SPCS/data/audio/016/016_Female_21_259.wav,ya gore daddy wa lwala
SPCS/data/audio/003/003_Female_27_220.wav,go leka go impressa basadi
SPCS/data/audio/002/002_Male_24_341.wav,university of johannesburg
SPCS/data/audio/013/013_Male_27_77.wav,tšwela pele bjalo ka presidente
SPCS/data/audio/017/017_Male_22_205.wav,ka january a ka emiša
SPCS/data/audio/007/007_Male_23_83.wav,ba home affairs
SPCS/data/audio/020/020_Male_20_32.wav,University ya limpopo ya baithuti
SPCS/data/audio/005/005_Male_26_157.wav,ka june ya ngwaga wona
SPCS/data/audio/012/012_Female_20_377.wav,gare ga toropo ya johannesburg
SPCS/data/audio/011/011_Female_21_9.wav,o romele tšhelete ya administration
SPCS/data/audio/008/008_Male_23_284.wav,go kreya di opportunities
SPCS/data/audio/006/006_Male_23_952.wav,bohlaba bja toropo ya Pretoria
SPCS/data/audio/008/008_Male_23_296.wav,ka june ya ngwaga wona
SPCS/data/audio/010/010_Male_22_367.wav,wa nyaka salad dressing
SPCS/data/audio/011/011_Female_21_161.wav,ke lekola file ya gago
SPCS/data/audio/010/010_Male_22_617.wav,dinatla tša mmino wa gospel
SPCS/data/audio/005/005_Male_26_225.wav,ge o ka ba adamant
SPCS/data/audio/010/010_Male_22_455.wav,for go transporta baswa ba
SPCS/data/audio/002/002_Male_24_98.wav,e be agency fela
SPCS/data/audio/008/008_Male_23_13.wav,bomenetša bja di tendera
SPCS/data/audio/007/007_Male_23_438.wav,nyakago di tickets tša festival
SPCS/data/audio/016/016_Female_21_492.wav,kgona go ka ba corruptable
SPCS/data/audio/015/015_Female_91_246.wav,ko sekhukhuni district ya gešu
SPCS/data/audio/003/003_Female_27_394.wav,hundred and seven for two
SPCS/data/audio/016/016_Female_21_484.wav,ka hwetša twenty percent discount
SPCS/data/audio/002/002_Male_24_856.wav,mošireletši wa setšhaba advocate
SPCS/data/audio/019/019_Male_23_441.wav,gona fa tournamenteng ye
SPCS/data/audio/002/002_Male_24_725.wav,e fetang eight million rands
SPCS/data/audio/015/015_Female_91_250.wav,gammogo le quantum ye one
SPCS/data/audio/015/015_Female_91_383.wav,mathata a di grant
SPCS/data/audio/015/015_Female_91_496.wav,a beilego record e ntshwa
SPCS/data/audio/017/017_Male_22_101.wav,ba suggesta gore rena re
SPCS/data/audio/007/007_Male_23_763.wav,wa mohuta wa tic
SPCS/data/audio/013/013_Male_27_349.wav,ke tswaletše account kua bankeng
SPCS/data/audio/008/008_Male_23_283.wav,re kwešiša position ya bona
SPCS/data/audio/005/005_Male_26_55.wav,basadi ba nale pressure
SPCS/data/audio/015/015_Female_91_207.wav,lekala la banka
SPCS/data/audio/017/017_Male_22_162.wav,leina la projeke ya setšhaba
SPCS/data/audio/008/008_Male_23_411.wav,hweditše di report tše botse
SPCS/data/audio/016/016_Female_21_27.wav,o sa le a stuckile
SPCS/data/audio/005/005_Male_26_41.wav,batho bale ba go repossesa
SPCS/data/audio/017/017_Male_22_451.wav,mošomo wa bankeng
SPCS/data/audio/002/002_Male_24_874.wav,o ya conferenceng
SPCS/data/audio/016/016_Female_21_584.wav,after school
SPCS/data/audio/007/007_Male_23_580.wav,one twenty fela
SPCS/data/audio/002/002_Male_24_331.wav,ya go rekiša jewellery
SPCS/data/audio/008/008_Male_23_79.wav,di robot ga di šome
SPCS/data/audio/004/004_Female_17_83.wav,wa two thousand and nine
SPCS/data/audio/019/019_Male_23_376.wav,pakaneng ya omo auto
SPCS/data/audio/006/006_Male_23_218.wav,ka lefela loan ya gagwe
SPCS/data/audio/002/002_Male_24_503.wav,gore di form tše re
SPCS/data/audio/018/018_Male_21_130.wav,province yengwe le yengwe
SPCS/data/audio/007/007_Male_23_428.wav,di company tša afrika borwa
SPCS/data/audio/009/009_Female_26_336.wav,go tsena tsena ga dipolotiki
SPCS/data/audio/015/015_Female_91_475.wav,who are leading the right
SPCS/data/audio/004/004_Female_17_98.wav,one twenty fela
SPCS/data/audio/007/007_Male_23_593.wav,re ka ba le agency
SPCS/data/audio/009/009_Female_26_150.wav,after school
SPCS/data/audio/011/011_Female_21_371.wav,lane ya letsogo la goja
SPCS/data/audio/013/013_Male_27_111.wav,nako e ngwe o ntheka
SPCS/data/audio/009/009_Female_26_56.wav,excellence awards
SPCS/data/audio/005/005_Male_26_405.wav,exhibition e ebile ka mokgo
SPCS/data/audio/010/010_Male_22_618.wav,dansa le gona ke sport
SPCS/data/audio/016/016_Female_21_138.wav,e na le barcode
SPCS/data/audio/009/009_Female_26_267.wav,di wheelchair di tletše gohle
SPCS/data/audio/003/003_Female_27_52.wav,presidente ya league ya baswa
SPCS/data/audio/006/006_Male_23_197.wav,barutiši ba sekolo sa primary
SPCS/data/audio/019/019_Male_23_401.wav,ba tšea ke camera
SPCS/data/audio/012/012_Female_20_220.wav,dansa le gona ke sport
SPCS/data/audio/008/008_Male_23_444.wav,kgoro ya tsheko ya mmasetrata
SPCS/data/audio/004/004_Female_17_528.wav,ba swere economy ya lefase
SPCS/data/audio/015/015_Female_91_358.wav,diswantšho tša cctv
SPCS/data/audio/014/014_Male_25_520.wav,o tlo tlotša polish
SPCS/data/audio/001/001_Female_23_42.wav,di tlileng go tlo exhibita
SPCS/data/audio/019/019_Male_23_384.wav,o romele tšhelete ya administration
SPCS/data/audio/002/002_Male_24_934.wav,forty four thousand
SPCS/data/audio/020/020_Male_20_521.wav,colleges le di universities tša
SPCS/data/audio/002/002_Male_24_723.wav,leina la projeke ya setšhaba
SPCS/data/audio/006/006_Male_23_166.wav,ba le fa di pamphlets
SPCS/data/audio/015/015_Female_91_572.wav,ka morago ga twelve months
SPCS/data/audio/018/018_Male_21_422.wav,karabo ke roast lamb
SPCS/data/audio/014/014_Male_25_270.wav,bible e bolela bjalo
SPCS/data/audio/020/020_Male_20_202.wav,rena re le radio
SPCS/data/audio/003/003_Female_27_350.wav,ke yona disability
SPCS/data/audio/016/016_Female_21_343.wav,exhibition yela ra go bolela
SPCS/data/audio/003/003_Female_27_90.wav,khomišene ya bo setšhaba ya
SPCS/data/audio/012/012_Female_20_161.wav,go tšwa police station
SPCS/data/audio/007/007_Male_23_274.wav,disturba o sa re wa
SPCS/data/audio/003/003_Female_27_397.wav,a beilego record e ntshwa
SPCS/data/audio/005/005_Male_26_121.wav,go bopa furnitura
SPCS/data/audio/013/013_Male_27_128.wav,banka ya gona
SPCS/data/audio/020/020_Male_20_136.wav,ke mang fiance ya gago
SPCS/data/audio/004/004_Female_17_380.wav,rena re le radio
SPCS/data/audio/004/004_Female_17_364.wav,gammogo le quantum ye one
SPCS/data/audio/002/002_Male_24_678.wav,university of johannesburg
SPCS/data/audio/018/018_Male_21_411.wav,kgona go ka ba corruptable
SPCS/data/audio/002/002_Male_24_596.wav,o nyaka butternut e tee
SPCS/data/audio/010/010_Male_22_448.wav,nkreya le mo facebook page
SPCS/data/audio/006/006_Male_23_21.wav,mošomo wa bankeng
SPCS/data/audio/020/020_Male_20_520.wav,especially young people
SPCS/data/audio/001/001_Female_23_256.wav,ka thulwa ke taxi
SPCS/data/audio/012/012_Female_20_42.wav,lenaneo la television
SPCS/data/audio/019/019_Male_23_415.wav,o ka re romela email
SPCS/data/audio/003/003_Female_27_93.wav,ranta kgahlanong le ponto ya
SPCS/data/audio/015/015_Female_91_587.wav,colleges le di universities tša
SPCS/data/audio/003/003_Female_27_161.wav,molao tšeo di tsenetšego conference
SPCS/data/audio/015/015_Female_91_12.wav,taba ya di service standard
SPCS/data/audio/015/015_Female_91_274.wav,ke di bursary tše kae
SPCS/data/audio/003/003_Female_27_433.wav,ounce e tee ke
SPCS/data/audio/007/007_Male_23_146.wav,province e tsamaiše
SPCS/data/audio/020/020_Male_20_73.wav,especially young people
SPCS/data/audio/019/019_Male_23_266.wav,lokela ka gare ga plastiki
SPCS/data/audio/006/006_Male_23_81.wav,gore o ngwala di posts
SPCS/data/audio/010/010_Male_22_348.wav,retshwenya ke di drugs
SPCS/data/audio/003/003_Female_27_315.wav,ba swere economy ya lefase
SPCS/data/audio/001/001_Female_23_294.wav,some how ka mogau
SPCS/data/audio/018/018_Male_21_197.wav,o ka se confront lapa
SPCS/data/audio/013/013_Male_27_402.wav,gopola gore facebook ya rena
SPCS/data/audio/003/003_Female_27_76.wav,motho o a mo blocka
SPCS/data/audio/019/019_Male_23_291.wav,go tsena tsena ga dipolotiki
SPCS/data/audio/020/020_Male_20_270.wav,ditaba tša dipapadi tša swimming
SPCS/data/audio/008/008_Male_23_89.wav,ba di lori le bahlwekiši
SPCS/data/audio/006/006_Male_23_378.wav,di ballroom
SPCS/data/audio/001/001_Female_23_221.wav,le go head of department
SPCS/data/audio/009/009_Female_26_261.wav,ka company ya engineering
SPCS/data/audio/007/007_Male_23_13.wav,o nale account ya banka
SPCS/data/audio/008/008_Male_23_150.wav,pele a eya di awardeng
SPCS/data/audio/016/016_Female_21_310.wav,a ka go tsebang personally
SPCS/data/audio/011/011_Female_21_506.wav,dira kgopelo ya loan
SPCS/data/audio/003/003_Female_27_605.wav,ka thulwa ke taxi
SPCS/data/audio/009/009_Female_26_415.wav,pele a eya di awardeng
SPCS/data/audio/006/006_Male_23_568.wav,ya go rekiša jewellery
SPCS/data/audio/015/015_Female_91_644.wav,gore di form tše re
SPCS/data/audio/016/016_Female_21_286.wav,bao ba etetšego flat
SPCS/data/audio/005/005_Male_26_313.wav,nna ke a porega
SPCS/data/audio/015/015_Female_91_403.wav,go kreya di opportunities
SPCS/data/audio/001/001_Female_23_544.wav,of real gospel music
SPCS/data/audio/013/013_Male_27_470.wav,betha di pillar ka matlapa
SPCS/data/audio/018/018_Male_21_433.wav,mathata a di grant
SPCS/data/audio/020/020_Male_20_2.wav,gore di form tše re
SPCS/data/audio/001/001_Female_23_516.wav,o nyaka thušo ya business
SPCS/data/audio/007/007_Male_23_161.wav,ba grade twelve learners
SPCS/data/audio/018/018_Male_21_110.wav,le a re tracer naa
SPCS/data/audio/017/017_Male_22_32.wav,gona ka mo stadium sa
SPCS/data/audio/004/004_Female_17_466.wav,go registara
SPCS/data/audio/010/010_Male_22_296.wav,go lokišwa tsela ko Nigel
SPCS/data/audio/016/016_Female_21_411.wav,o tlo tlotša polish
SPCS/data/audio/015/015_Female_91_31.wav,ge motho a dira abortion
SPCS/data/audio/015/015_Female_91_213.wav,okay ke a leboga
SPCS/data/audio/016/016_Female_21_21.wav,go papadi ya netball
SPCS/data/audio/007/007_Male_23_357.wav,mabapi le construction exhibition
SPCS/data/audio/011/011_Female_21_26.wav,ba tšea ke camera
SPCS/data/audio/018/018_Male_21_242.wav,ranta kgahlanong le ponto ya
SPCS/data/audio/006/006_Male_23_299.wav,swanetše go tsošološa di grants
SPCS/data/audio/001/001_Female_23_136.wav,botša eng girlfriend ya ka
SPCS/data/audio/011/011_Female_21_508.wav,ditaba tša dipapadi tša swimming
SPCS/data/audio/020/020_Male_20_473.wav,I am so scared
SPCS/data/audio/009/009_Female_26_133.wav,ke lekola file ya gago
SPCS/data/audio/012/012_Female_20_229.wav,forty four thousand
SPCS/data/audio/010/010_Male_22_283.wav,di polio
SPCS/data/audio/012/012_Female_20_61.wav,ka january a ka emiša
SPCS/data/audio/010/010_Male_22_613.wav,ge o ka ba adamant
SPCS/data/audio/018/018_Male_21_406.wav,magistrata wa tikologo gosasa
SPCS/data/audio/003/003_Female_27_102.wav,dithuto tša gagwe tša optometry
SPCS/data/audio/002/002_Male_24_449.wav,taba ya di service standard
SPCS/data/audio/019/019_Male_23_436.wav,bowa gae ka di medal
SPCS/data/audio/006/006_Male_23_284.wav,go accessa ditirelo tša rena
SPCS/data/audio/018/018_Male_21_88.wav,dinatla tša mmino wa gospel
SPCS/data/audio/017/017_Male_22_45.wav,updata status ga ba commente
SPCS/data/audio/007/007_Male_23_95.wav,ba na le di disability
SPCS/data/audio/006/006_Male_23_715.wav,barutiši ba sekolo sa primary
SPCS/data/audio/005/005_Male_26_96.wav,go feta maatla a ranta
SPCS/data/audio/011/011_Female_21_362.wav,ka di photo tsa go
SPCS/data/audio/003/003_Female_27_436.wav,verse seventeen
SPCS/data/audio/013/013_Male_27_457.wav,red pepper e tee
SPCS/data/audio/001/001_Female_23_568.wav,di pamphlets tša festival ye
SPCS/data/audio/007/007_Male_23_532.wav,ba home affairs
SPCS/data/audio/003/003_Female_27_215.wav,o ka re romela email
SPCS/data/audio/006/006_Male_23_294.wav,go kreya di opportunities
SPCS/data/audio/007/007_Male_23_315.wav,nna ke blockile batho
SPCS/data/audio/009/009_Female_26_395.wav,ba ntšhitše di bus
SPCS/data/audio/017/017_Male_22_114.wav,ba di bitšang di learnership
SPCS/data/audio/018/018_Male_21_304.wav,di results la mathomo ba
SPCS/data/audio/016/016_Female_21_494.wav,a bolailwego ka panga
SPCS/data/audio/011/011_Female_21_179.wav,filimi tša metsotso ye masomepedi
SPCS/data/audio/016/016_Female_21_65.wav,mathata a di grant
SPCS/data/audio/007/007_Male_23_578.wav,ka thulwa ke taxi
SPCS/data/audio/006/006_Male_23_661.wav,ka di six tša december
SPCS/data/audio/005/005_Male_26_21.wav,tankana tše pedi
SPCS/data/audio/006/006_Male_23_667.wav,o auditione mo districting engwe
SPCS/data/audio/016/016_Female_21_67.wav,ba home affairs
SPCS/data/audio/015/015_Female_91_519.wav,le le recodilwego
SPCS/data/audio/006/006_Male_23_412.wav,ko di provinsing tše dingwe
SPCS/data/audio/004/004_Female_17_350.wav,e nyenyefatše gore di portrait
SPCS/data/audio/008/008_Male_23_251.wav,e tšhaba tšhaba mo networkeng
SPCS/data/audio/001/001_Female_23_551.wav,bobedi ke wola wa semi-automatic
SPCS/data/audio/011/011_Female_21_299.wav,ba ile festivaleng
SPCS/data/audio/016/016_Female_21_342.wav,swarelwa ka peter mokaba stadium
SPCS/data/audio/019/019_Male_23_210.wav,re palelwa ke go copa
SPCS/data/audio/005/005_Male_26_4.wav,ebile ga se wena coach
SPCS/data/audio/005/005_Male_26_512.wav,mafelo a go socialisa
SPCS/data/audio/015/015_Female_91_163.wav,wa nyaka salad dressing
SPCS/data/audio/012/012_Female_20_157.wav,ke tswaletše account kua bankeng
SPCS/data/audio/002/002_Male_24_257.wav,ke salad yeo e loketšego
SPCS/data/audio/002/002_Male_24_479.wav,ba mo knockile
SPCS/data/audio/013/013_Male_27_16.wav,go lokišwa tsela ko Nigel
SPCS/data/audio/003/003_Female_27_8.wav,traffic lights ga di šome
SPCS/data/audio/014/014_Male_25_182.wav,e be di official residents
SPCS/data/audio/002/002_Male_24_73.wav,tšeo di nalego information
SPCS/data/audio/007/007_Male_23_99.wav,ga ba ba lucky
SPCS/data/audio/014/014_Male_25_217.wav,di awareness campaign
SPCS/data/audio/010/010_Male_22_90.wav,bowa gae ka di medal
SPCS/data/audio/011/011_Female_21_335.wav,wa nyaka di mushrooms
SPCS/data/audio/020/020_Male_20_177.wav,university of johannesburg
SPCS/data/audio/020/020_Male_20_299.wav,a bolailwego ka panga
SPCS/data/audio/002/002_Male_24_494.wav,batho ba di cellphone
SPCS/data/audio/007/007_Male_23_337.wav,go tsena tsena ga dipolotiki
SPCS/data/audio/019/019_Male_23_63.wav,go šomišana le di stakeholders
SPCS/data/audio/016/016_Female_21_121.wav,e lego planete
SPCS/data/audio/002/002_Male_24_421.wav,goba di parkeng
SPCS/data/audio/020/020_Male_20_213.wav,bobedi ke wola wa semi-automatic
SPCS/data/audio/012/012_Female_20_86.wav,go feta maatla a ranta
SPCS/data/audio/010/010_Male_22_188.wav,one twenty fela
SPCS/data/audio/003/003_Female_27_503.wav,tšwela pele bjalo ka presidente
SPCS/data/audio/005/005_Male_26_392.wav,dithuto tša gagwe tša optometry
SPCS/data/audio/016/016_Female_21_519.wav,fapana a di social grants
SPCS/data/audio/008/008_Male_23_29.wav,ba hlwela television
SPCS/data/audio/002/002_Male_24_663.wav,ke bona project ya lena
SPCS/data/audio/002/002_Male_24_182.wav,ke thomile ministry ke
SPCS/data/audio/009/009_Female_26_432.wav,leina la projeke ya setšhaba
SPCS/data/audio/004/004_Female_17_185.wav,fine ye kgolo kgolo
SPCS/data/audio/018/018_Male_21_314.wav,go feta two hundred thousand
SPCS/data/audio/001/001_Female_23_273.wav,province e tsamaiše
SPCS/data/audio/008/008_Male_23_357.wav,ke bona on daily basis
SPCS/data/audio/016/016_Female_21_82.wav,ba sepela ka di crutches
SPCS/data/audio/020/020_Male_20_23.wav,festival ya kgoparara ya thobelaFM
SPCS/data/audio/012/012_Female_20_233.wav,raloka televišeneng
SPCS/data/audio/005/005_Male_26_492.wav,facer bjang girlfriend ya gagwe
SPCS/data/audio/019/019_Male_23_228.wav,disturba o sa re wa
SPCS/data/audio/014/014_Male_25_498.wav,o auditione mo districting engwe
SPCS/data/audio/009/009_Female_26_99.wav,re kwešiša position ya bona
SPCS/data/audio/013/013_Male_27_471.wav,fokotša koketšo ya di gas
SPCS/data/audio/016/016_Female_21_423.wav,re leba ka studio six
SPCS/data/audio/003/003_Female_27_375.wav,there is better way
SPCS/data/audio/012/012_Female_20_91.wav,excellence awards
SPCS/data/audio/006/006_Male_23_1071.wav,o sa le a stuckile
SPCS/data/audio/015/015_Female_91_141.wav,le ngwana wa eleven years
SPCS/data/audio/012/012_Female_20_334.wav,tšwela pele bjalo ka presidente
SPCS/data/audio/016/016_Female_21_422.wav,nyakago di tickets tša festival
SPCS/data/audio/007/007_Male_23_698.wav,nna ka nkreya mo address
SPCS/data/audio/004/004_Female_17_387.wav,ba le fa di pamphlets
SPCS/data/audio/002/002_Male_24_487.wav,ekile ya ba di drama
SPCS/data/audio/009/009_Female_26_307.wav,wa nyaka di mushrooms
SPCS/data/audio/004/004_Female_17_43.wav,goba yona art
SPCS/data/audio/015/015_Female_91_481.wav,a sa tsebe di outcome
SPCS/data/audio/005/005_Male_26_427.wav,e nyenyefatše gore di portrait
SPCS/data/audio/001/001_Female_23_320.wav,tša melao ya di traffic
SPCS/data/audio/004/004_Female_17_601.wav,exhibition yela ra go bolela
SPCS/data/audio/011/011_Female_21_301.wav,disturba o sa re wa
SPCS/data/audio/008/008_Male_23_253.wav,karabo ke roast lamb
SPCS/data/audio/011/011_Female_21_59.wav,hundred and fifty rand fela
SPCS/data/audio/013/013_Male_27_139.wav,ga yona ebile slow nyana
SPCS/data/audio/013/013_Male_27_214.wav,ge e sena barcode
SPCS/data/audio/012/012_Female_20_486.wav,kare ke fashion ye nngwe
SPCS/data/audio/002/002_Male_24_736.wav,batho bale ba go repossesa
SPCS/data/audio/019/019_Male_23_25.wav,o ithopela two thousand rand
SPCS/data/audio/012/012_Female_20_16.wav,ge o dira follow up
SPCS/data/audio/012/012_Female_20_308.wav,disturba o sa re wa
SPCS/data/audio/012/012_Female_20_234.wav,hlaelelo ya diesel ya sulphur
SPCS/data/audio/003/003_Female_27_511.wav,wa nyaka di mushrooms
SPCS/data/audio/008/008_Male_23_152.wav,ke di temporary workers
SPCS/data/audio/002/002_Male_24_770.wav,hundred and fifty rand fela
SPCS/data/audio/005/005_Male_26_106.wav,komišene ya bosetšhaba
SPCS/data/audio/012/012_Female_20_158.wav,di awareness campaign
SPCS/data/audio/002/002_Male_24_107.wav,e na le barcode
SPCS/data/audio/010/010_Male_22_224.wav,some how ka mogau
SPCS/data/audio/015/015_Female_91_127.wav,disturba o sa re wa
SPCS/data/audio/001/001_Female_23_29.wav,banka ya gona
SPCS/data/audio/019/019_Male_23_426.wav,go feta eight million rand
SPCS/data/audio/010/010_Male_22_492.wav,e fetang eight million rands
SPCS/data/audio/018/018_Male_21_315.wav,ticket ke gona e sepela
SPCS/data/audio/006/006_Male_23_964.wav,lane e tee e tšwaletše
SPCS/data/audio/004/004_Female_17_141.wav,ke bona on daily basis
SPCS/data/audio/006/006_Male_23_870.wav,taba ya di service standard
SPCS/data/audio/004/004_Female_17_597.wav,ge o ka ba adamant
SPCS/data/audio/010/010_Male_22_536.wav,dira kgopelo ya loan
SPCS/data/audio/020/020_Male_20_373.wav,o ya conferenceng
SPCS/data/audio/015/015_Female_91_230.wav,ke nale shopo ya ka
SPCS/data/audio/010/010_Male_22_671.wav,go lokišwa tsela ko Nigel
SPCS/data/audio/006/006_Male_23_718.wav,steše sa go kala dikoloi
SPCS/data/audio/006/006_Male_23_592.wav,le confusion ya di date
SPCS/data/audio/010/010_Male_22_683.wav,ke fashion ya go tsenelela
SPCS/data/audio/013/013_Male_27_216.wav,re leba ka studio six
SPCS/data/audio/010/010_Male_22_1.wav,business ya ka e kgone
SPCS/data/audio/001/001_Female_23_579.wav,kare ke fashion ye nngwe
SPCS/data/audio/010/010_Male_22_39.wav,ge o dira follow up
SPCS/data/audio/017/017_Male_22_12.wav,baswa ba tšwile pateng
SPCS/data/audio/019/019_Male_23_289.wav,ka di photo tsa go
SPCS/data/audio/003/003_Female_27_211.wav,lenaneo la television
SPCS/data/audio/017/017_Male_22_219.wav,level e tee ya salary
SPCS/data/audio/003/003_Female_27_261.wav,go na le category enngwe
SPCS/data/audio/007/007_Male_23_657.wav,ba go hwetša degree ye
SPCS/data/audio/013/013_Male_27_145.wav,bangwe ba kgona tša tourism
SPCS/data/audio/012/012_Female_20_165.wav,one twenty fela
SPCS/data/audio/007/007_Male_23_235.wav,I am so scared
SPCS/data/audio/015/015_Female_91_342.wav,companying a tee
SPCS/data/audio/010/010_Male_22_433.wav,mantlo a fifteen thousand
SPCS/data/audio/011/011_Female_21_249.wav,university of technology
SPCS/data/audio/012/012_Female_20_355.wav,nna ke blockile motho ka
SPCS/data/audio/010/010_Male_22_82.wav,ka lefela loan ya gagwe
SPCS/data/audio/002/002_Male_24_30.wav,go bopa furnitura
SPCS/data/audio/010/010_Male_22_378.wav,nna ke blockile motho ka
SPCS/data/audio/016/016_Female_21_127.wav,le ge democracy e kokota
SPCS/data/audio/010/010_Male_22_12.wav,date yela ke di nineteen
SPCS/data/audio/020/020_Male_20_326.wav,motho wo a di applyelang
SPCS/data/audio/002/002_Male_24_414.wav,o nale account ya banka
SPCS/data/audio/018/018_Male_21_274.wav,maketše ge ba bona response
SPCS/data/audio/005/005_Male_26_307.wav,o nale disability
SPCS/data/audio/015/015_Female_91_101.wav,wa boraro ga se semi-automatic
SPCS/data/audio/011/011_Female_21_264.wav,dollara go ya United Kingdom
SPCS/data/audio/009/009_Female_26_353.wav,lekala la banka
SPCS/data/audio/020/020_Male_20_274.wav,mo kapteni wa sehlopa
SPCS/data/audio/010/010_Male_22_601.wav,all the colleges tša mo
SPCS/data/audio/007/007_Male_23_686.wav,ya go rekiša jewellery
SPCS/data/audio/008/008_Male_23_255.wav,hundred and seventy thousand
SPCS/data/audio/012/012_Female_20_399.wav,le di challenge tše kgolo
SPCS/data/audio/006/006_Male_23_131.wav,e nyenyefatše gore di portrait
SPCS/data/audio/013/013_Male_27_328.wav,go swerwe festival ya kakapa
SPCS/data/audio/001/001_Female_23_495.wav,bangwe ba kgona tša tourism
SPCS/data/audio/006/006_Male_23_86.wav,tona ya kgwebo le indasteri
SPCS/data/audio/013/013_Male_27_89.wav,lokela ka gare ga plastiki
SPCS/data/audio/006/006_Male_23_901.wav,papadi e le ya crickete
SPCS/data/audio/001/001_Female_23_487.wav,okay ke a leboga
SPCS/data/audio/010/010_Male_22_110.wav,pele ga komiti ya palamente
SPCS/data/audio/011/011_Female_21_337.wav,wa nyaka salad dressing
SPCS/data/audio/007/007_Male_23_410.wav,go amana le di athletiki
SPCS/data/audio/010/010_Male_22_165.wav,ba changile di address
SPCS/data/audio/013/013_Male_27_81.wav,ke salad yeo e loketšego
SPCS/data/audio/004/004_Female_17_203.wav,go fihla mafelelong a January
SPCS/data/audio/006/006_Male_23_188.wav,ya jewa two one
SPCS/data/audio/007/007_Male_23_378.wav,ya go rekiša jewellery
SPCS/data/audio/019/019_Male_23_491.wav,motho wo a di applyelang
SPCS/data/audio/007/007_Male_23_766.wav,botša eng girlfriend ya ka
SPCS/data/audio/017/017_Male_22_519.wav,ranta kgahlanong le euro
SPCS/data/audio/005/005_Male_26_134.wav,di ofisi tša rena magaeng
SPCS/data/audio/004/004_Female_17_339.wav,ba suggesta gore rena re
SPCS/data/audio/015/015_Female_91_376.wav,yona rehabilitation
SPCS/data/audio/015/015_Female_91_441.wav,taba tše tša histori
SPCS/data/audio/011/011_Female_21_421.wav,re e bone talente
SPCS/data/audio/011/011_Female_21_167.wav,holong ya masepala
SPCS/data/audio/007/007_Male_23_575.wav,shopping center tše di kgolwane
SPCS/data/audio/011/011_Female_21_132.wav,wa porega bjang
SPCS/data/audio/009/009_Female_26_23.wav,projeke ya setšhaba
SPCS/data/audio/018/018_Male_21_190.wav,baswa leading the right life
SPCS/data/audio/011/011_Female_21_352.wav,feleletše a invita ga ntši
SPCS/data/audio/004/004_Female_17_326.wav,exhibition yela ra go bolela
SPCS/data/audio/020/020_Male_20_325.wav,le child support grant
SPCS/data/audio/017/017_Male_22_50.wav,nna ke blockile motho ka
SPCS/data/audio/010/010_Male_22_419.wav,ga yona ebile slow nyana
SPCS/data/audio/006/006_Male_23_1050.wav,tsamaišana le body ya gage
SPCS/data/audio/004/004_Female_17_210.wav,University ya limpopo ya baithuti
SPCS/data/audio/013/013_Male_27_170.wav,ko sekhukhuni district ya gešu
SPCS/data/audio/020/020_Male_20_394.wav,go ya united kingdom
SPCS/data/audio/016/016_Female_21_475.wav,a tšea di crate
SPCS/data/audio/010/010_Male_22_354.wav,šomiša di million tse lekgolo
SPCS/data/audio/002/002_Male_24_115.wav,ba phasa
SPCS/data/audio/002/002_Male_24_473.wav,go buša order
SPCS/data/audio/004/004_Female_17_426.wav,ka dilo tša material
SPCS/data/audio/008/008_Male_23_362.wav,a sa tsebe di outcome
SPCS/data/audio/009/009_Female_26_226.wav,province yengwe le yengwe
SPCS/data/audio/011/011_Female_21_483.wav,steše sa go kala dikoloi
SPCS/data/audio/004/004_Female_17_544.wav,ge go nyakega copy
SPCS/data/audio/007/007_Male_23_404.wav,wa kgona go auditiona mo
SPCS/data/audio/013/013_Male_27_376.wav,kgona go isupporta
SPCS/data/audio/018/018_Male_21_362.wav,ka dilo tša material
SPCS/data/audio/018/018_Male_21_211.wav,wa nyaka di mushrooms
SPCS/data/audio/018/018_Male_21_417.wav,the best you can do
SPCS/data/audio/006/006_Male_23_505.wav,nna ke blockile batho
SPCS/data/audio/001/001_Female_23_541.wav,konsarata tša mmino
SPCS/data/audio/010/010_Male_22_41.wav,leina la projeke ya setšhaba
SPCS/data/audio/011/011_Female_21_353.wav,a ka go tsebang personally
SPCS/data/audio/001/001_Female_23_270.wav,le ge democracy e kokota
SPCS/data/audio/012/012_Female_20_230.wav,hundred kilometer ka awara
SPCS/data/audio/012/012_Female_20_407.wav,ke bona project ya lena
SPCS/data/audio/001/001_Female_23_592.wav,basadi ba nale yona pressure
SPCS/data/audio/017/017_Male_22_136.wav,molao tšeo di tsenetšego conference
SPCS/data/audio/018/018_Male_21_26.wav,ke tswaletše account kua bankeng
SPCS/data/audio/003/003_Female_27_276.wav,e tsebagaditše di projeke
SPCS/data/audio/003/003_Female_27_570.wav,be interested go construction fela
SPCS/data/audio/009/009_Female_26_514.wav,lamb or nku
SPCS/data/audio/004/004_Female_17_132.wav,angle ka moka ga tšona
SPCS/data/audio/006/006_Male_23_481.wav,retshwenya ke di drugs
SPCS/data/audio/005/005_Male_26_252.wav,o robile record
SPCS/data/audio/013/013_Male_27_291.wav,the best you can do
SPCS/data/audio/001/001_Female_23_477.wav,sona ka accounteng ya banka
SPCS/data/audio/001/001_Female_23_103.wav,wa non-automatic
SPCS/data/audio/008/008_Male_23_399.wav,ke goletše mo lekeišeneng
SPCS/data/audio/006/006_Male_23_723.wav,o ka re romela email
SPCS/data/audio/019/019_Male_23_380.wav,tankana tše pedi
SPCS/data/audio/015/015_Female_91_116.wav,o nale disability
SPCS/data/audio/006/006_Male_23_1000.wav,ke ngwana o mo sharp
SPCS/data/audio/012/012_Female_20_335.wav,o hlokagetše fleteng ya gage
SPCS/data/audio/019/019_Male_23_508.wav,lokiša hundred and twenty rand
SPCS/data/audio/002/002_Male_24_325.wav,ba suggesta gore rena re
SPCS/data/audio/006/006_Male_23_710.wav,facer bjang girlfriend ya gagwe
SPCS/data/audio/009/009_Female_26_187.wav,team ya gagwe ya go
SPCS/data/audio/017/017_Male_22_404.wav,di polio
SPCS/data/audio/003/003_Female_27_20.wav,the head of department
SPCS/data/audio/004/004_Female_17_275.wav,wa nyaka di mushrooms
SPCS/data/audio/005/005_Male_26_408.wav,di tlileng go tlo exhibita
SPCS/data/audio/011/011_Female_21_246.wav,o mo top hundred
SPCS/data/audio/008/008_Male_23_342.wav,taba ya di service standard
SPCS/data/audio/018/018_Male_21_268.wav,le di challenge tše kgolo
SPCS/data/audio/013/013_Male_27_289.wav,go rakwa partying
SPCS/data/audio/011/011_Female_21_504.wav,uniform ya bana ya sekolo
SPCS/data/audio/002/002_Male_24_873.wav,ke lekola file ya gago
SPCS/data/audio/014/014_Male_25_28.wav,training academy ya di art
SPCS/data/audio/011/011_Female_21_486.wav,ka dilo tša material
SPCS/data/audio/007/007_Male_23_218.wav,fine ye kgolo kgolo
SPCS/data/audio/004/004_Female_17_370.wav,date yela ke di nineteen
SPCS/data/audio/012/012_Female_20_431.wav,gammogo le quantum ye one
SPCS/data/audio/017/017_Male_22_300.wav,account ya kua bankeng
SPCS/data/audio/010/010_Male_22_645.wav,gore di form tše re
SPCS/data/audio/008/008_Male_23_365.wav,suggestion ya ka
SPCS/data/audio/003/003_Female_27_280.wav,go bopa furnitura
SPCS/data/audio/002/002_Male_24_603.wav,o tlo ntšha plastic bag
SPCS/data/audio/002/002_Male_24_93.wav,holong ya masepala
SPCS/data/audio/010/010_Male_22_177.wav,tšeo di nalego information
SPCS/data/audio/015/015_Female_91_455.wav,industeri ya di filimi ka
SPCS/data/audio/002/002_Male_24_409.wav,lenaneo la television
SPCS/data/audio/004/004_Female_17_527.wav,doctor re a le amogela
SPCS/data/audio/020/020_Male_20_66.wav,rapelelwa peace love and harmony
SPCS/data/audio/019/019_Male_23_193.wav,go lokišwa tsela ko Nigel
SPCS/data/audio/006/006_Male_23_583.wav,ko sekhukhuni district ya gešu
SPCS/data/audio/018/018_Male_21_440.wav,motho wo a di applyelang
SPCS/data/audio/009/009_Female_26_377.wav,ya go rekiša jewellery
SPCS/data/audio/020/020_Male_20_294.wav,diswantšho tša cctv
SPCS/data/audio/015/015_Female_91_439.wav,e lego planete
SPCS/data/audio/018/018_Male_21_420.wav,e tšhaba tšhaba mo networkeng
SPCS/data/audio/002/002_Male_24_805.wav,lamb or nku
SPCS/data/audio/020/020_Male_20_11.wav,university of technology
SPCS/data/audio/019/019_Male_23_137.wav,go buša order
SPCS/data/audio/013/013_Male_27_275.wav,cellphone ya gago fela
SPCS/data/audio/017/017_Male_22_483.wav,o tlo nyaka green pepper
SPCS/data/audio/012/012_Female_20_180.wav,province e tsamaiše
SPCS/data/audio/008/008_Male_23_55.wav,nna ke blockile motho ka
SPCS/data/audio/002/002_Male_24_649.wav,exhibition yela ra go bolela
SPCS/data/audio/011/011_Female_21_55.wav,ka january a ka emiša
SPCS/data/audio/006/006_Male_23_906.wav,forty four thousand
SPCS/data/audio/020/020_Male_20_128.wav,ranta kgahlanong le ponto ya
SPCS/data/audio/009/009_Female_26_356.wav,mabapi le construction exhibition
SPCS/data/audio/011/011_Female_21_60.wav,ditaba tša dipapadi tša swimming
SPCS/data/audio/011/011_Female_21_481.wav,ba grade four to seven
SPCS/data/audio/002/002_Male_24_495.wav,ka landline
SPCS/data/audio/003/003_Female_27_268.wav,the best you can do
SPCS/data/audio/010/010_Male_22_363.wav,o nyaka butternut e tee
SPCS/data/audio/003/003_Female_27_448.wav,fokotša koketšo ya di gas
SPCS/data/audio/003/003_Female_27_218.wav,o hwetše code ya moswananoši
SPCS/data/audio/007/007_Male_23_296.wav,o drainwa mo sepetlele
SPCS/data/audio/016/016_Female_21_200.wav,ke goletše mo lekeišeneng
SPCS/data/audio/012/012_Female_20_416.wav,e nyenyefatše gore jewellery
SPCS/data/audio/015/015_Female_91_114.wav,kgoro ya tsheko ya mmasetrata
SPCS/data/audio/009/009_Female_26_490.wav,a tšea di crate
SPCS/data/audio/016/016_Female_21_296.wav,lokela ka gare ga plastiki
SPCS/data/audio/013/013_Male_27_510.wav,especially young people
SPCS/data/audio/006/006_Male_23_176.wav,ge o dira follow up
SPCS/data/audio/018/018_Male_21_296.wav,ko sekhukhuni district ya gešu
SPCS/data/audio/013/013_Male_27_247.wav,ikaparetše dilo tše di simple
SPCS/data/audio/013/013_Male_27_76.wav,ge a ka dira appeal
SPCS/data/audio/010/010_Male_22_184.wav,go tšwa police station
SPCS/data/audio/002/002_Male_24_901.wav,ba phasa
SPCS/data/audio/014/014_Male_25_7.wav,attendance e thomile e le
SPCS/data/audio/014/014_Male_25_428.wav,ka di photo tsa go
SPCS/data/audio/016/016_Female_21_151.wav,some how ka mogau
SPCS/data/audio/004/004_Female_17_27.wav,nkgahlilego kudu ke ya corruption
SPCS/data/audio/018/018_Male_21_497.wav,e be agency fela
SPCS/data/audio/015/015_Female_91_363.wav,a bolailwego ka panga
SPCS/data/audio/007/007_Male_23_622.wav,o ileng wa mo blocka
SPCS/data/audio/008/008_Male_23_213.wav,dira kgopelo ya loan
SPCS/data/audio/003/003_Female_27_128.wav,di exhibition tše tša lena
SPCS/data/audio/012/012_Female_20_187.wav,industeri ya di filimi ka
SPCS/data/audio/019/019_Male_23_295.wav,ranta kgahlanong le euro
SPCS/data/audio/004/004_Female_17_328.wav,exhibition e ebile ka mokgo
SPCS/data/audio/008/008_Male_23_5.wav,wa go ba seterateng
SPCS/data/audio/007/007_Male_23_579.wav,ke sepela ka sekuta
SPCS/data/audio/003/003_Female_27_408.wav,ka landline
SPCS/data/audio/020/020_Male_20_361.wav,ke tswaletše account kua bankeng
SPCS/data/audio/005/005_Male_26_107.wav,go rakwa partying
SPCS/data/audio/004/004_Female_17_48.wav,mathata a di grant
SPCS/data/audio/020/020_Male_20_322.wav,go accessa di services tša
SPCS/data/audio/020/020_Male_20_404.wav,ka raloka polo
SPCS/data/audio/015/015_Female_91_576.wav,disturba o sa re wa
SPCS/data/audio/012/012_Female_20_344.wav,wa nyaka salad dressing
SPCS/data/audio/006/006_Male_23_675.wav,rena re le radio
SPCS/data/audio/003/003_Female_27_589.wav,tsamaya nako ya two years
SPCS/data/audio/015/015_Female_91_655.wav,di results le se meetseng
SPCS/data/audio/006/006_Male_23_697.wav,e fetang eight million rands
SPCS/data/audio/015/015_Female_91_608.wav,bible e bolela bjalo
SPCS/data/audio/001/001_Female_23_466.wav,ranta kgahlanong le ponto ya
SPCS/data/audio/007/007_Male_23_199.wav,raloka televišeneng
SPCS/data/audio/004/004_Female_17_311.wav,lane ya letsogo la goja
SPCS/data/audio/016/016_Female_21_226.wav,ditaba ka Standford Matlou
SPCS/data/audio/015/015_Female_91_524.wav,university of technology
SPCS/data/audio/017/017_Male_22_381.wav,graduation ya ngwana wa gagwe
SPCS/data/audio/017/017_Male_22_307.wav,ka thulwa ke taxi
SPCS/data/audio/005/005_Male_26_119.wav,tšona di skills
SPCS/data/audio/017/017_Male_22_425.wav,bathopa difoka tša di bursary
SPCS/data/audio/015/015_Female_91_59.wav,go tla interview
SPCS/data/audio/001/001_Female_23_40.wav,ga yona ebile slow nyana
SPCS/data/audio/011/011_Female_21_122.wav,le go head of department
SPCS/data/audio/004/004_Female_17_17.wav,go registara
SPCS/data/audio/014/014_Male_25_316.wav,ntšhitše di sprinter tše two
SPCS/data/audio/010/010_Male_22_460.wav,date yela ke di nineteen
SPCS/data/audio/001/001_Female_23_438.wav,wa di griller go fihlela
SPCS/data/audio/005/005_Male_26_504.wav,basadi ba nale pressure
SPCS/data/audio/012/012_Female_20_564.wav,mathata a di grant
SPCS/data/audio/020/020_Male_20_211.wav,pakaneng ya omo auto
SPCS/data/audio/008/008_Male_23_280.wav,di bitšang gore ke infection
SPCS/data/audio/006/006_Male_23_287.wav,le go head of department
SPCS/data/audio/003/003_Female_27_409.wav,go tla interview
SPCS/data/audio/012/012_Female_20_474.wav,ranta e wele
SPCS/data/audio/016/016_Female_21_559.wav,shopping center tše di kgolwane
SPCS/data/audio/002/002_Male_24_613.wav,a mbora ka nako yeo
SPCS/data/audio/005/005_Male_26_306.wav,ka company ya engineering
SPCS/data/audio/020/020_Male_20_196.wav,molao tšeo di tsenetšego conference
SPCS/data/audio/009/009_Female_26_161.wav,ba phasa
SPCS/data/audio/010/010_Male_22_102.wav,ge re ema traffic circleng
SPCS/data/audio/014/014_Male_25_177.wav,go accessa di services tša
SPCS/data/audio/007/007_Male_23_530.wav,mathata a di grant
SPCS/data/audio/019/019_Male_23_274.wav,ga ba fetole my comments
SPCS/data/audio/019/019_Male_23_317.wav,attendance e thomile e le
SPCS/data/audio/011/011_Female_21_93.wav,the best you can do
SPCS/data/audio/010/010_Male_22_361.wav,ke salad yeo e loketšego
SPCS/data/audio/012/012_Female_20_554.wav,o ithopela two thousand rand
SPCS/data/audio/012/012_Female_20_92.wav,go na le category enngwe
SPCS/data/audio/007/007_Male_23_478.wav,a dira loan e tee
SPCS/data/audio/002/002_Male_24_872.wav,ke le busy ka ofising
SPCS/data/audio/002/002_Male_24_248.wav,ba hlwela television
SPCS/data/audio/014/014_Male_25_361.wav,di wheelchair di tletše gohle
SPCS/data/audio/007/007_Male_23_26.wav,ka dikgwedi tše twelve
SPCS/data/audio/020/020_Male_20_516.wav,ntlo tše botse tša quality
SPCS/data/audio/007/007_Male_23_535.wav,fapana a di social grants
SPCS/data/audio/002/002_Male_24_930.wav,hundred and seven for two
SPCS/data/audio/018/018_Male_21_327.wav,bobedi ke wola wa semi-automatic
SPCS/data/audio/006/006_Male_23_858.wav,ke yona disability
SPCS/data/audio/011/011_Female_21_200.wav,who are leading the right
SPCS/data/audio/002/002_Male_24_849.wav,hwetša di address tša batho
SPCS/data/audio/007/007_Male_23_784.wav,go fihla mafelelong a January
SPCS/data/audio/017/017_Male_22_194.wav,basadi ba nale yona pressure
SPCS/data/audio/003/003_Female_27_567.wav,di tlileng go tlo exhibita
SPCS/data/audio/016/016_Female_21_322.wav,tona ya kgwebo le indasteri
SPCS/data/audio/009/009_Female_26_137.wav,mo historing ya rena
SPCS/data/audio/006/006_Male_23_752.wav,level e tee ya salary
SPCS/data/audio/010/010_Male_22_604.wav,there is better way
SPCS/data/audio/014/014_Male_25_221.wav,ge go nyakega copy
SPCS/data/audio/003/003_Female_27_23.wav,nna ke a porega
SPCS/data/audio/014/014_Male_25_129.wav,mo kapteni wa sehlopa
SPCS/data/audio/007/007_Male_23_11.wav,basadi ba nale pressure
SPCS/data/audio/005/005_Male_26_351.wav,e segella ka di cubes
SPCS/data/audio/012/012_Female_20_199.wav,angle ka moka ga tšona
SPCS/data/audio/006/006_Male_23_911.wav,hlaelelo ya diesel ya sulphur
SPCS/data/audio/006/006_Male_23_27.wav,bomenetša bja di tendera
SPCS/data/audio/012/012_Female_20_471.wav,ge e sena barcode
SPCS/data/audio/014/014_Male_25_476.wav,e nyenyefatše gore di portrait
SPCS/data/audio/018/018_Male_21_353.wav,o nthomela please call me
SPCS/data/audio/006/006_Male_23_427.wav,dollara go ya United Kingdom
SPCS/data/audio/006/006_Male_23_405.wav,fourty seven percent
SPCS/data/audio/020/020_Male_20_490.wav,traffic lights ga di šome
SPCS/data/audio/001/001_Female_23_414.wav,baswa leading the right life
SPCS/data/audio/007/007_Male_23_215.wav,komišene yeo e hlomilwego
SPCS/data/audio/006/006_Male_23_683.wav,ke di bursary tše kae
SPCS/data/audio/017/017_Male_22_365.wav,di ballroom
SPCS/data/audio/018/018_Male_21_222.wav,nna ke blockile mogwera
SPCS/data/audio/007/007_Male_23_751.wav,ya jewa two one
SPCS/data/audio/003/003_Female_27_522.wav,nna ke blockile mogwera
SPCS/data/audio/006/006_Male_23_1075.wav,se dira ke go taela
SPCS/data/audio/004/004_Female_17_19.wav,go feta maatla a ranta
SPCS/data/audio/004/004_Female_17_4.wav,go papadi ya netball
SPCS/data/audio/017/017_Male_22_408.wav,ounce e tee ke
SPCS/data/audio/012/012_Female_20_523.wav,companying a tee
SPCS/data/audio/008/008_Male_23_12.wav,kgopelo ya bail
SPCS/data/audio/001/001_Female_23_596.wav,goba di parkeng
SPCS/data/audio/013/013_Male_27_281.wav,mokonstable wa maphodisa
SPCS/data/audio/008/008_Male_23_165.wav,ge o dira follow up
SPCS/data/audio/012/012_Female_20_22.wav,ge e sena barcode
SPCS/data/audio/004/004_Female_17_436.wav,goba di parkeng
SPCS/data/audio/016/016_Female_21_569.wav,a festival with a purpose
SPCS/data/audio/008/008_Male_23_391.wav,o robile record
SPCS/data/audio/002/002_Male_24_785.wav,motsotso wo wa go šaena
SPCS/data/audio/016/016_Female_21_281.wav,šomiša di million tse lekgolo
SPCS/data/audio/005/005_Male_26_1.wav,as long as e le
SPCS/data/audio/003/003_Female_27_515.wav,lokela ka gare ga plastiki
SPCS/data/audio/020/020_Male_20_104.wav,nna ke blockile batho
SPCS/data/audio/006/006_Male_23_263.wav,karabo ke roast lamb
SPCS/data/audio/004/004_Female_17_55.wav,motho wo a di applyelang
SPCS/data/audio/012/012_Female_20_192.wav,di principles tša batho pele
SPCS/data/audio/013/013_Male_27_238.wav,o ka re romela email
SPCS/data/audio/006/006_Male_23_737.wav,ka dikgwedi tše twelve
SPCS/data/audio/006/006_Male_23_172.wav,o tlo tlotša polish
SPCS/data/audio/006/006_Male_23_201.wav,lenaneo la television
SPCS/data/audio/013/013_Male_27_224.wav,ba tšea ke camera
SPCS/data/audio/002/002_Male_24_907.wav,set my record straight
SPCS/data/audio/002/002_Male_24_734.wav,ke reality show ya television
SPCS/data/audio/010/010_Male_22_93.wav,mo kapteni wa sehlopa
SPCS/data/audio/015/015_Female_91_106.wav,lane e tee e tšwaletše
SPCS/data/audio/016/016_Female_21_526.wav,morutiši ka panga
SPCS/data/audio/012/012_Female_20_167.wav,ke le busy ka ofising
SPCS/data/audio/012/012_Female_20_547.wav,ga o tlo re hello
SPCS/data/audio/016/016_Female_21_347.wav,attendance e thomile e le
SPCS/data/audio/002/002_Male_24_97.wav,re ka ba le agency
SPCS/data/audio/007/007_Male_23_479.wav,dira kgopelo ya loan
SPCS/data/audio/015/015_Female_91_186.wav,gore o ngwala di posts
SPCS/data/audio/011/011_Female_21_199.wav,there is better way
SPCS/data/audio/017/017_Male_22_39.wav,wa nyaka salad dressing
SPCS/data/audio/004/004_Female_17_230.wav,o nale disability
SPCS/data/audio/006/006_Male_23_898.wav,di ballroom
SPCS/data/audio/011/011_Female_21_242.wav,komišene yeo e hlomilwego
SPCS/data/audio/018/018_Male_21_385.wav,bowa gae ka di medal
SPCS/data/audio/016/016_Female_21_367.wav,e nyenyefatše gore di portrait
SPCS/data/audio/015/015_Female_91_49.wav,hundred kilometer ka awara
SPCS/data/audio/009/009_Female_26_295.wav,o drainwa mo sepetlele
SPCS/data/audio/012/012_Female_20_304.wav,ka morago ga twelve months
SPCS/data/audio/020/020_Male_20_97.wav,wa nyaka di mushrooms
SPCS/data/audio/017/017_Male_22_520.wav,mošomo wa psychometric
SPCS/data/audio/015/015_Female_91_563.wav,kgoro ya tsheko ya mmasetrata
SPCS/data/audio/003/003_Female_27_149.wav,tšeo di transportilego batho
SPCS/data/audio/001/001_Female_23_76.wav,for go transporta baswa ba
SPCS/data/audio/010/010_Male_22_199.wav,labohlano la di eighteen november
SPCS/data/audio/020/020_Male_20_153.wav,di tlileng go tlo exhibita
SPCS/data/audio/018/018_Male_21_437.wav,gore motho a qualifaele
SPCS/data/audio/017/017_Male_22_199.wav,ikaparetše dilo tše di simple
SPCS/data/audio/003/003_Female_27_479.wav,jealous ke bolwetši
SPCS/data/audio/014/014_Male_25_4.wav,okay ke a leboga
SPCS/data/audio/012/012_Female_20_300.wav,the head of department
SPCS/data/audio/006/006_Male_23_946.wav,I am so scared
SPCS/data/audio/005/005_Male_26_401.wav,mabapi le construction exhibition
SPCS/data/audio/011/011_Female_21_317.wav,ba di form1 form2
SPCS/data/audio/014/014_Male_25_420.wav,rena ba bangwe re sensitive
SPCS/data/audio/001/001_Female_23_86.wav,nna ga ke coach
SPCS/data/audio/006/006_Male_23_732.wav,ikaparetše dilo tše di simple
SPCS/data/audio/013/013_Male_27_49.wav,ba ile festivaleng
SPCS/data/audio/006/006_Male_23_372.wav,o swara style
SPCS/data/audio/010/010_Male_22_674.wav,ditaba ka Standford Matlou
SPCS/data/audio/011/011_Female_21_410.wav,e nyenyefatše gore di portrait
SPCS/data/audio/016/016_Female_21_131.wav,ke yona disability
SPCS/data/audio/007/007_Male_23_461.wav,o ka re romela email
SPCS/data/audio/008/008_Male_23_426.wav,University ya limpopo ya baithuti
SPCS/data/audio/016/016_Female_21_487.wav,magistrata wa tikologo gosasa
SPCS/data/audio/019/019_Male_23_488.wav,gore motho a qualifaele
SPCS/data/audio/002/002_Male_24_56.wav,ke sa judge motho
SPCS/data/audio/003/003_Female_27_257.wav,magistrata wa tikologo gosasa
SPCS/data/audio/009/009_Female_26_433.wav,ka two thousand and eight
SPCS/data/audio/007/007_Male_23_595.wav,province e tsamaiše
SPCS/data/audio/010/010_Male_22_146.wav,e be di official residents
SPCS/data/audio/003/003_Female_27_222.wav,mafelo a go socialisa
SPCS/data/audio/006/006_Male_23_649.wav,learnership ye tsamaya tsamaya bjang
SPCS/data/audio/016/016_Female_21_463.wav,dira kgopelo ya loan
SPCS/data/audio/011/011_Female_21_2.wav,motšhene wa go hlahlela ka
SPCS/data/audio/019/019_Male_23_385.wav,ge o dira follow up
SPCS/data/audio/003/003_Female_27_202.wav,facer bjang girlfriend ya gagwe
SPCS/data/audio/016/016_Female_21_590.wav,mmušo wa rena wa democracy
SPCS/data/audio/004/004_Female_17_345.wav,ya go rekiša jewellery
SPCS/data/audio/001/001_Female_23_420.wav,ba sepela ka group
SPCS/data/audio/006/006_Male_23_772.wav,a bolailwego ka panga
SPCS/data/audio/010/010_Male_22_386.wav,ke a blocka ge motho
SPCS/data/audio/015/015_Female_91_91.wav,recharga ka MTN easy
SPCS/data/audio/010/010_Male_22_496.wav,re leba ka studio six
SPCS/data/audio/008/008_Male_23_3.wav,nna ke a porega
SPCS/data/audio/017/017_Male_22_406.wav,hweditše di report tše botse
SPCS/data/audio/016/016_Female_21_534.wav,go kreya di opportunities
SPCS/data/audio/014/014_Male_25_276.wav,go buša order
SPCS/data/audio/006/006_Male_23_938.wav,province yengwe le yengwe
SPCS/data/audio/001/001_Female_23_285.wav,di principles tša batho pele
SPCS/data/audio/006/006_Male_23_1032.wav,nna ke blockile motho ka
SPCS/data/audio/012/012_Female_20_536.wav,pele ga komiti ya palamente
SPCS/data/audio/015/015_Female_91_37.wav,di contributa go downfall ya
SPCS/data/audio/010/010_Male_22_682.wav,apara di shades tša gago
SPCS/data/audio/006/006_Male_23_171.wav,tankana tše pedi
SPCS/data/audio/012/012_Female_20_562.wav,le di track suit
SPCS/data/audio/006/006_Male_23_709.wav,ba tšea ke camera
SPCS/data/audio/006/006_Male_23_919.wav,o robile record
SPCS/data/audio/002/002_Male_24_218.wav,go hwetša di opportunities
SPCS/data/audio/001/001_Female_23_238.wav,doctor re a le amogela
SPCS/data/audio/002/002_Male_24_893.wav,e na le barcode
SPCS/data/audio/004/004_Female_17_556.wav,holong ya masepala
SPCS/data/audio/006/006_Male_23_261.wav,e tšhaba tšhaba mo networkeng
SPCS/data/audio/004/004_Female_17_353.wav,tsamaya nako ya two years
SPCS/data/audio/006/006_Male_23_92.wav,lane ya letsogo la goja
SPCS/data/audio/002/002_Male_24_724.wav,ka two thousand and eight
SPCS/data/audio/007/007_Male_23_398.wav,for go transporta baswa ba
SPCS/data/audio/010/010_Male_22_189.wav,bowa ka bus ya mathomo
SPCS/data/audio/015/015_Female_91_221.wav,bangwe ba kgona tša tourism
SPCS/data/audio/004/004_Female_17_576.wav,a ba fa citizen report
SPCS/data/audio/001/001_Female_23_298.wav,go bolela le bona gore
SPCS/data/audio/019/019_Male_23_241.wav,baswa leading the right life
SPCS/data/audio/020/020_Male_20_233.wav,ke reality show ya television
SPCS/data/audio/018/018_Male_21_487.wav,o ya conferenceng
SPCS/data/audio/016/016_Female_21_298.wav,o ileng wa mo blocka
SPCS/data/audio/018/018_Male_21_414.wav,komišene ya bosetšhaba
SPCS/data/audio/002/002_Male_24_552.wav,ka company ya engineering
SPCS/data/audio/005/005_Male_26_350.wav,o nyaka butternut e tee
SPCS/data/audio/006/006_Male_23_798.wav,le child support grant
SPCS/data/audio/007/007_Male_23_181.wav,ge o ka ba adamant
SPCS/data/audio/003/003_Female_27_74.wav,ga ba fetole my comments
SPCS/data/audio/012/012_Female_20_43.wav,botša eng girlfriend ya ka
SPCS/data/audio/013/013_Male_27_364.wav,mo historing ya rena
SPCS/data/audio/002/002_Male_24_18.wav,the best you can do
SPCS/data/audio/009/009_Female_26_47.wav,kgona go go rekela airtime
SPCS/data/audio/020/020_Male_20_417.wav,a sa tsebe di outcome
SPCS/data/audio/004/004_Female_17_354.wav,learnership ye tsamaya tsamaya bjang
SPCS/data/audio/012/012_Female_20_85.wav,ka hwetša twenty percent discount
SPCS/data/audio/017/017_Male_22_142.wav,rena re le radio
SPCS/data/audio/005/005_Male_26_305.wav,kgoro ya tsheko ya mmasetrata
SPCS/data/audio/010/010_Male_22_194.wav,e lego planete
SPCS/data/audio/014/014_Male_25_485.wav,business ya ka e kgone
SPCS/data/audio/004/004_Female_17_356.wav,o nyaka thušo ya business
SPCS/data/audio/012/012_Female_20_336.wav,bao ba etetšego flat
SPCS/data/audio/003/003_Female_27_104.wav,sona ka accounteng ya banka
SPCS/data/audio/019/019_Male_23_116.wav,ba phasa
SPCS/data/audio/017/017_Male_22_130.wav,di results la mathomo ba
SPCS/data/audio/015/015_Female_91_591.wav,ke ngwana o mo sharp
SPCS/data/audio/006/006_Male_23_295.wav,go swerwe festival ya kakapa
SPCS/data/audio/007/007_Male_23_167.wav,some how ka mogau
SPCS/data/audio/007/007_Male_23_789.wav,bohlaba bja toropo ya Pretoria
SPCS/data/audio/004/004_Female_17_421.wav,ba grade four to seven
SPCS/data/audio/017/017_Male_22_52.wav,a mbora ka nako yeo
SPCS/data/audio/013/013_Male_27_20.wav,University ya limpopo ya baithuti
SPCS/data/audio/014/014_Male_25_192.wav,ga ba ba lucky
SPCS/data/audio/002/002_Male_24_346.wav,ko sekhukhuni district ya gešu
SPCS/data/audio/009/009_Female_26_445.wav,batho bale ba go repossesa
SPCS/data/audio/009/009_Female_26_428.wav,a mo hlasela ka panga
SPCS/data/audio/003/003_Female_27_203.wav,basadi ba lokela pressure banneng
SPCS/data/audio/011/011_Female_21_168.wav,ikopanye le mokhanselara
SPCS/data/audio/006/006_Male_23_17.wav,nna ke a porega
SPCS/data/audio/013/013_Male_27_352.wav,shopping center tše di kgolwane
SPCS/data/audio/018/018_Male_21_302.wav,ka di six tša december
SPCS/data/audio/004/004_Female_17_510.wav,le go head of department
SPCS/data/audio/014/014_Male_25_136.wav,o sa le a stuckile
SPCS/data/audio/004/004_Female_17_537.wav,ba ba golang kua bankeng
SPCS/data/audio/006/006_Male_23_277.wav,go accessa di services tša
SPCS/data/audio/001/001_Female_23_137.wav,ka dilo tša material
SPCS/data/audio/015/015_Female_91_253.wav,mec wa sports and culture
SPCS/data/audio/009/009_Female_26_476.wav,uniform ya bana ya sekolo
SPCS/data/audio/020/020_Male_20_355.wav,mošireletši wa setšhaba advocate
SPCS/data/audio/006/006_Male_23_52.wav,ke salad yeo e loketšego
SPCS/data/audio/006/006_Male_23_475.wav,colleges le di universities tša
SPCS/data/audio/001/001_Female_23_417.wav,ba di form1 form2
SPCS/data/audio/008/008_Male_23_17.wav,baswa ba tšwile pateng
SPCS/data/audio/010/010_Male_22_687.wav,nako ya bumper to bumper
SPCS/data/audio/009/009_Female_26_181.wav,suggestion ya ka
SPCS/data/audio/015/015_Female_91_331.wav,a dira loan e tee
SPCS/data/audio/006/006_Male_23_464.wav,disturba o sa re wa
SPCS/data/audio/019/019_Male_23_172.wav,fine ye kgolo kgolo
SPCS/data/audio/006/006_Male_23_903.wav,fifteen thousand runs
SPCS/data/audio/017/017_Male_22_485.wav,e segella ka di cubes
SPCS/data/audio/016/016_Female_21_71.wav,le child support grant
SPCS/data/audio/007/007_Male_23_754.wav,batho bale ba go repossesa
SPCS/data/audio/006/006_Male_23_621.wav,exhibition yela ra go bolela
SPCS/data/audio/006/006_Male_23_823.wav,ba swere economy ya lefase
SPCS/data/audio/020/020_Male_20_61.wav,ba ile festivaleng
SPCS/data/audio/011/011_Female_21_432.wav,o auditione mo districting engwe
SPCS/data/audio/016/016_Female_21_181.wav,ekile ya ba di drama
SPCS/data/audio/009/009_Female_26_447.wav,facer bjang girlfriend ya gagwe
SPCS/data/audio/015/015_Female_91_53.wav,hlaelelo ya diesel ya sulphur
SPCS/data/audio/013/013_Male_27_487.wav,kgoro ya tsheko ya mmasetrata
SPCS/data/audio/009/009_Female_26_123.wav,di awareness campaign
SPCS/data/audio/015/015_Female_91_174.wav,nna ke blockile motho ka
SPCS/data/audio/013/013_Male_27_270.wav,ka gare ga traffic circle
SPCS/data/audio/001/001_Female_23_454.wav,rena ba bangwe re sensitive
SPCS/data/audio/018/018_Male_21_59.wav,go ya united kingdom
SPCS/data/audio/001/001_Female_23_293.wav,ka raloka polo
SPCS/data/audio/006/006_Male_23_707.wav,direga eng mo operation repo
SPCS/data/audio/018/018_Male_21_54.wav,after school
SPCS/data/audio/015/015_Female_91_300.wav,ba tšea ke camera
SPCS/data/audio/002/002_Male_24_903.wav,go nale diagnostic indicators
SPCS/data/audio/012/012_Female_20_538.wav,mokonstable wa maphodisa
SPCS/data/audio/011/011_Female_21_33.wav,ba grade four to seven
SPCS/data/audio/016/016_Female_21_565.wav,bowa ka bus ya mathomo
SPCS/data/audio/015/015_Female_91_488.wav,dansa le gona ke sport
SPCS/data/audio/013/013_Male_27_142.wav,le di challenge tše kgolo
SPCS/data/audio/017/017_Male_22_137.wav,nna ga ke coach
SPCS/data/audio/011/011_Female_21_511.wav,go dipapadi tša crickete
SPCS/data/audio/015/015_Female_91_76.wav,ntšhitše di sprinter tše two
SPCS/data/audio/016/016_Female_21_128.wav,re ka ba le agency
SPCS/data/audio/010/010_Male_22_259.wav,gagwe o be a graduata
SPCS/data/audio/010/010_Male_22_169.wav,ba swere economy ya lefase
SPCS/data/audio/009/009_Female_26_341.wav,mošomo wa psychometric
SPCS/data/audio/002/002_Male_24_739.wav,basadi ba lokela pressure banneng
SPCS/data/audio/020/020_Male_20_100.wav,wa di griller go fihlela
SPCS/data/audio/017/017_Male_22_460.wav,home affairs ba tla be
SPCS/data/audio/020/020_Male_20_390.wav,filimi tša metsotso ye masomepedi
SPCS/data/audio/007/007_Male_23_151.wav,after school
SPCS/data/audio/004/004_Female_17_456.wav,companying a tee
SPCS/data/audio/003/003_Female_27_96.wav,mošomo wa psychometric
SPCS/data/audio/015/015_Female_91_120.wav,ka la tharo december
SPCS/data/audio/007/007_Male_23_148.wav,eighteen years
SPCS/data/audio/011/011_Female_21_106.wav,di jeresi tše di botse
SPCS/data/audio/002/002_Male_24_352.wav,ka di six tša december
SPCS/data/audio/004/004_Female_17_516.wav,re kwešiša position ya bona
SPCS/data/audio/013/013_Male_27_93.wav,updata status ga ba commente
SPCS/data/audio/012/012_Female_20_14.wav,a mo hlasela ka panga
SPCS/data/audio/006/006_Male_23_113.wav,le di challenge tše kgolo
SPCS/data/audio/002/002_Male_24_207.wav,traffic lights ga di šome
SPCS/data/audio/018/018_Male_21_502.wav,kgona go isupporta
SPCS/data/audio/017/017_Male_22_97.wav,bangwe ba kgona tša tourism
SPCS/data/audio/010/010_Male_22_635.wav,graduation ya ngwana wa gagwe
SPCS/data/audio/019/019_Male_23_505.wav,go swerwe festival ya kakapa
SPCS/data/audio/014/014_Male_25_389.wav,o drainwa mo sepetlele
SPCS/data/audio/007/007_Male_23_238.wav,recharga ka MTN easy
SPCS/data/audio/002/002_Male_24_34.wav,mathata a di grant
SPCS/data/audio/013/013_Male_27_140.wav,attendance e thomile e le
SPCS/data/audio/010/010_Male_22_552.wav,motsotso wo wa go šaena
SPCS/data/audio/010/010_Male_22_558.wav,go feta maatla a ranta
SPCS/data/audio/017/017_Male_22_277.wav,ga ba ba lucky
SPCS/data/audio/007/007_Male_23_660.wav,account ya yona e ka
SPCS/data/audio/005/005_Male_26_101.wav,excellence awards
SPCS/data/audio/009/009_Female_26_323.wav,a bona profile ya ka
SPCS/data/audio/003/003_Female_27_301.wav,ba sepela ka di crutches
SPCS/data/audio/011/011_Female_21_279.wav,traffic lights ga di bereke
SPCS/data/audio/010/010_Male_22_554.wav,kgona go go rekela airtime
SPCS/data/audio/016/016_Female_21_382.wav,for go transporta baswa ba
SPCS/data/audio/007/007_Male_23_170.wav,of those days
SPCS/data/audio/012/012_Female_20_254.wav,hweditse di report tse botse
SPCS/data/audio/009/009_Female_26_338.wav,ranta kgahlanong le ponto ya
SPCS/data/audio/017/017_Male_22_373.wav,forty four thousand
SPCS/data/audio/006/006_Male_23_345.wav,industeri ya di filimi ka
SPCS/data/audio/002/002_Male_24_838.wav,ga ba ba lucky
SPCS/data/audio/004/004_Female_17_123.wav,go ya united kingdom
SPCS/data/audio/010/010_Male_22_222.wav,angle ka moka ga tšona
SPCS/data/audio/011/011_Female_21_182.wav,go phatlalala le province
SPCS/data/audio/009/009_Female_26_321.wav,motho o a mo blocka
SPCS/data/audio/018/018_Male_21_103.wav,hlaelelo ya diesel ya sulphur
SPCS/data/audio/004/004_Female_17_171.wav,batho ba di cellphone
SPCS/data/audio/007/007_Male_23_219.wav,o mo top hundred
SPCS/data/audio/006/006_Male_23_776.wav,the best you can do
SPCS/data/audio/007/007_Male_23_667.wav,exhibition yela ra go bolela
SPCS/data/audio/015/015_Female_91_237.wav,training academy ya di art
SPCS/data/audio/020/020_Male_20_346.wav,ba changile di address
SPCS/data/audio/013/013_Male_27_359.wav,ke le busy ka ofising
SPCS/data/audio/016/016_Female_21_531.wav,ba sepela ka di crutches
SPCS/data/audio/006/006_Male_23_944.wav,verse seventeen
SPCS/data/audio/007/007_Male_23_34.wav,e le tša gauta
SPCS/data/audio/012/012_Female_20_283.wav,pele o ka tlotša polish
SPCS/data/audio/009/009_Female_26_5.wav,wa mohuta wa tic
SPCS/data/audio/019/019_Male_23_84.wav,ke sepela ka sekuta
SPCS/data/audio/009/009_Female_26_43.wav,ka gare ga traffic circle
SPCS/data/audio/003/003_Female_27_189.wav,e fetang eight million rands
SPCS/data/audio/007/007_Male_23_251.wav,ke fashion ya go tsenelela
SPCS/data/audio/003/003_Female_27_386.wav,go buša order
SPCS/data/audio/015/015_Female_91_123.wav,ka morago ga twelve months
SPCS/data/audio/009/009_Female_26_151.wav,filimi tša metsotso ye masomepedi
SPCS/data/audio/014/014_Male_25_267.wav,ke bona on daily basis
SPCS/data/audio/009/009_Female_26_303.wav,ke salad yeo e loketšego
SPCS/data/audio/015/015_Female_91_632.wav,a tlo dira shopping
SPCS/data/audio/008/008_Male_23_42.wav,wa nyaka di mushrooms
SPCS/data/audio/011/011_Female_21_392.wav,le di challenge tše kgolo
SPCS/data/audio/006/006_Male_23_940.wav,ke thomile ministry ke
SPCS/data/audio/016/016_Female_21_458.wav,ka lefela loan ya gagwe
SPCS/data/audio/017/017_Male_22_265.wav,le child support grant
SPCS/data/audio/006/006_Male_23_915.wav,batho ba di cellphone
SPCS/data/audio/007/007_Male_23_304.wav,ke salad yeo e loketšego
SPCS/data/audio/006/006_Male_23_219.wav,ka dikgwedi tše twelve
SPCS/data/audio/003/003_Female_27_293.wav,di ofisi tša rena magaeng
SPCS/data/audio/007/007_Male_23_424.wav,bobedi ke wola wa semi-automatic
SPCS/data/audio/015/015_Female_91_504.wav,gagwe o be a graduata
SPCS/data/audio/003/003_Female_27_188.wav,ka two thousand and eight
SPCS/data/audio/019/019_Male_23_314.wav,okay ke a leboga
SPCS/data/audio/004/004_Female_17_248.wav,go nale di diagnostic indicators
SPCS/data/audio/011/011_Female_21_427.wav,mec wa sports and culture
SPCS/data/audio/014/014_Male_25_393.wav,tšwela pele bjalo ka presidente
SPCS/data/audio/006/006_Male_23_544.wav,lekala la banka
SPCS/data/audio/013/013_Male_27_400.wav,ke bona on daily basis
SPCS/data/audio/002/002_Male_24_616.wav,a ka go tsebang personally
SPCS/data/audio/014/014_Male_25_293.wav,hlaelelo ya diesel ya sulphur
SPCS/data/audio/003/003_Female_27_482.wav,bomenetša bja di tendera
SPCS/data/audio/001/001_Female_23_211.wav,go accessa di services tša
SPCS/data/audio/016/016_Female_21_150.wav,ka raloka polo
SPCS/data/audio/001/001_Female_23_429.wav,bao ba etetšego flat
SPCS/data/audio/013/013_Male_27_314.wav,motho wo a di applyelang
SPCS/data/audio/020/020_Male_20_484.wav,wa boraro ga se semi-automatic
SPCS/data/audio/010/010_Male_22_559.wav,pele ga komiti ya palamente
SPCS/data/audio/007/007_Male_23_127.wav,go tšwa police station
SPCS/data/audio/013/013_Male_27_347.wav,ba ba golang kua bankeng
SPCS/data/audio/012/012_Female_20_488.wav,ba grade four to seven
SPCS/data/audio/005/005_Male_26_14.wav,swere di kontraka tša mengwaga
SPCS/data/audio/003/003_Female_27_579.wav,mantlo a fifteen thousand
SPCS/data/audio/014/014_Male_25_164.wav,o ithopela two thousand rand
SPCS/data/audio/014/014_Male_25_313.wav,hweditse di report tse botse
SPCS/data/audio/013/013_Male_27_135.wav,swarelwa ka peter mokaba stadium
SPCS/data/audio/006/006_Male_23_589.wav,ka di six tša december
SPCS/data/audio/008/008_Male_23_173.wav,re leba ka studio six
SPCS/data/audio/007/007_Male_23_688.wav,dira diimport and export
SPCS/data/audio/002/002_Male_24_765.wav,ka dikgwedi tše twelve
SPCS/data/audio/012/012_Female_20_307.wav,mošomo wa bankeng
SPCS/data/audio/017/017_Male_22_508.wav,le di posts tša ka
SPCS/data/audio/017/017_Male_22_274.wav,napile professor
SPCS/data/audio/011/011_Female_21_435.wav,nna ga ke coach
SPCS/data/audio/001/001_Female_23_251.wav,di awareness campaign
SPCS/data/audio/020/020_Male_20_261.wav,go feta eight million rand
SPCS/data/audio/003/003_Female_27_309.wav,swanetše go tsošološa di grants
SPCS/data/audio/015/015_Female_91_14.wav,ba grade twelve learners
SPCS/data/audio/001/001_Female_23_427.wav,tšwela pele bjalo ka presidente
SPCS/data/audio/012/012_Female_20_400.wav,re beakantše ya agriculture
SPCS/data/audio/010/010_Male_22_507.wav,o nthomela please call me
SPCS/data/audio/019/019_Male_23_127.wav,who are leading the right
SPCS/data/audio/002/002_Male_24_696.wav,as long as e le
SPCS/data/audio/001/001_Female_23_520.wav,ko sekhukhuni district ya gešu
SPCS/data/audio/007/007_Male_23_493.wav,ka gare ga traffic circle
SPCS/data/audio/011/011_Female_21_439.wav,ticket ke gona e sepela
SPCS/data/audio/005/005_Male_26_147.wav,ke sa judge motho
SPCS/data/audio/001/001_Female_23_174.wav,se dira ke go taela
SPCS/data/audio/017/017_Male_22_237.wav,kgona go ka ba corruptable
SPCS/data/audio/020/020_Male_20_163.wav,di exhibition tše tša lena
SPCS/data/audio/019/019_Male_23_429.wav,ka dikgwedi tše twelve
SPCS/data/audio/017/017_Male_22_286.wav,ba changile di address
SPCS/data/audio/007/007_Male_23_427.wav,o tlo tlotša polish
SPCS/data/audio/011/011_Female_21_170.wav,le ge democracy e kokota
SPCS/data/audio/016/016_Female_21_485.wav,go feta maatla a ranta
SPCS/data/audio/010/010_Male_22_483.wav,tankana tše pedi
SPCS/data/audio/020/020_Male_20_403.wav,angle ka moka ga tšona
SPCS/data/audio/007/007_Male_23_645.wav,go tsena tsena ga dipolotiki
SPCS/data/audio/015/015_Female_91_616.wav,dinatla tša mmino wa gospel
SPCS/data/audio/012/012_Female_20_217.wav,go buša order
SPCS/data/audio/009/009_Female_26_504.wav,diswantšho tša cctv
SPCS/data/audio/004/004_Female_17_428.wav,o ka re romela email
SPCS/data/audio/013/013_Male_27_443.wav,le le recodilwego
SPCS/data/audio/009/009_Female_26_308.wav,wa nyaka spinach
SPCS/data/audio/002/002_Male_24_136.wav,go buša order
SPCS/data/audio/010/010_Male_22_204.wav,ke yona disability
SPCS/data/audio/006/006_Male_23_494.wav,ke salad yeo e loketšego
SPCS/data/audio/011/011_Female_21_328.wav,o hlokagetše fleteng ya gage
SPCS/data/audio/013/013_Male_27_222.wav,direga eng mo operation repo
SPCS/data/audio/003/003_Female_27_236.wav,bowa gae ka di medal
SPCS/data/audio/011/011_Female_21_325.wav,presidente ya league ya baswa
SPCS/data/audio/007/007_Male_23_234.wav,festival ya kgoparara ya thobelaFM
SPCS/data/audio/018/018_Male_21_499.wav,ke yona disability
SPCS/data/audio/014/014_Male_25_446.wav,leina la banka
SPCS/data/audio/012/012_Female_20_597.wav,wo ka di nine
SPCS/data/audio/007/007_Male_23_3.wav,kare ke fashion ye nngwe
SPCS/data/audio/010/010_Male_22_550.wav,ka gare ga traffic circle
SPCS/data/audio/009/009_Female_26_213.wav,fourty seven percent
SPCS/data/audio/009/009_Female_26_46.wav,se dira ke go taela
SPCS/data/audio/020/020_Male_20_442.wav,batho ba di cellphone
SPCS/data/audio/001/001_Female_23_161.wav,e le tša gauta
SPCS/data/audio/016/016_Female_21_30.wav,motsotso wo wa go šaena
SPCS/data/audio/012/012_Female_20_587.wav,wa porega bjang
SPCS/data/audio/014/014_Male_25_127.wav,e le tša gauta
SPCS/data/audio/002/002_Male_24_705.wav,category tše nne tša
SPCS/data/audio/001/001_Female_23_279.wav,filimi tša metsotso ye masomepedi
SPCS/data/audio/019/019_Male_23_318.wav,di tlileng go tlo exhibita
SPCS/data/audio/019/019_Male_23_45.wav,go accessa ditirelo tša rena
SPCS/data/audio/005/005_Male_26_37.wav,ge e le second half
SPCS/data/audio/003/003_Female_27_368.wav,angle ka moka ga tšona
SPCS/data/audio/017/017_Male_22_329.wav,after school
SPCS/data/audio/013/013_Male_27_392.wav,ka raloka polo
SPCS/data/audio/008/008_Male_23_320.wav,e lego planete
SPCS/data/audio/004/004_Female_17_570.wav,e na le barcode
SPCS/data/audio/003/003_Female_27_474.wav,wa go ba seterateng
SPCS/data/audio/004/004_Female_17_277.wav,wa nyaka salad dressing
SPCS/data/audio/011/011_Female_21_262.wav,I am so scared
SPCS/data/audio/002/002_Male_24_140.wav,di ballroom
SPCS/data/audio/007/007_Male_23_143.wav,le ge democracy e kokota
SPCS/data/audio/012/012_Female_20_70.wav,mo kapteni wa sehlopa
SPCS/data/audio/013/013_Male_27_371.wav,e be agency fela
SPCS/data/audio/007/007_Male_23_386.wav,tsamaya nako ya two years
SPCS/data/audio/018/018_Male_21_108.wav,ka landline
SPCS/data/audio/014/014_Male_25_339.wav,tsamaya ka di public transport
SPCS/data/audio/011/011_Female_21_391.wav,di tlileng go tlo exhibita
SPCS/data/audio/008/008_Male_23_81.wav,ke mang fiance ya gago
SPCS/data/audio/014/014_Male_25_188.wav,ba na le di disability
SPCS/data/audio/007/007_Male_23_567.wav,ke a ratang a bibele
SPCS/data/audio/011/011_Female_21_351.wav,a bona profile ya ka
SPCS/data/audio/018/018_Male_21_489.wav,e lego planete
SPCS/data/audio/013/013_Male_27_304.wav,di jeresi tše di botse
SPCS/data/audio/007/007_Male_23_329.wav,ke a blocka ge motho
SPCS/data/audio/015/015_Female_91_575.wav,mošomo wa bankeng
SPCS/data/audio/011/011_Female_21_334.wav,e segella ka di cubes
SPCS/data/audio/010/010_Male_22_649.wav,le le recodilwego
SPCS/data/audio/005/005_Male_26_292.wav,wa boraro ga se semi-automatic
SPCS/data/audio/012/012_Female_20_211.wav,bible e bolela bjalo
SPCS/data/audio/019/019_Male_23_272.wav,nna ke blockile morago ga
SPCS/data/audio/012/012_Female_20_511.wav,uniform ya bana ya sekolo
SPCS/data/audio/003/003_Female_27_33.wav,bomenetša bja di tendera
SPCS/data/audio/006/006_Male_23_632.wav,tsenela dikgwebo tša construction
SPCS/data/audio/020/020_Male_20_518.wav,home affairs ba tla be
SPCS/data/audio/002/002_Male_24_369.wav,pele a eya di awardeng
SPCS/data/audio/001/001_Female_23_33.wav,ba di lori le bahlwekiši
SPCS/data/audio/007/007_Male_23_553.wav,wa porega bjang
SPCS/data/audio/006/006_Male_23_65.wav,updata nna ke a commenta
SPCS/data/audio/011/011_Female_21_91.wav,go rakwa partying
SPCS/data/audio/006/006_Male_23_818.wav,ba re romele di form
SPCS/data/audio/006/006_Male_23_890.wav,a sa tsebe di outcome
SPCS/data/audio/006/006_Male_23_226.wav,bowa gae ka di medal
SPCS/data/audio/010/010_Male_22_396.wav,ranta kgahlanong le ponto ya
SPCS/data/audio/004/004_Female_17_363.wav,ba ntšhitše di bus
SPCS/data/audio/018/018_Male_21_271.wav,bangwe ba kgona tša tourism
SPCS/data/audio/006/006_Male_23_224.wav,hundred and fifty rand fela
SPCS/data/audio/006/006_Male_23_418.wav,hweditše di report tše botse
SPCS/data/audio/011/011_Female_21_18.wav,re leba ka studio six
SPCS/data/audio/006/006_Male_23_524.wav,nako e ngwe o ntheka
SPCS/data/audio/011/011_Female_21_361.wav,nako e ngwe o ntheka
SPCS/data/audio/014/014_Male_25_252.wav,taba ya di service standard
SPCS/data/audio/012/012_Female_20_74.wav,companying a tee
SPCS/data/audio/011/011_Female_21_405.wav,ya go rekiša jewellery
SPCS/data/audio/020/020_Male_20_88.wav,ge a ka dira appeal
SPCS/data/audio/001/001_Female_23_421.wav,o ka se confront lapa
SPCS/data/audio/009/009_Female_26_36.wav,go papadi ya netball
SPCS/data/audio/015/015_Female_91_202.wav,ba go hwetša degree ye
SPCS/data/audio/014/014_Male_25_204.wav,doctor re a le amogela
SPCS/data/audio/017/017_Male_22_66.wav,go tsena tsena ga dipolotiki
SPCS/data/audio/018/018_Male_21_359.wav,steše sa go kala dikoloi
SPCS/data/audio/012/012_Female_20_327.wav,ba sepela ka group
SPCS/data/audio/014/014_Male_25_196.wav,ke sa judge motho
SPCS/data/audio/014/014_Male_25_439.wav,tša komišene ya bo setšhaba
SPCS/data/audio/019/019_Male_23_1.wav,se dira ke go taela
SPCS/data/audio/011/011_Female_21_181.wav,e na le barcode
SPCS/data/audio/012/012_Female_20_289.wav,nako ya bumper to bumper
SPCS/data/audio/017/017_Male_22_126.wav,gammogo le quantum ye one
SPCS/data/audio/001/001_Female_23_440.wav,o tlo ntšha plastic bag
SPCS/data/audio/006/006_Male_23_1058.wav,dira kgopelo ya loan
SPCS/data/audio/006/006_Male_23_840.wav,ka thulwa ke taxi
SPCS/data/audio/002/002_Male_24_658.wav,bangwe ba kgona tša tourism
SPCS/data/audio/009/009_Female_26_410.wav,go feta two hundred thousand
SPCS/data/audio/004/004_Female_17_79.wav,ba swere economy ya lefase
SPCS/data/audio/007/007_Male_23_454.wav,ba grade four to seven
SPCS/data/audio/011/011_Female_21_85.wav,excellence awards
SPCS/data/audio/018/018_Male_21_172.wav,nna ke a porega
SPCS/data/audio/018/018_Male_21_86.wav,go buša order
SPCS/data/audio/002/002_Male_24_408.wav,steše sa go kala dikoloi
SPCS/data/audio/018/018_Male_21_329.wav,tankana tše pedi
SPCS/data/audio/006/006_Male_23_439.wav,pele o ka tlotša polish
SPCS/data/audio/003/003_Female_27_251.wav,kgona go go rekela airtime
SPCS/data/audio/015/015_Female_91_234.wav,training academay ya di arts
SPCS/data/audio/006/006_Male_23_103.wav,ba di lori le bahlwekiši
SPCS/data/audio/006/006_Male_23_183.wav,nyakago di tickets tša festival
SPCS/data/audio/013/013_Male_27_372.wav,province e tsamaiše
SPCS/data/audio/003/003_Female_27_537.wav,nako e ngwe o ntheka
SPCS/data/audio/007/007_Male_23_268.wav,di wheelchair di tletše gohle
SPCS/data/audio/005/005_Male_26_429.wav,ba di bitšang di learnership
SPCS/data/audio/012/012_Female_20_221.wav,di ballroom
SPCS/data/audio/006/006_Male_23_875.wav,go nale diagnostic indicators
SPCS/data/audio/019/019_Male_23_497.wav,le go head of department
SPCS/data/audio/001/001_Female_23_81.wav,date yela ke di nineteen
SPCS/data/audio/005/005_Male_26_365.wav,nna ke blockile motho ka
SPCS/data/audio/004/004_Female_17_234.wav,ka la tharo december
SPCS/data/audio/007/007_Male_23_788.wav,bitšwa University of the North
SPCS/data/audio/020/020_Male_20_92.wav,gona ka mo stadium sa
SPCS/data/audio/012/012_Female_20_356.wav,motho o a mo blocka
SPCS/data/audio/019/019_Male_23_485.wav,di municipality tša rena
SPCS/data/audio/002/002_Male_24_864.wav,le di community radio stations
SPCS/data/audio/020/020_Male_20_204.wav,category tše nne tša
SPCS/data/audio/007/007_Male_23_260.wav,ba go nyaka di kontraka
SPCS/data/audio/015/015_Female_91_313.wav,basadi ba nale pressure
SPCS/data/audio/012/012_Female_20_46.wav,o ka re romela email
SPCS/data/audio/019/019_Male_23_277.wav,a mbora ka nako yeo
SPCS/data/audio/011/011_Female_21_211.wav,di contributa go downfall ya
SPCS/data/audio/010/010_Male_22_65.wav,lenaneo la television
SPCS/data/audio/009/009_Female_26_22.wav,go feta eight million rand
SPCS/data/audio/003/003_Female_27_464.wav,kgoro ya tsheko ya mmasetrata
SPCS/data/audio/019/019_Male_23_343.wav,o nyaka thušo ya business
SPCS/data/audio/012/012_Female_20_602.wav,hwetša di address tša batho
SPCS/data/audio/011/011_Female_21_398.wav,maketše ge ba bona response
SPCS/data/audio/011/011_Female_21_27.wav,facer bjang girlfriend ya gagwe
SPCS/data/audio/005/005_Male_26_275.wav,red pepper e tee
SPCS/data/audio/012/012_Female_20_174.wav,holong ya masepala
SPCS/data/audio/015/015_Female_91_208.wav,ba di lori le bahlwekiši
SPCS/data/audio/004/004_Female_17_173.wav,go tla interview
SPCS/data/audio/015/015_Female_91_60.wav,le a re tracer naa
SPCS/data/audio/014/014_Male_25_19.wav,e nale plan ya gore
SPCS/data/audio/009/009_Female_26_211.wav,ke fishing
SPCS/data/audio/005/005_Male_26_482.wav,nyakago di tickets tša festival
SPCS/data/audio/020/020_Male_20_12.wav,ntšhitše di sprinter tše two
SPCS/data/audio/016/016_Female_21_601.wav,banna ba na le pressure
SPCS/data/audio/004/004_Female_17_547.wav,one twenty fela
SPCS/data/audio/015/015_Female_91_422.wav,tšeo di nalego information
SPCS/data/audio/004/004_Female_17_168.wav,a tlo dira shopping
SPCS/data/audio/009/009_Female_26_260.wav,kgoro ya tsheko ya mmasetrata
SPCS/data/audio/007/007_Male_23_546.wav,di bitšang gore ke infection
SPCS/data/audio/001/001_Female_23_399.wav,ba ile festivaleng
SPCS/data/audio/016/016_Female_21_78.wav,le go head of department
SPCS/data/audio/014/014_Male_25_88.wav,ke reality show ya television
SPCS/data/audio/001/001_Female_23_618.wav,uniform ya bana ya sekolo
SPCS/data/audio/001/001_Female_23_313.wav,dansa le gona ke sport
SPCS/data/audio/017/017_Male_22_174.wav,direga eng mo operation repo
SPCS/data/audio/009/009_Female_26_169.wav,of those days
SPCS/data/audio/015/015_Female_91_136.wav,baswa ba tšwile pateng
SPCS/data/audio/007/007_Male_23_240.wav,bitšwa University of the North
SPCS/data/audio/011/011_Female_21_224.wav,ekile ya ba di drama
SPCS/data/audio/003/003_Female_27_213.wav,ka dilo tša material
SPCS/data/audio/006/006_Male_23_540.wav,sona ka accounteng ya banka
SPCS/data/audio/015/015_Female_91_588.wav,o changile maphelo a bona
SPCS/data/audio/002/002_Male_24_565.wav,ya gore daddy wa lwala
SPCS/data/audio/007/007_Male_23_245.wav,fokotša koketšo ya di gas
SPCS/data/audio/007/007_Male_23_689.wav,training academay ya di arts
SPCS/data/audio/006/006_Male_23_597.wav,ka di photo tsa go
SPCS/data/audio/003/003_Female_27_440.wav,dollara go ya United Kingdom
SPCS/data/audio/016/016_Female_21_143.wav,taba ya di service standard
SPCS/data/audio/020/020_Male_20_462.wav,di results le se meetseng
SPCS/data/audio/001/001_Female_23_307.wav,o swara style
SPCS/data/audio/004/004_Female_17_7.wav,companying a tee
SPCS/data/audio/010/010_Male_22_186.wav,ka thulwa ke taxi
SPCS/data/audio/001/001_Female_23_239.wav,ba swere economy ya lefase
SPCS/data/audio/012/012_Female_20_197.wav,la national planning commission
SPCS/data/audio/016/016_Female_21_242.wav,di jersey le di tracksuit
SPCS/data/audio/018/018_Male_21_207.wav,ke salad yeo e loketšego
SPCS/data/audio/016/016_Female_21_381.wav,gammogo le quantum ye one
SPCS/data/audio/013/013_Male_27_323.wav,di bitšang gore ke infection
SPCS/data/audio/017/017_Male_22_6.wav,rapelelwa peace love and harmony
SPCS/data/audio/014/014_Male_25_375.wav,home affairs ba tla be
SPCS/data/audio/012/012_Female_20_455.wav,ke di bursary tše kae
SPCS/data/audio/006/006_Male_23_217.wav,projeke ya setšhaba
SPCS/data/audio/001/001_Female_23_116.wav,nyakago di tickets tša festival
SPCS/data/audio/006/006_Male_23_245.wav,go feta maatla a ranta
SPCS/data/audio/012/012_Female_20_390.wav,di ranta tša go feta
SPCS/data/audio/014/014_Male_25_251.wav,di principles tša batho pele
SPCS/data/audio/004/004_Female_17_162.wav,forty four thousand
SPCS/data/audio/013/013_Male_27_164.wav,learnership ye tsamaya tsamaya bjang
SPCS/data/audio/006/006_Male_23_173.wav,di company tša afrika borwa
SPCS/data/audio/001/001_Female_23_231.wav,wa porega bjang
SPCS/data/audio/018/018_Male_21_209.wav,o nyaka butternut e tee
SPCS/data/audio/012/012_Female_20_195.wav,ba grade twelve learners
SPCS/data/audio/015/015_Female_91_309.wav,steše sa go kala dikoloi
SPCS/data/audio/020/020_Male_20_433.wav,forty four thousand
SPCS/data/audio/018/018_Male_21_388.wav,mo kapteni wa sehlopa
SPCS/data/audio/018/018_Male_21_65.wav,ba phasa
SPCS/data/audio/003/003_Female_27_121.wav,be interested go construction fela
SPCS/data/audio/014/014_Male_25_481.wav,university of johannesburg
SPCS/data/audio/006/006_Male_23_458.wav,di wheelchair di tletše gohle
SPCS/data/audio/005/005_Male_26_438.wav,re e bone talente
SPCS/data/audio/020/020_Male_20_314.wav,goba yona art
SPCS/data/audio/008/008_Male_23_239.wav,diswantšho tša cctv
SPCS/data/audio/020/020_Male_20_250.wav,o ka re romela email
SPCS/data/audio/001/001_Female_23_423.wav,o drainwa mo sepetlele
SPCS/data/audio/012/012_Female_20_591.wav,ba changile di address
SPCS/data/audio/009/009_Female_26_299.wav,tšwela pele bjalo ka presidente
SPCS/data/audio/007/007_Male_23_12.wav,o ka re romela email
SPCS/data/audio/002/002_Male_24_350.wav,gammogo le quantum ye one
SPCS/data/audio/004/004_Female_17_599.wav,go buša order
SPCS/data/audio/006/006_Male_23_711.wav,basadi ba lokela pressure banneng
SPCS/data/audio/020/020_Male_20_108.wav,nna ke blockile mogwera
SPCS/data/audio/019/019_Male_23_157.wav,graduation ya ngwana wa gagwe
SPCS/data/audio/016/016_Female_21_407.wav,motšhene wa go hlahlela ka
SPCS/data/audio/015/015_Female_91_394.wav,peresente tše masome seswai hlano
SPCS/data/audio/017/017_Male_22_281.wav,ke sa judge motho
SPCS/data/audio/006/006_Male_23_136.wav,university of johannesburg
SPCS/data/audio/009/009_Female_26_71.wav,hundred and seventy thousand
SPCS/data/audio/010/010_Male_22_465.wav,nna ga ke coach
SPCS/data/audio/006/006_Male_23_603.wav,ranta kgahlanong le euro
SPCS/data/audio/003/003_Female_27_349.wav,province e tsamaiše
SPCS/data/audio/013/013_Male_27_97.wav,ga ba fetole my comments
SPCS/data/audio/005/005_Male_26_469.wav,wa non-automatic
SPCS/data/audio/007/007_Male_23_150.wav,kgona go isupporta
SPCS/data/audio/016/016_Female_21_213.wav,ke thomile ministry ke
SPCS/data/audio/013/013_Male_27_64.wav,baswa leading the right life
SPCS/data/audio/009/009_Female_26_417.wav,ke di temporary workers
SPCS/data/audio/007/007_Male_23_177.wav,bible e bolela bjalo
SPCS/data/audio/010/010_Male_22_124.wav,phone ya ka e be
SPCS/data/audio/020/020_Male_20_310.wav,hundred and seventy thousand
SPCS/data/audio/017/017_Male_22_288.wav,hwetša di address tša batho
SPCS/data/audio/012/012_Female_20_65.wav,hundred and fifty rand fela
SPCS/data/audio/004/004_Female_17_69.wav,go swerwe festival ya kakapa
SPCS/data/audio/005/005_Male_26_471.wav,o tlo tlotša polish
SPCS/data/audio/005/005_Male_26_169.wav,le di community radio stations
SPCS/data/audio/004/004_Female_17_511.wav,ba na le di disability
SPCS/data/audio/012/012_Female_20_592.wav,go šomišana le di stakeholders
SPCS/data/audio/003/003_Female_27_488.wav,colleges le di universities tša
SPCS/data/audio/005/005_Male_26_446.wav,le confusion ya di date
SPCS/data/audio/002/002_Male_24_756.wav,go leka go impressa basadi
SPCS/data/audio/002/002_Male_24_898.wav,taba ya di service standard
SPCS/data/audio/006/006_Male_23_631.wav,mabapi le di exhibition
SPCS/data/audio/019/019_Male_23_125.wav,go bolela le bona gore
SPCS/data/audio/007/007_Male_23_556.wav,ba re romele di form
SPCS/data/audio/002/002_Male_24_900.wav,ba grade twelve learners
SPCS/data/audio/003/003_Female_27_553.wav,sona ka accounteng ya banka
SPCS/data/audio/013/013_Male_27_420.wav,a beilego record e ntshwa
SPCS/data/audio/006/006_Male_23_724.wav,o nale account ya banka
SPCS/data/audio/015/015_Female_91_322.wav,goba di parkeng
SPCS/data/audio/006/006_Male_23_79.wav,ge a dulela go commenta
SPCS/data/audio/005/005_Male_26_236.wav,fifteen thousand runs
SPCS/data/audio/014/014_Male_25_49.wav,o auditione mo districting engwe
SPCS/data/audio/007/007_Male_23_273.wav,mošomo wa bankeng
SPCS/data/audio/018/018_Male_21_137.wav,festival ya kgoparara ya thobelaFM
SPCS/data/audio/015/015_Female_91_164.wav,wa di griller go fihlela
SPCS/data/audio/013/013_Male_27_130.wav,leina la banka
SPCS/data/audio/016/016_Female_21_141.wav,mmušo wa rena wa democracy
SPCS/data/audio/018/018_Male_21_351.wav,facer bjang girlfriend ya gagwe
SPCS/data/audio/011/011_Female_21_455.wav,di company tša afrika borwa
SPCS/data/audio/001/001_Female_23_222.wav,ba na le di disability
SPCS/data/audio/015/015_Female_91_468.wav,ka raloka polo
SPCS/data/audio/001/001_Female_23_45.wav,be interested go construction fela
SPCS/data/audio/006/006_Male_23_399.wav,o robile record
SPCS/data/audio/013/013_Male_27_223.wav,batho bale ba go repossesa
SPCS/data/audio/012/012_Female_20_410.wav,mantlo a fifteen thousand
SPCS/data/audio/014/014_Male_25_399.wav,o nyaka butternut e tee
SPCS/data/audio/020/020_Male_20_115.wav,a ka go tsebang personally
SPCS/data/audio/013/013_Male_27_318.wav,peresente tše masome seswai hlano
SPCS/data/audio/007/007_Male_23_241.wav,bohlaba bja toropo ya Pretoria
SPCS/data/audio/001/001_Female_23_129.wav,mehla ge o tlaleletša airtime
SPCS/data/audio/010/010_Male_22_350.wav,ba sepela ka group
SPCS/data/audio/002/002_Male_24_171.wav,fine ye kgolo kgolo
SPCS/data/audio/010/010_Male_22_659.wav,province yengwe le yengwe
SPCS/data/audio/018/018_Male_21_133.wav,ounce e tee ke
SPCS/data/audio/006/006_Male_23_422.wav,yellow pepper e tee
SPCS/data/audio/017/017_Male_22_69.wav,brithani
SPCS/data/audio/005/005_Male_26_82.wav,gona fa tournamenteng ye
SPCS/data/audio/016/016_Female_21_155.wav,go bolela le bona gore
SPCS/data/audio/002/002_Male_24_833.wav,le go head of department
SPCS/data/audio/015/015_Female_91_46.wav,tša melao ya di traffic
SPCS/data/audio/014/014_Male_25_323.wav,ounce e tee ke
SPCS/data/audio/006/006_Male_23_496.wav,o nyaka butternut e tee
SPCS/data/audio/010/010_Male_22_152.wav,ba na le di disability
SPCS/data/audio/010/010_Male_22_429.wav,ba suggesta gore rena re
SPCS/data/audio/005/005_Male_26_334.wav,ba di form1 form2
SPCS/data/audio/003/003_Female_27_247.wav,ka gare ga traffic circle
SPCS/data/audio/012/012_Female_20_403.wav,mabapi le di exhibition
SPCS/data/audio/005/005_Male_26_111.wav,phone ya ka e be
SPCS/data/audio/015/015_Female_91_115.wav,ka company ya engineering
SPCS/data/audio/002/002_Male_24_301.wav,dithuto tša gagwe tša optometry
SPCS/data/audio/005/005_Male_26_510.wav,go leka go impressa basadi
SPCS/data/audio/006/006_Male_23_923.wav,ke fishing
SPCS/data/audio/006/006_Male_23_930.wav,o mo top hundred
SPCS/data/audio/013/013_Male_27_500.wav,disturba o sa re wa
SPCS/data/audio/012/012_Female_20_295.wav,kgoro ya tsheko ya mmasetrata
SPCS/data/audio/009/009_Female_26_12.wav,o nale account ya banka
SPCS/data/audio/015/015_Female_91_350.wav,kgona go go rekela airtime
SPCS/data/audio/020/020_Male_20_247.wav,botša eng girlfriend ya ka
SPCS/data/audio/005/005_Male_26_245.wav,a tlo dira shopping
SPCS/data/audio/003/003_Female_27_345.wav,labohlano la di eighteen november
SPCS/data/audio/004/004_Female_17_427.wav,basadi ba nale pressure
SPCS/data/audio/018/018_Male_21_234.wav,ge a dulela go commenta
SPCS/data/audio/007/007_Male_23_405.wav,o auditione mo districting engwe
SPCS/data/audio/011/011_Female_21_252.wav,pressure ke e ntšhi ye
SPCS/data/audio/001/001_Female_23_182.wav,mokonstable wa maphodisa
SPCS/data/audio/011/011_Female_21_277.wav,apara di shades tša gago
SPCS/data/audio/005/005_Male_26_83.wav,gore a ka se afforde
SPCS/data/audio/015/015_Female_91_191.wav,tona ya kgwebo le indasteri
SPCS/data/audio/010/010_Male_22_563.wav,excellence awards
SPCS/data/audio/001/001_Female_23_22.wav,lane ya letsogo la goja
SPCS/data/audio/002/002_Male_24_790.wav,ka hwetša twenty percent discount
SPCS/data/audio/006/006_Male_23_1037.wav,a ka go tsebang personally
SPCS/data/audio/017/017_Male_22_308.wav,ke sepela ka sekuta
SPCS/data/audio/015/015_Female_91_546.wav,betha di pillar ka matlapa
SPCS/data/audio/017/017_Male_22_293.wav,ka twenty fifteen
SPCS/data/audio/004/004_Female_17_135.wav,set my record straight
SPCS/data/audio/016/016_Female_21_375.wav,nkreya le mo facebook page
SPCS/data/audio/018/018_Male_21_382.wav,dira kgopelo ya loan
SPCS/data/audio/005/005_Male_26_282.wav,recharga ka MTN easy
SPCS/data/audio/018/018_Male_21_53.wav,kgona go isupporta
SPCS/data/audio/003/003_Female_27_338.wav,o ya conferenceng
SPCS/data/audio/008/008_Male_23_243.wav,nkgahlilego kudu ke ya corruption
SPCS/data/audio/001/001_Female_23_78.wav,mec wa sports and culture
SPCS/data/audio/009/009_Female_26_95.wav,napile professor
SPCS/data/audio/007/007_Male_23_537.wav,motho wo a di applyelang
SPCS/data/audio/016/016_Female_21_161.wav,bible e bolela bjalo
SPCS/data/audio/006/006_Male_23_12.wav,re kwešiša condition ya bona
SPCS/data/audio/009/009_Female_26_59.wav,nkgahlilego kudu ke ya corruption
SPCS/data/audio/002/002_Male_24_224.wav,wa go ba seterateng
SPCS/data/audio/006/006_Male_23_998.wav,baswa leading the right life
SPCS/data/audio/019/019_Male_23_191.wav,dollara go ya United Kingdom
SPCS/data/audio/017/017_Male_22_280.wav,go swerwe festival ya kakapa
SPCS/data/audio/013/013_Male_27_387.wav,ba grade twelve learners
SPCS/data/audio/012/012_Female_20_125.wav,go accessa ditirelo tša rena
SPCS/data/audio/006/006_Male_23_989.wav,kgopelo ya bail
SPCS/data/audio/015/015_Female_91_592.wav,ba di form1 form2
SPCS/data/audio/006/006_Male_23_547.wav,mabapi le construction exhibition
SPCS/data/audio/013/013_Male_27_421.wav,forty four thousand
SPCS/data/audio/005/005_Male_26_278.wav,festival ya kgoparara ya thobelaFM
SPCS/data/audio/012/012_Female_20_15.wav,o romele tšhelete ya administration
SPCS/data/audio/019/019_Male_23_474.wav,o ithopela two thousand rand
SPCS/data/audio/003/003_Female_27_558.wav,ba di lori le bahlwekiši
SPCS/data/audio/006/006_Male_23_574.wav,training academy ya di art
SPCS/data/audio/013/013_Male_27_285.wav,kgona go ka ba corruptable
SPCS/data/audio/009/009_Female_26_180.wav,ge o ka ba adamant
SPCS/data/audio/011/011_Female_21_231.wav,batho ba di cellphone
SPCS/data/audio/003/003_Female_27_46.wav,ka se tlo confront motho
SPCS/data/audio/016/016_Female_21_504.wav,o ithopela two thousand rand
SPCS/data/audio/007/007_Male_23_93.wav,morutiši ka panga
SPCS/data/audio/005/005_Male_26_213.wav,all the colleges tša mo
SPCS/data/audio/017/017_Male_22_542.wav,di tlileng go tlo exhibita
SPCS/data/audio/008/008_Male_23_57.wav,a mbora ka nako yeo
SPCS/data/audio/017/017_Male_22_139.wav,go amana le di athletiki
SPCS/data/audio/002/002_Male_24_461.wav,go bolela le bona gore
SPCS/data/audio/020/020_Male_20_369.wav,one twenty fela
SPCS/data/audio/007/007_Male_23_72.wav,hundred and seventy thousand
SPCS/data/audio/003/003_Female_27_413.wav,eighteen minutes to four
SPCS/data/audio/006/006_Male_23_3.wav,nako ya bumper to bumper
SPCS/data/audio/013/013_Male_27_350.wav,di awareness campaign
SPCS/data/audio/002/002_Male_24_468.wav,ge motho a dira abortion
SPCS/data/audio/014/014_Male_25_113.wav,goba di parkeng
SPCS/data/audio/011/011_Female_21_412.wav,ba di bitšang di learnership
SPCS/data/audio/005/005_Male_26_153.wav,go šomišana le di stakeholders
SPCS/data/audio/010/010_Male_22_306.wav,pele o ka tlotša polish
SPCS/data/audio/018/018_Male_21_216.wav,o tlo ntšha plastic bag
SPCS/data/audio/010/010_Male_22_125.wav,e tšhaba tšhaba mo networkeng
SPCS/data/audio/020/020_Male_20_370.wav,bowa ka bus ya mathomo
SPCS/data/audio/010/010_Male_22_340.wav,baswa ba tšwile pateng
SPCS/data/audio/002/002_Male_24_176.wav,ntšhitše di sprinter tše two
SPCS/data/audio/016/016_Female_21_434.wav,o nthomela please call me
SPCS/data/audio/002/002_Male_24_587.wav,šomiša di million tse lekgolo
SPCS/data/audio/005/005_Male_26_33.wav,nyakago di tickets tša festival
SPCS/data/audio/017/017_Male_22_15.wav,o changile maphelo a bona
SPCS/data/audio/011/011_Female_21_207.wav,o swara style
SPCS/data/audio/011/011_Female_21_505.wav,a dira loan e tee
SPCS/data/audio/015/015_Female_91_131.wav,kgopelo ya bail
SPCS/data/audio/013/013_Male_27_158.wav,training academay ya di arts
SPCS/data/audio/015/015_Female_91_117.wav,re kwešiša condition ya bona
SPCS/data/audio/007/007_Male_23_348.wav,dithuto tša gagwe tša optometry
SPCS/data/audio/009/009_Female_26_160.wav,ba grade twelve learners
SPCS/data/audio/010/010_Male_22_383.wav,a ka go tsebang personally
SPCS/data/audio/010/010_Male_22_26.wav,of real gospel music
SPCS/data/audio/019/019_Male_23_418.wav,o hwetše code ya moswananoši
SPCS/data/audio/018/018_Male_21_179.wav,jealous ke bolwetši
SPCS/data/audio/007/007_Male_23_526.wav,go bopa furnitura
SPCS/data/audio/018/018_Male_21_291.wav,university of johannesburg
SPCS/data/audio/002/002_Male_24_751.wav,o ka re romela email
SPCS/data/audio/012/012_Female_20_116.wav,di municipality tša rena
SPCS/data/audio/007/007_Male_23_646.wav,tona ya kgwebo le indasteri
SPCS/data/audio/018/018_Male_21_68.wav,angle ka moka ga tšona
SPCS/data/audio/002/002_Male_24_377.wav,bobedi ke wola wa semi-automatic
SPCS/data/audio/003/003_Female_27_361.wav,di principles tša batho pele
SPCS/data/audio/010/010_Male_22_256.wav,raloka televišeneng
SPCS/data/audio/006/006_Male_23_127.wav,tše ka moka tša art
SPCS/data/audio/004/004_Female_17_506.wav,di ofisi tša rena magaeng
SPCS/data/audio/012/012_Female_20_494.wav,basadi ba nale pressure
SPCS/data/audio/014/014_Male_25_5.wav,exhibition e ebile ka mokgo
SPCS/data/audio/010/010_Male_22_25.wav,pele a eya di awardeng
SPCS/data/audio/018/018_Male_21_41.wav,mo historing ya rena
SPCS/data/audio/006/006_Male_23_164.wav,ke di temporary workers
SPCS/data/audio/018/018_Male_21_8.wav,lokiša hundred and twenty rand
SPCS/data/audio/003/003_Female_27_379.wav,gopola gore facebook ya rena
SPCS/data/audio/002/002_Male_24_118.wav,angle ka moka ga tšona
SPCS/data/audio/011/011_Female_21_45.wav,go leka go impressa basadi
SPCS/data/audio/015/015_Female_91_336.wav,e le tša gauta
SPCS/data/audio/003/003_Female_27_341.wav,mo historing ya rena
SPCS/data/audio/009/009_Female_26_388.wav,o nyaka thušo ya business
SPCS/data/audio/004/004_Female_17_163.wav,hundred kilometer ka awara
SPCS/data/audio/004/004_Female_17_276.wav,wa nyaka spinach
SPCS/data/audio/007/007_Male_23_548.wav,ga ba ba lucky
SPCS/data/audio/010/010_Male_22_136.wav,le di track suit
SPCS/data/audio/004/004_Female_17_207.wav,bitšwa University of the North
SPCS/data/audio/015/015_Female_91_509.wav,le a re tracer naa
SPCS/data/audio/007/007_Male_23_668.wav,okay ke a leboga
SPCS/data/audio/005/005_Male_26_115.wav,o ithopela two thousand rand
SPCS/data/audio/007/007_Male_23_163.wav,la national planning commission
SPCS/data/audio/009/009_Female_26_16.wav,go leka go impressa basadi
SPCS/data/audio/004/004_Female_17_89.wav,account ya kua bankeng
SPCS/data/audio/001/001_Female_23_18.wav,brithani
SPCS/data/audio/001/001_Female_23_283.wav,go ya united kingdom
SPCS/data/audio/005/005_Male_26_165.wav,ba ba golang kua bankeng
SPCS/data/audio/001/001_Female_23_332.wav,ka landline
SPCS/data/audio/014/014_Male_25_454.wav,exhibition e ebile ka mokgo
SPCS/data/audio/011/011_Female_21_50.wav,tsamaišana le body ya gage
SPCS/data/audio/007/007_Male_23_377.wav,ke nale shopo ya ka
SPCS/data/audio/015/015_Female_91_539.wav,dollara go ya United Kingdom
SPCS/data/audio/007/007_Male_23_33.wav,bowa gae ka di medal
SPCS/data/audio/013/013_Male_27_165.wav,university of johannesburg
SPCS/data/audio/006/006_Male_23_137.wav,o nyaka thušo ya business
SPCS/data/audio/007/007_Male_23_467.wav,banna ba na le pressure
SPCS/data/audio/006/006_Male_23_380.wav,ba mo knockile
SPCS/data/audio/002/002_Male_24_876.wav,e lego planete
SPCS/data/audio/012/012_Female_20_542.wav,kgona go ka ba corruptable
SPCS/data/audio/016/016_Female_21_491.wav,go na le category enngwe
SPCS/data/audio/020/020_Male_20_350.wav,ba swere economy ya lefase
SPCS/data/audio/010/010_Male_22_532.wav,ka dikgwedi tše twelve
SPCS/data/audio/008/008_Male_23_331.wav,eighteen years
SPCS/data/audio/010/010_Male_22_44.wav,la tharo december twenty eleven
SPCS/data/audio/014/014_Male_25_459.wav,re beakantše ya agriculture
SPCS/data/audio/005/005_Male_26_6.wav,go feta two hundred thousand
SPCS/data/audio/018/018_Male_21_491.wav,taba tše tša histori
SPCS/data/audio/006/006_Male_23_1047.wav,khomišene ya bo setšhaba ya
SPCS/data/audio/013/013_Male_27_124.wav,ke mang fiance ya gago
SPCS/data/audio/016/016_Female_21_536.wav,ke sa judge motho
SPCS/data/audio/006/006_Male_23_1060.wav,ditaba tša dipapadi tša swimming
SPCS/data/audio/013/013_Male_27_436.wav,eighteen minutes to four
SPCS/data/audio/008/008_Male_23_190.wav,steše sa go kala dikoloi
SPCS/data/audio/020/020_Male_20_415.wav,bible e bolela bjalo
SPCS/data/audio/010/010_Male_22_122.wav,the best you can do
SPCS/data/audio/014/014_Male_25_101.wav,lenaneo la television
SPCS/data/audio/013/013_Male_27_417.wav,hundred and seven for two
SPCS/data/audio/012/012_Female_20_239.wav,ka landline
SPCS/data/audio/020/020_Male_20_72.wav,baswa ba tšwile pateng
SPCS/data/audio/019/019_Male_23_333.wav,tše ka moka tša art
SPCS/data/audio/001/001_Female_23_117.wav,re leba ka studio six
SPCS/data/audio/009/009_Female_26_272.wav,mošomo wa bankeng
SPCS/data/audio/010/010_Male_22_602.wav,of those days
SPCS/data/audio/019/019_Male_23_177.wav,ntšhitše di sprinter tše two
SPCS/data/audio/002/002_Male_24_534.wav,betha di pillar ka matlapa
SPCS/data/audio/016/016_Female_21_449.wav,basadi ba nale yona pressure
SPCS/data/audio/010/010_Male_22_665.wav,verse seventeen
SPCS/data/audio/010/010_Male_22_95.wav,gona fa tournamenteng ye
SPCS/data/audio/010/010_Male_22_106.wav,cellphone ya gago fela
SPCS/data/audio/013/013_Male_27_361.wav,o ya conferenceng
SPCS/data/audio/008/008_Male_23_170.wav,la tharo december twenty eleven
SPCS/data/audio/016/016_Female_21_13.wav,a dira loan e tee
SPCS/data/audio/011/011_Female_21_384.wav,mabapi le construction exhibition
SPCS/data/audio/007/007_Male_23_330.wav,le di posts tša ka
SPCS/data/audio/018/018_Male_21_105.wav,gagwe o be a graduata
SPCS/data/audio/019/019_Male_23_365.wav,go feta two hundred thousand
SPCS/data/audio/016/016_Female_21_294.wav,wa nyaka salad dressing
SPCS/data/audio/008/008_Male_23_118.wav,training academy ya di art
SPCS/data/audio/019/019_Male_23_306.wav,account ya yona e ka
SPCS/data/audio/015/015_Female_91_490.wav,team ya gagwe ya go
SPCS/data/audio/012/012_Female_20_294.wav,ba go nyaka di kontraka
SPCS/data/audio/010/010_Male_22_61.wav,barutiši ba sekolo sa primary
SPCS/data/audio/005/005_Male_26_192.wav,eighteen years
SPCS/data/audio/014/014_Male_25_382.wav,ke ngwana o mo sharp
SPCS/data/audio/016/016_Female_21_471.wav,gona fa tournamenteng ye
SPCS/data/audio/019/019_Male_23_226.wav,ba ile festivaleng
SPCS/data/audio/001/001_Female_23_77.wav,ka di six tša december
SPCS/data/audio/002/002_Male_24_857.wav,ke a ratang a bibele
SPCS/data/audio/005/005_Male_26_196.wav,filimi tša metsotso ye masomepedi
SPCS/data/audio/004/004_Female_17_439.wav,go feta eight million rand
SPCS/data/audio/019/019_Male_23_371.wav,of real gospel music
SPCS/data/audio/002/002_Male_24_666.wav,mantlo a fifteen thousand
SPCS/data/audio/015/015_Female_91_110.wav,go roaster nama ya nku
SPCS/data/audio/012/012_Female_20_425.wav,nkreya le mo facebook page
SPCS/data/audio/015/015_Female_91_265.wav,ticket ke gona e sepela
SPCS/data/audio/006/006_Male_23_264.wav,o ithopela two thousand rand
SPCS/data/audio/011/011_Female_21_295.wav,di wheelchair di tletše gohle
SPCS/data/audio/010/010_Male_22_610.wav,ge motho a dira abortion
SPCS/data/audio/020/020_Male_20_129.wav,brithani
SPCS/data/audio/006/006_Male_23_924.wav,gore di form tše re
SPCS/data/audio/017/017_Male_22_437.wav,bakgopedi ba di tendera
SPCS/data/audio/020/020_Male_20_30.wav,bohlaba bja toropo ya Pretoria
SPCS/data/audio/006/006_Male_23_126.wav,ya go rekiša jewellery
SPCS/data/audio/006/006_Male_23_941.wav,ounce e tee ke
SPCS/data/audio/010/010_Male_22_578.wav,hundred and seventy thousand
SPCS/data/audio/002/002_Male_24_168.wav,komišene yeo e hlomilwego
SPCS/data/audio/003/003_Female_27_490.wav,baswa leading the right life
SPCS/data/audio/020/020_Male_20_489.wav,lane e tee e tšwaletše
SPCS/data/audio/006/006_Male_23_604.wav,mošomo wa psychometric
SPCS/data/audio/014/014_Male_25_442.wav,ba go hwetša degree ye
SPCS/data/audio/001/001_Female_23_329.wav,gagwe o be a graduata
SPCS/data/audio/001/001_Female_23_345.wav,fine ye kgolo kgolo
SPCS/data/audio/006/006_Male_23_421.wav,red pepper e tee
SPCS/data/audio/013/013_Male_27_225.wav,facer bjang girlfriend ya gagwe
SPCS/data/audio/007/007_Male_23_239.wav,go lokišwa tsela ko Nigel
SPCS/data/audio/002/002_Male_24_674.wav,training academy ya di art
SPCS/data/audio/017/017_Male_22_327.wav,motho a applyele mphiwafela
SPCS/data/audio/017/017_Male_22_85.wav,di ranta tša go feta
SPCS/data/audio/015/015_Female_91_20.wav,some how ka mogau
SPCS/data/audio/005/005_Male_26_294.wav,apara di shades tša gago
SPCS/data/audio/006/006_Male_23_897.wav,dansa le gona ke sport
SPCS/data/audio/006/006_Male_23_949.wav,recharga ka MTN easy
SPCS/data/audio/007/007_Male_23_408.wav,nna ga ke coach
SPCS/data/audio/002/002_Male_24_380.wav,o tlo tlotša polish
SPCS/data/audio/013/013_Male_27_373.wav,ke yona disability
SPCS/data/audio/017/017_Male_22_456.wav,kgopelo ya bail
SPCS/data/audio/015/015_Female_91_323.wav,ikaparetše dilo tše di simple
SPCS/data/audio/013/013_Male_27_468.wav,ditaba ka Standford Matlou
SPCS/data/audio/006/006_Male_23_871.wav,a ba fa citizen report
SPCS/data/audio/008/008_Male_23_287.wav,wa porega bjang
SPCS/data/audio/014/014_Male_25_264.wav,go bolela le bona gore
SPCS/data/audio/007/007_Male_23_316.wav,updata status ga ba commente
SPCS/data/audio/020/020_Male_20_391.wav,industeri ya di filimi ka
SPCS/data/audio/020/020_Male_20_458.wav,hweditse di report tse botse
SPCS/data/audio/006/006_Male_23_995.wav,especially young people
SPCS/data/audio/011/011_Female_21_268.wav,bohlaba bja toropo ya Pretoria
SPCS/data/audio/006/006_Male_23_1015.wav,ke salad yeo e loketšego
SPCS/data/audio/006/006_Male_23_174.wav,a mo hlasela ka panga
SPCS/data/audio/011/011_Female_21_113.wav,gore motho a qualifaele
SPCS/data/audio/002/002_Male_24_172.wav,o mo top hundred
SPCS/data/audio/006/006_Male_23_702.wav,ranta e wele
SPCS/data/audio/003/003_Female_27_89.wav,ka di photo tsa go
SPCS/data/audio/009/009_Female_26_274.wav,ya gore daddy wa lwala
SPCS/data/audio/020/020_Male_20_461.wav,ntšhitše di sprinter tše two
SPCS/data/audio/006/006_Male_23_530.wav,brithani
SPCS/data/audio/015/015_Female_91_303.wav,o nthomela please call me
SPCS/data/audio/016/016_Female_21_476.wav,o sa le a stuckile
SPCS/data/audio/013/013_Male_27_107.wav,le di posts tša ka
SPCS/data/audio/016/016_Female_21_370.wav,tsamaya nako ya two years
SPCS/data/audio/006/006_Male_23_47.wav,ge a ka dira appeal
SPCS/data/audio/011/011_Female_21_102.wav,yona rehabilitation
SPCS/data/audio/006/006_Male_23_892.wav,ge o ka ba adamant
SPCS/data/audio/012/012_Female_20_537.wav,magistrata wa tikologo gosasa
SPCS/data/audio/013/013_Male_27_109.wav,e le go mo blocka
SPCS/data/audio/002/002_Male_24_606.wav,updata status ga ba commente
SPCS/data/audio/006/006_Male_23_371.wav,a sa tsebe di outcome
SPCS/data/audio/020/020_Male_20_46.wav,go roaster nama ya nku
SPCS/data/audio/015/015_Female_91_580.wav,kgopelo ya bail
SPCS/data/audio/003/003_Female_27_513.wav,wa nyaka salad dressing
SPCS/data/audio/016/016_Female_21_440.wav,steše sa go kala dikoloi
SPCS/data/audio/012/012_Female_20_373.wav,ranta kgahlanong le ponto ya
SPCS/data/audio/014/014_Male_25_443.wav,sona ka accounteng ya banka
SPCS/data/audio/011/011_Female_21_215.wav,team ya gagwe ya go
SPCS/data/audio/001/001_Female_23_422.wav,ba hlwela television
SPCS/data/audio/016/016_Female_21_129.wav,e be agency fela
SPCS/data/audio/001/001_Female_23_75.wav,gammogo le quantum ye one
SPCS/data/audio/017/017_Male_22_118.wav,o nyaka thušo ya business
SPCS/data/audio/018/018_Male_21_355.wav,kare ke fashion ye nngwe
SPCS/data/audio/001/001_Female_23_318.wav,hundred and seven for two
SPCS/data/audio/007/007_Male_23_601.wav,ba sepela ka group
SPCS/data/audio/009/009_Female_26_502.wav,magistrata wa tikologo gosasa
SPCS/data/audio/004/004_Female_17_467.wav,ka hwetša twenty percent discount
SPCS/data/audio/004/004_Female_17_381.wav,konsarata tša mmino
SPCS/data/audio/006/006_Male_23_330.wav,mo historing ya rena
SPCS/data/audio/020/020_Male_20_50.wav,kgoro ya tsheko ya mmasetrata
SPCS/data/audio/007/007_Male_23_550.wav,go kreya di opportunities
SPCS/data/audio/007/007_Male_23_211.wav,di exhibitors di tlile
SPCS/data/audio/006/006_Male_23_208.wav,o hwetše code ya moswananoši
SPCS/data/audio/002/002_Male_24_684.wav,re e bone talente
SPCS/data/audio/004/004_Female_17_606.wav,di tlileng go tlo exhibita
SPCS/data/audio/015/015_Female_91_130.wav,rapelelwa peace love and harmony
SPCS/data/audio/015/015_Female_91_220.wav,be interested go construction fela
SPCS/data/audio/015/015_Female_91_314.wav,o ka re romela email
SPCS/data/audio/005/005_Male_26_333.wav,ke ngwana o mo sharp
SPCS/data/audio/007/007_Male_23_795.wav,bathopa difoka tša di bursary
SPCS/data/audio/004/004_Female_17_433.wav,go leka go impressa basadi
SPCS/data/audio/009/009_Female_26_262.wav,o nale disability
SPCS/data/audio/005/005_Male_26_448.wav,wa kgona go auditiona mo
SPCS/data/audio/006/006_Male_23_512.wav,motho o a mo blocka
SPCS/data/audio/013/013_Male_27_48.wav,wa go ba seterateng
SPCS/data/audio/018/018_Male_21_173.wav,ka morago ga twelve months
SPCS/data/audio/014/014_Male_25_310.wav,le le recodilwego
SPCS/data/audio/008/008_Male_23_178.wav,ke reality show ya television
SPCS/data/audio/005/005_Male_26_273.wav,ke thomile ministry ke
SPCS/data/audio/014/014_Male_25_288.wav,forty four thousand
SPCS/data/audio/004/004_Female_17_60.wav,morutiši ka panga
SPCS/data/audio/008/008_Male_23_393.wav,eighteen minutes to four
SPCS/data/audio/017/017_Male_22_63.wav,nako e ngwe o ntheka
SPCS/data/audio/006/006_Male_23_585.wav,tšeo di transportilego batho
SPCS/data/audio/006/006_Male_23_348.wav,go ya united kingdom
SPCS/data/audio/008/008_Male_23_277.wav,le go head of department
SPCS/data/audio/001/001_Female_23_203.wav,goba yona art
SPCS/data/audio/016/016_Female_21_435.wav,mehla ge o tlaleletša airtime
SPCS/data/audio/013/013_Male_27_480.wav,traffic lights ga di šome
SPCS/data/audio/008/008_Male_23_56.wav,motho o a mo blocka
SPCS/data/audio/013/013_Male_27_115.wav,tona ya kgwebo le indasteri
SPCS/data/audio/003/003_Female_27_444.wav,bohlaba bja toropo ya Pretoria
SPCS/data/audio/007/007_Male_23_61.wav,a bolailwego ka panga
SPCS/data/audio/007/007_Male_23_224.wav,di results le se meetseng
SPCS/data/audio/015/015_Female_91_449.wav,ke yona disability
SPCS/data/audio/004/004_Female_17_536.wav,tšeo di nalego information
SPCS/data/audio/008/008_Male_23_63.wav,ke a blocka ge motho
SPCS/data/audio/014/014_Male_25_448.wav,ba di lori le bahlwekiši
SPCS/data/audio/002/002_Male_24_6.wav,pele ga komiti ya palamente
SPCS/data/audio/006/006_Male_23_879.wav,set my record straight
SPCS/data/audio/006/006_Male_23_85.wav,go tsena tsena ga dipolotiki
SPCS/data/audio/010/010_Male_22_33.wav,wa non-automatic
SPCS/data/audio/011/011_Female_21_414.wav,learnership ye tsamaya tsamaya bjang
SPCS/data/audio/002/002_Male_24_590.wav,tšwela pele bjalo ka presidente
SPCS/data/audio/008/008_Male_23_241.wav,go na le category enngwe
SPCS/data/audio/011/011_Female_21_428.wav,di results la mathomo ba
SPCS/data/audio/007/007_Male_23_652.wav,lane ya letsogo la goja
SPCS/data/audio/004/004_Female_17_490.wav,yona rehabilitation
SPCS/data/audio/013/013_Male_27_24.wav,bathopa difoka tša di bursary
SPCS/data/audio/007/007_Male_23_462.wav,o nale account ya banka
SPCS/data/audio/016/016_Female_21_212.wav,hweditše di report tše botse
SPCS/data/audio/010/010_Male_22_191.wav,ke lekola file ya gago
SPCS/data/audio/001/001_Female_23_506.wav,tše ka moka tša art
SPCS/data/audio/006/006_Male_23_375.wav,di contributa go downfall ya
SPCS/data/audio/006/006_Male_23_337.wav,e be agency fela
SPCS/data/audio/012/012_Female_20_178.wav,re ka ba le agency
SPCS/data/audio/006/006_Male_23_969.wav,di jersey le di tracksuit
SPCS/data/audio/001/001_Female_23_83.wav,o auditione mo districting engwe
SPCS/data/audio/019/019_Male_23_404.wav,o nthomela please call me
SPCS/data/audio/001/001_Female_23_312.wav,dinatla tša mmino wa gospel
SPCS/data/audio/007/007_Male_23_476.wav,ka january a ka emiša
SPCS/data/audio/005/005_Male_26_361.wav,updata nna ke a commenta
SPCS/data/audio/019/019_Male_23_411.wav,lenaneo la television
SPCS/data/audio/020/020_Male_20_332.wav,le go head of department
SPCS/data/audio/011/011_Female_21_493.wav,go leka go impressa basadi
SPCS/data/audio/003/003_Female_27_277.wav,yona rehabilitation
SPCS/data/audio/013/013_Male_27_300.wav,yona rehabilitation
SPCS/data/audio/004/004_Female_17_101.wav,ke lekola file ya gago
SPCS/data/audio/011/011_Female_21_310.wav,baswa ba tšwile pateng
SPCS/data/audio/002/002_Male_24_481.wav,hundred and seven for two
SPCS/data/audio/012/012_Female_20_313.wav,bomenetša bja di tendera
SPCS/data/audio/007/007_Male_23_300.wav,tšwela pele bjalo ka presidente
SPCS/data/audio/006/006_Male_23_229.wav,mo kapteni wa sehlopa
SPCS/data/audio/015/015_Female_91_291.wav,nyakago di tickets tša festival
SPCS/data/audio/006/006_Male_23_317.wav,le di community radio stations
SPCS/data/audio/016/016_Female_21_174.wav,papadi e le ya crickete
SPCS/data/audio/007/007_Male_23_270.wav,ka morago ga twelve months
SPCS/data/audio/006/006_Male_23_453.wav,o nale disability
SPCS/data/audio/006/006_Male_23_1070.wav,a tšea di crate
SPCS/data/audio/005/005_Male_26_68.wav,projeke ya setšhaba
SPCS/data/audio/013/013_Male_27_446.wav,hweditse di report tse botse
SPCS/data/audio/014/014_Male_25_132.wav,gore a ka se afforde
SPCS/data/audio/010/010_Male_22_252.wav,forty four thousand
SPCS/data/audio/001/001_Female_23_424.wav,šomiša di million tse lekgolo
SPCS/data/audio/017/017_Male_22_526.wav,dithuto tša gagwe tša optometry
SPCS/data/audio/016/016_Female_21_444.wav,basadi ba nale pressure
SPCS/data/audio/005/005_Male_26_239.wav,forty four thousand
SPCS/data/audio/007/007_Male_23_119.wav,wa leloko la board
SPCS/data/audio/007/007_Male_23_487.wav,gona fa tournamenteng ye
SPCS/data/audio/001/001_Female_23_346.wav,o mo top hundred
SPCS/data/audio/006/006_Male_23_573.wav,e nyenyefatše gore di portrait
SPCS/data/audio/002/002_Male_24_200.wav,bathopa difoka tša di bursary
SPCS/data/audio/006/006_Male_23_612.wav,sona ka accounteng ya banka
SPCS/data/audio/017/017_Male_22_160.wav,ge o dira follow up
SPCS/data/audio/019/019_Male_23_225.wav,wa go ba seterateng
SPCS/data/audio/009/009_Female_26_91.wav,peresente tše masome seswai hlano
SPCS/data/audio/006/006_Male_23_721.wav,ka dilo tša material
SPCS/data/audio/015/015_Female_91_522.wav,hweditse di report tse botse
SPCS/data/audio/009/009_Female_26_301.wav,bao ba etetšego flat
SPCS/data/audio/019/019_Male_23_320.wav,re beakantše ya agriculture
SPCS/data/audio/002/002_Male_24_783.wav,ka gare ga traffic circle
SPCS/data/audio/001/001_Female_23_453.wav,a ka go tsebang personally
SPCS/data/audio/017/017_Male_22_92.wav,attendance e thomile e le
SPCS/data/audio/002/002_Male_24_656.wav,re beakantše ya agriculture
SPCS/data/audio/004/004_Female_17_498.wav,di municipality tša rena
SPCS/data/audio/006/006_Male_23_59.wav,wa di griller go fihlela
SPCS/data/audio/008/008_Male_23_295.wav,ba swere economy ya lefase
SPCS/data/audio/007/007_Male_23_385.wav,ba di bitšang di learnership
SPCS/data/audio/007/007_Male_23_210.wav,eighteen minutes to four
SPCS/data/audio/009/009_Female_26_278.wav,bomenetša bja di tendera
SPCS/data/audio/008/008_Male_23_302.wav,wa leloko la board
SPCS/data/audio/009/009_Female_26_329.wav,le di posts tša ka
SPCS/data/audio/013/013_Male_27_55.wav,kgopelo ya bail
SPCS/data/audio/013/013_Male_27_43.wav,the head of department
SPCS/data/audio/006/006_Male_23_465.wav,ya gore daddy wa lwala
SPCS/data/audio/005/005_Male_26_148.wav,wa porega bjang
SPCS/data/audio/004/004_Female_17_431.wav,o hwetše code ya moswananoši
SPCS/data/audio/015/015_Female_91_597.wav,ba hlwela television
SPCS/data/audio/008/008_Male_23_451.wav,di wheelchair di tletše gohle
SPCS/data/audio/009/009_Female_26_350.wav,banka ya gona
SPCS/data/audio/011/011_Female_21_124.wav,napile professor
SPCS/data/audio/016/016_Female_21_510.wav,go bopa furnitura
SPCS/data/audio/013/013_Male_27_15.wav,recharga ka MTN easy
SPCS/data/audio/003/003_Female_27_137.wav,e nyenyefatše gore di portrait
SPCS/data/audio/020/020_Male_20_424.wav,dansa le gona ke sport
SPCS/data/audio/006/006_Male_23_671.wav,ebile ga se wena coach
SPCS/data/audio/017/017_Male_22_372.wav,a beilego record e ntshwa
SPCS/data/audio/009/009_Female_26_246.wav,bathopa difoka tša di bursary
SPCS/data/audio/019/019_Male_23_240.wav,o changile maphelo a bona
SPCS/data/audio/004/004_Female_17_614.wav,ba suggesta gore rena re
SPCS/data/audio/003/003_Female_27_317.wav,wo ka di nine
SPCS/data/audio/015/015_Female_91_501.wav,raloka televišeneng
SPCS/data/audio/004/004_Female_17_92.wav,le di community radio stations
SPCS/data/audio/009/009_Female_26_125.wav,shopping center tše di kgolwane
SPCS/data/audio/014/014_Male_25_396.wav,gona ka mo stadium sa
SPCS/data/audio/018/018_Male_21_196.wav,ba sepela ka group
SPCS/data/audio/003/003_Female_27_210.wav,steše sa go kala dikoloi
SPCS/data/audio/002/002_Male_24_906.wav,some how ka mogau
SPCS/data/audio/006/006_Male_23_222.wav,a dira loan e tee
SPCS/data/audio/004/004_Female_17_362.wav,tšeo di transportilego batho
SPCS/data/audio/008/008_Male_23_53.wav,nna ke blockile mogwera
SPCS/data/audio/006/006_Male_23_629.wav,be interested go construction fela
SPCS/data/audio/011/011_Female_21_171.wav,re ka ba le agency
SPCS/data/audio/017/017_Male_22_214.wav,mo kapteni wa sehlopa
SPCS/data/audio/008/008_Male_23_129.wav,tšeo di transportilego batho
SPCS/data/audio/003/003_Female_27_542.wav,ranta kgahlanong le ponto ya
SPCS/data/audio/016/016_Female_21_523.wav,di ofisi tša rena magaeng
SPCS/data/audio/001/001_Female_23_326.wav,raloka televišeneng
SPCS/data/audio/018/018_Male_21_147.wav,betha di pillar ka matlapa
SPCS/data/audio/010/010_Male_22_572.wav,lamb or nku
SPCS/data/audio/015/015_Female_91_296.wav,ya jewa two one
SPCS/data/audio/019/019_Male_23_477.wav,yona rehabilitation
SPCS/data/audio/014/014_Male_25_471.wav,ya go rekiša jewellery
SPCS/data/audio/001/001_Female_23_1.wav,a mbora ka nako yeo
SPCS/data/audio/016/016_Female_21_70.wav,fapana a di social grants
SPCS/data/audio/003/003_Female_27_310.wav,ba re romele di form
SPCS/data/audio/019/019_Male_23_309.wav,ba di lori le bahlwekiši
SPCS/data/audio/009/009_Female_26_19.wav,goba di parkeng
SPCS/data/audio/015/015_Female_91_517.wav,komišene yeo e hlomilwego
SPCS/data/audio/016/016_Female_21_561.wav,ge go nyakega copy
SPCS/data/audio/001/001_Female_23_469.wav,mošomo wa psychometric
SPCS/data/audio/002/002_Male_24_653.wav,attendance e thomile e le
SPCS/data/audio/011/011_Female_21_476.wav,basadi ba lokela pressure banneng
SPCS/data/audio/014/014_Male_25_497.wav,wa kgona go auditiona mo
SPCS/data/audio/011/011_Female_21_408.wav,training academay ya di arts
SPCS/data/audio/016/016_Female_21_228.wav,betha di pillar ka matlapa
SPCS/data/audio/018/018_Male_21_188.wav,colleges le di universities tša
SPCS/data/audio/007/007_Male_23_189.wav,ba mo knockile
SPCS/data/audio/010/010_Male_22_388.wav,ge a dulela go commenta
SPCS/data/audio/001/001_Female_23_149.wav,tsamaišana le body ya gage
SPCS/data/audio/004/004_Female_17_211.wav,betha di pillar ka matlapa
SPCS/data/audio/006/006_Male_23_891.wav,o swara style
SPCS/data/audio/011/011_Female_21_466.wav,re leba ka studio six
SPCS/data/audio/018/018_Male_21_57.wav,e na le barcode
SPCS/data/audio/007/007_Male_23_480.wav,hundred and fifty rand fela
SPCS/data/audio/006/006_Male_23_116.wav,bangwe ba kgona tša tourism
SPCS/data/audio/009/009_Female_26_494.wav,motsotso wo wa go šaena
SPCS/data/audio/019/019_Male_23_122.wav,set my record straight
SPCS/data/audio/006/006_Male_23_241.wav,kgona go go rekela airtime
SPCS/data/audio/006/006_Male_23_801.wav,di ofisi tša rena magaeng
SPCS/data/audio/013/013_Male_27_512.wav,o changile maphelo a bona
SPCS/data/audio/002/002_Male_24_778.wav,gore a ka se afforde
SPCS/data/audio/014/014_Male_25_261.wav,set my record straight
SPCS/data/audio/012/012_Female_20_135.wav,go kreya di opportunities
SPCS/data/audio/010/010_Male_22_134.wav,go bopa furnitura
SPCS/data/audio/007/007_Male_23_284.wav,especially young people
SPCS/data/audio/007/007_Male_23_332.wav,e le go mo blocka
SPCS/data/audio/018/018_Male_21_340.wav,ge e sena barcode
SPCS/data/audio/009/009_Female_26_509.wav,a bolailwego ka panga
SPCS/data/audio/008/008_Male_23_292.wav,go šomišana le di stakeholders
SPCS/data/audio/007/007_Male_23_298.wav,presidente ya league ya baswa
SPCS/data/audio/007/007_Male_23_509.wav,nkgahlilego kudu ke ya corruption
SPCS/data/audio/013/013_Male_27_342.wav,wa two thousand and nine
SPCS/data/audio/011/011_Female_21_176.wav,motho a applyele mphiwafela
SPCS/data/audio/009/009_Female_26_2.wav,kare ke fashion ye nngwe
SPCS/data/audio/018/018_Male_21_259.wav,di ranta tša go feta
SPCS/data/audio/011/011_Female_21_409.wav,e nyenyefatše gore jewellery
SPCS/data/audio/015/015_Female_91_430.wav,ge go nyakega copy
SPCS/data/audio/004/004_Female_17_189.wav,university of technology
SPCS/data/audio/012/012_Female_20_40.wav,wa mohuta wa tic
SPCS/data/audio/020/020_Male_20_282.wav,ka gare ga traffic circle
SPCS/data/audio/019/019_Male_23_131.wav,bible e bolela bjalo
SPCS/data/audio/002/002_Male_24_491.wav,a tlo dira shopping
SPCS/data/audio/009/009_Female_26_248.wav,pele o ka tlotša polish
SPCS/data/audio/004/004_Female_17_583.wav,some how ka mogau
SPCS/data/audio/009/009_Female_26_231.wav,yellow pepper e tee
SPCS/data/audio/013/013_Male_27_122.wav,di robot ga di šome
SPCS/data/audio/001/001_Female_23_186.wav,kgona go ka ba corruptable
SPCS/data/audio/002/002_Male_24_152.wav,raloka televišeneng
SPCS/data/audio/014/014_Male_25_325.wav,yellow pepper e tee
SPCS/data/audio/007/007_Male_23_783.wav,ka dikgwedi tše twelve
SPCS/data/audio/017/017_Male_22_318.wav,holong ya masepala
SPCS/data/audio/009/009_Female_26_228.wav,ke thomile ministry ke
SPCS/data/audio/009/009_Female_26_316.wav,updata nna ke a commenta
SPCS/data/audio/014/014_Male_25_155.wav,komišene ya bosetšhaba
SPCS/data/audio/002/002_Male_24_767.wav,uniform ya bana ya sekolo
SPCS/data/audio/012/012_Female_20_352.wav,nna ke blockile morago ga
SPCS/data/audio/006/006_Male_23_861.wav,kgona go isupporta
SPCS/data/audio/004/004_Female_17_331.wav,di tlileng go tlo exhibita
SPCS/data/audio/014/014_Male_25_238.wav,e be agency fela
SPCS/data/audio/006/006_Male_23_1013.wav,bao ba etetšego flat
SPCS/data/audio/012/012_Female_20_68.wav,e le tša gauta
SPCS/data/audio/004/004_Female_17_155.wav,team ya gagwe ya go
SPCS/data/audio/012/012_Female_20_443.wav,ebile ga se wena coach
SPCS/data/audio/006/006_Male_23_70.wav,motho o a mo blocka
SPCS/data/audio/006/006_Male_23_975.wav,re kwešiša condition ya bona
SPCS/data/audio/003/003_Female_27_385.wav,suggestion ya ka
SPCS/data/audio/010/010_Male_22_341.wav,especially young people
SPCS/data/audio/015/015_Female_91_98.wav,fokotša koketšo ya di gas
SPCS/data/audio/010/010_Male_22_482.wav,wa non-automatic
SPCS/data/audio/008/008_Male_23_132.wav,for go transporta baswa ba
SPCS/data/audio/008/008_Male_23_51.wav,updata nna ke a commenta
SPCS/data/audio/009/009_Female_26_300.wav,o hlokagetše fleteng ya gage
SPCS/data/audio/010/010_Male_22_562.wav,diswantšho tša cctv
SPCS/data/audio/013/013_Male_27_50.wav,mošomo wa bankeng
SPCS/data/audio/014/014_Male_25_60.wav,pele a eya di awardeng
SPCS/data/audio/007/007_Male_23_456.wav,steše sa go kala dikoloi
SPCS/data/audio/013/013_Male_27_45.wav,di wheelchair di tletše gohle
SPCS/data/audio/016/016_Female_21_253.wav,nna ke a porega
SPCS/data/audio/007/007_Male_23_541.wav,peresente tše masome seswai hlano
SPCS/data/audio/009/009_Female_26_109.wav,hwetša di address tša batho
SPCS/data/audio/016/016_Female_21_249.wav,go hwetša di opportunities
SPCS/data/audio/010/010_Male_22_526.wav,goba di parkeng
SPCS/data/audio/010/010_Male_22_104.wav,se dira ke go taela
SPCS/data/audio/006/006_Male_23_168.wav,pakaneng ya omo auto
SPCS/data/audio/017/017_Male_22_157.wav,di company tša afrika borwa
SPCS/data/audio/014/014_Male_25_42.wav,for go transporta baswa ba
SPCS/data/audio/008/008_Male_23_156.wav,pakaneng ya omo auto
SPCS/data/audio/003/003_Female_27_24.wav,ka morago ga twelve months
SPCS/data/audio/007/007_Male_23_249.wav,pele o ka tlotša polish
SPCS/data/audio/011/011_Female_21_386.wav,exhibition yela ra go bolela
SPCS/data/audio/013/013_Male_27_237.wav,basadi ba nale pressure
SPCS/data/audio/015/015_Female_91_226.wav,ke bona project ya lena
SPCS/data/audio/010/010_Male_22_21.wav,ticket ke gona e sepela
SPCS/data/audio/006/006_Male_23_726.wav,o hwetše code ya moswananoši
SPCS/data/audio/002/002_Male_24_280.wav,rena ba bangwe re sensitive
SPCS/data/audio/011/011_Female_21_160.wav,ke le busy ka ofising
SPCS/data/audio/012/012_Female_20_441.wav,molao tšeo di tsenetšego conference
SPCS/data/audio/019/019_Male_23_246.wav,ka se tlo confront motho
SPCS/data/audio/006/006_Male_23_1005.wav,o ka se confront lapa
SPCS/data/audio/008/008_Male_23_408.wav,pressure ke e ntšhi ye
SPCS/data/audio/003/003_Female_27_373.wav,of those days
SPCS/data/audio/019/019_Male_23_297.wav,gare ga toropo ya johannesburg
SPCS/data/audio/016/016_Female_21_402.wav,ke di temporary workers
SPCS/data/audio/012/012_Female_20_163.wav,ka thulwa ke taxi
SPCS/data/audio/002/002_Male_24_61.wav,ba changile di address
SPCS/data/audio/017/017_Male_22_253.wav,tšona di skills
SPCS/data/audio/011/011_Female_21_145.wav,mošireletši wa setšhaba advocate
SPCS/data/audio/004/004_Female_17_264.wav,šomiša di million tse lekgolo
SPCS/data/audio/020/020_Male_20_15.wav,di polio
SPCS/data/audio/002/002_Male_24_844.wav,lokiša hundred and twenty rand
SPCS/data/audio/017/017_Male_22_187.wav,botša eng girlfriend ya ka
SPCS/data/audio/006/006_Male_23_472.wav,home affairs ba tla be
SPCS/data/audio/007/007_Male_23_522.wav,e tsebagaditše di projeke
SPCS/data/audio/017/017_Male_22_2.wav,mošomo wa bankeng
SPCS/data/audio/009/009_Female_26_369.wav,tsenela dikgwebo tša construction
SPCS/data/audio/007/007_Male_23_690.wav,e nyenyefatše gore jewellery
SPCS/data/audio/006/006_Male_23_696.wav,ka two thousand and eight
SPCS/data/audio/003/003_Female_27_71.wav,updata nna ke a commenta
SPCS/data/audio/018/018_Male_21_479.wav,go tšwa police station
SPCS/data/audio/008/008_Male_23_247.wav,ga o tlo re hello
SPCS/data/audio/017/017_Male_22_254.wav,goba yona art
SPCS/data/audio/003/003_Female_27_289.wav,fapana a di social grants
SPCS/data/audio/002/002_Male_24_524.wav,festival ya kgoparara ya thobelaFM
SPCS/data/audio/009/009_Female_26_481.wav,bowa gae ka di medal
SPCS/data/audio/004/004_Female_17_293.wav,a ka go tsebang personally
SPCS/data/audio/006/006_Male_23_447.wav,go roaster nama ya nku
SPCS/data/audio/006/006_Male_23_286.wav,morutiši ka panga
SPCS/data/audio/010/010_Male_22_322.wav,go hwetša di opportunities
SPCS/data/audio/009/009_Female_26_287.wav,le ngwana wa eleven years
SPCS/data/audio/007/007_Male_23_484.wav,go dipapadi tša crickete
SPCS/data/audio/002/002_Male_24_191.wav,recharga ka MTN easy
SPCS/data/audio/012/012_Female_20_341.wav,e segella ka di cubes
SPCS/data/audio/015/015_Female_91_642.wav,di exhibitors di tlile
SPCS/data/audio/014/014_Male_25_395.wav,bao ba etetšego flat
SPCS/data/audio/007/007_Male_23_96.wav,napile professor
SPCS/data/audio/003/003_Female_27_434.wav,red pepper e tee
SPCS/data/audio/006/006_Male_23_437.wav,bathopa difoka tša di bursary
SPCS/data/audio/005/005_Male_26_376.wav,e le go mo blocka
SPCS/data/audio/012/012_Female_20_130.wav,napile professor
SPCS/data/audio/015/015_Female_91_657.wav,di polio
SPCS/data/audio/006/006_Male_23_1049.wav,ikaparetše dilo tše di simple
SPCS/data/audio/017/017_Male_22_204.wav,ka dikgwedi tše twelve
SPCS/data/audio/013/013_Male_27_418.wav,fifteen thousand runs
SPCS/data/audio/009/009_Female_26_517.wav,o re hello le kae
SPCS/data/audio/017/017_Male_22_47.wav,nna ke blockile morago ga
SPCS/data/audio/010/010_Male_22_250.wav,tša melao ya di traffic
SPCS/data/audio/007/007_Male_23_524.wav,tšona di skills
SPCS/data/audio/005/005_Male_26_494.wav,o nthomela please call me
SPCS/data/audio/015/015_Female_91_573.wav,wa go ba seterateng
SPCS/data/audio/008/008_Male_23_383.wav,hlaelelo ya diesel ya sulphur
SPCS/data/audio/005/005_Male_26_185.wav,ikopanye le mokhanselara
SPCS/data/audio/002/002_Male_24_185.wav,yellow pepper e tee
SPCS/data/audio/014/014_Male_25_241.wav,eighteen years
SPCS/data/audio/013/013_Male_27_308.wav,di municipality tša rena
SPCS/data/audio/006/006_Male_23_902.wav,hundred and seven for two
SPCS/data/audio/003/003_Female_27_244.wav,level e tee ya salary
SPCS/data/audio/019/019_Male_23_10.wav,diswantšho tša cctv
SPCS/data/audio/017/017_Male_22_135.wav,as long as e le
SPCS/data/audio/002/002_Male_24_500.wav,eighteen minutes to four
SPCS/data/audio/020/020_Male_20_152.wav,attendance e thomile e le
SPCS/data/audio/012/012_Female_20_365.wav,ge a dulela go commenta
SPCS/data/audio/011/011_Female_21_175.wav,eighteen years
SPCS/data/audio/003/003_Female_27_287.wav,go accessa di services tša
SPCS/data/audio/005/005_Male_26_344.wav,tšwela pele bjalo ka presidente
SPCS/data/audio/003/003_Female_27_17.wav,o nale disability
SPCS/data/audio/006/006_Male_23_536.wav,tša komišene ya bo setšhaba
SPCS/data/audio/004/004_Female_17_299.wav,e le go mo blocka
SPCS/data/audio/004/004_Female_17_292.wav,feleletše a invita ga ntši
SPCS/data/audio/006/006_Male_23_105.wav,mabapi le construction exhibition
SPCS/data/audio/013/013_Male_27_360.wav,ke lekola file ya gago
SPCS/data/audio/002/002_Male_24_543.wav,lane e tee e tšwaletše
SPCS/data/audio/018/018_Male_21_230.wav,rena ba bangwe re sensitive
SPCS/data/audio/001/001_Female_23_240.wav,ka june ya ngwaga wona
SPCS/data/audio/013/013_Male_27_31.wav,traffic lights ga di šome
SPCS/data/audio/017/017_Male_22_436.wav,di jersey le di tracksuit
SPCS/data/audio/014/014_Male_25_383.wav,ba di form1 form2
SPCS/data/audio/005/005_Male_26_508.wav,o hwetše code ya moswananoši
SPCS/data/audio/017/017_Male_22_486.wav,wa nyaka di mushrooms
SPCS/data/audio/014/014_Male_25_350.wav,go roaster nama ya nku
SPCS/data/audio/017/017_Male_22_374.wav,hundred kilometer ka awara
SPCS/data/audio/017/017_Male_22_211.wav,bowa gae ka di medal
SPCS/data/audio/006/006_Male_23_687.wav,wa non-automatic
SPCS/data/audio/020/020_Male_20_174.wav,ba di bitšang di learnership
SPCS/data/audio/019/019_Male_23_166.wav,ke fishing
SPCS/data/audio/009/009_Female_26_101.wav,go swerwe festival ya kakapa
SPCS/data/audio/003/003_Female_27_112.wav,swarelwa ka peter mokaba stadium
SPCS/data/audio/006/006_Male_23_720.wav,botša eng girlfriend ya ka
SPCS/data/audio/002/002_Male_24_608.wav,nna ke blockile morago ga
SPCS/data/audio/001/001_Female_23_191.wav,ga o tlo re hello
SPCS/data/audio/005/005_Male_26_464.wav,ba le fa di pamphlets
SPCS/data/audio/014/014_Male_25_224.wav,one twenty fela
SPCS/data/audio/006/006_Male_23_350.wav,di principles tša batho pele
SPCS/data/audio/006/006_Male_23_841.wav,ke sepela ka sekuta
SPCS/data/audio/008/008_Male_23_25.wav,retshwenya ke di drugs
SPCS/data/audio/007/007_Male_23_292.wav,ka se tlo confront motho
SPCS/data/audio/012/012_Female_20_559.wav,goba yona art
SPCS/data/audio/012/012_Female_20_378.wav,lane ya letsogo la goja
SPCS/data/audio/014/014_Male_25_487.wav,re e bone talente
SPCS/data/audio/010/010_Male_22_443.wav,tsamaya nako ya two years
SPCS/data/audio/005/005_Male_26_2.wav,molao tšeo di tsenetšego conference
SPCS/data/audio/011/011_Female_21_381.wav,lekala la banka
SPCS/data/audio/015/015_Female_91_7.wav,e na le barcode
SPCS/data/audio/005/005_Male_26_463.wav,swere di kontraka tša mengwaga
SPCS/data/audio/016/016_Female_21_595.wav,ba phasa
SPCS/data/audio/017/017_Male_22_505.wav,rena ba bangwe re sensitive
SPCS/data/audio/008/008_Male_23_436.wav,lane e tee e tšwaletše
SPCS/data/audio/006/006_Male_23_44.wav,o drainwa mo sepetlele
SPCS/data/audio/012/012_Female_20_111.wav,go bopa furnitura
SPCS/data/audio/017/017_Male_22_390.wav,ke fishing
SPCS/data/audio/013/013_Male_27_116.wav,ranta kgahlanong le ponto ya
SPCS/data/audio/006/006_Male_23_1031.wav,ga ba fetole my comments
SPCS/data/audio/008/008_Male_23_231.wav,kgona go go rekela airtime
SPCS/data/audio/014/014_Male_25_135.wav,a tšea di crate
SPCS/data/audio/018/018_Male_21_227.wav,a bona profile ya ka
SPCS/data/audio/007/007_Male_23_373.wav,ke bona project ya lena
SPCS/data/audio/012/012_Female_20_534.wav,ka hwetša twenty percent discount
SPCS/data/audio/007/007_Male_23_25.wav,ka lefela loan ya gagwe
SPCS/data/audio/017/017_Male_22_540.wav,ga yona ebile slow nyana
SPCS/data/audio/019/019_Male_23_86.wav,bowa ka bus ya mathomo
SPCS/data/audio/010/010_Male_22_193.wav,a festival with a purpose
SPCS/data/audio/009/009_Female_26_126.wav,go tšwa police station
SPCS/data/audio/011/011_Female_21_94.wav,lamb or nku
SPCS/data/audio/020/020_Male_20_91.wav,bao ba etetšego flat
SPCS/data/audio/005/005_Male_26_27.wav,tšwa go album ya majakathata
SPCS/data/audio/015/015_Female_91_293.wav,ranta e wele
SPCS/data/audio/008/008_Male_23_291.wav,ba changile di address
SPCS/data/audio/011/011_Female_21_133.wav,lokiša hundred and twenty rand
SPCS/data/audio/006/006_Male_23_118.wav,tsenela dikgwebo tša construction
SPCS/data/audio/003/003_Female_27_581.wav,ya go rekiša jewellery
SPCS/data/audio/017/017_Male_22_18.wav,ke ngwana o mo sharp
SPCS/data/audio/014/014_Male_25_280.wav,di ballroom
SPCS/data/audio/003/003_Female_27_159.wav,o auditione mo districting engwe
SPCS/data/audio/011/011_Female_21_456.wav,a mo hlasela ka panga
SPCS/data/audio/012/012_Female_20_430.wav,ba ntšhitše di bus
SPCS/data/audio/005/005_Male_26_156.wav,ba swere economy ya lefase
SPCS/data/audio/001/001_Female_23_30.wav,account ya yona e ka
SPCS/data/audio/010/010_Male_22_319.wav,ka company ya engineering
SPCS/data/audio/006/006_Male_23_664.wav,le confusion ya di date
SPCS/data/audio/019/019_Male_23_36.wav,di municipality tša rena
SPCS/data/audio/016/016_Female_21_252.wav,di wheelchair di tletše gohle
SPCS/data/audio/006/006_Male_23_764.wav,pele ga komiti ya palamente
SPCS/data/audio/019/019_Male_23_110.wav,go ya united kingdom
SPCS/data/audio/002/002_Male_24_660.wav,tsenela dikgwebo tša construction
SPCS/data/audio/003/003_Female_27_481.wav,kgopelo ya bail
SPCS/data/audio/005/005_Male_26_211.wav,some how ka mogau
SPCS/data/audio/014/014_Male_25_66.wav,pakaneng ya omo auto
SPCS/data/audio/015/015_Female_91_477.wav,and few ke ka kerekeng
SPCS/data/audio/015/015_Female_91_182.wav,ke a blocka ge motho
SPCS/data/audio/017/017_Male_22_422.wav,betha di pillar ka matlapa
SPCS/data/audio/007/007_Male_23_599.wav,kgona go isupporta
SPCS/data/audio/016/016_Female_21_295.wav,wa di griller go fihlela
SPCS/data/audio/015/015_Female_91_105.wav,traffic lights ga di bereke
SPCS/data/audio/015/015_Female_91_497.wav,forty four thousand
SPCS/data/audio/016/016_Female_21_567.wav,ke lekola file ya gago
SPCS/data/audio/005/005_Male_26_232.wav,team ya gagwe ya go
SPCS/data/audio/012/012_Female_20_124.wav,di ofisi tša rena magaeng
SPCS/data/audio/012/012_Female_20_219.wav,dinatla tša mmino wa gospel
SPCS/data/audio/006/006_Male_23_186.wav,di pamphlets tša festival ye
SPCS/data/audio/008/008_Male_23_442.wav,bakgopedi ba di tendera
SPCS/data/audio/017/017_Male_22_235.wav,excellence awards
SPCS/data/audio/018/018_Male_21_451.wav,ga ba ba lucky
SPCS/data/audio/008/008_Male_23_297.wav,wo ka di nine
SPCS/data/audio/002/002_Male_24_247.wav,o ka se confront lapa
SPCS/data/audio/010/010_Male_22_13.wav,wa kgona go auditiona mo
SPCS/data/audio/005/005_Male_26_370.wav,a ka go tsebang personally
SPCS/data/audio/010/010_Male_22_658.wav,di polio
SPCS/data/audio/014/014_Male_25_522.wav,a mo hlasela ka panga
SPCS/data/audio/007/007_Male_23_543.wav,le go head of department
SPCS/data/audio/003/003_Female_27_290.wav,le child support grant
SPCS/data/audio/014/014_Male_25_342.wav,pele o ka tlotša polish
SPCS/data/audio/005/005_Male_26_330.wav,o changile maphelo a bona
SPCS/data/audio/005/005_Male_26_243.wav,raloka televišeneng
SPCS/data/audio/003/003_Female_27_414.wav,di exhibitors di tlile
SPCS/data/audio/003/003_Female_27_467.wav,re kwešiša condition ya bona
SPCS/data/audio/010/010_Male_22_46.wav,nyakago di tickets tša festival
SPCS/data/audio/016/016_Female_21_425.wav,di pamphlets tša festival ye
SPCS/data/audio/007/007_Male_23_379.wav,tše ka moka tša art
SPCS/data/audio/001/001_Female_23_28.wav,sona ka accounteng ya banka
SPCS/data/audio/004/004_Female_17_94.wav,go tšwa police station
SPCS/data/audio/003/003_Female_27_59.wav,o tlo nyaka green pepper
SPCS/data/audio/015/015_Female_91_461.wav,taba ya di service standard
SPCS/data/audio/007/007_Male_23_331.wav,ge a dulela go commenta
SPCS/data/audio/015/015_Female_91_361.wav,kgona go ka ba corruptable
SPCS/data/audio/006/006_Male_23_639.wav,ke nale shopo ya ka
SPCS/data/audio/014/014_Male_25_239.wav,province e tsamaiše
SPCS/data/audio/005/005_Male_26_204.wav,a ba fa citizen report
SPCS/data/audio/008/008_Male_23_202.wav,mafelo a go socialisa
SPCS/data/audio/006/006_Male_23_800.wav,e be di official residents
SPCS/data/audio/012/012_Female_20_128.wav,le go head of department
SPCS/data/audio/003/003_Female_27_197.wav,ya jewa two one
SPCS/data/audio/014/014_Male_25_226.wav,ke le busy ka ofising
SPCS/data/audio/013/013_Male_27_442.wav,ke goletše mo lekeišeneng
SPCS/data/audio/010/010_Male_22_379.wav,motho o a mo blocka
SPCS/data/audio/004/004_Female_17_152.wav,dinatla tša mmino wa gospel
SPCS/data/audio/002/002_Male_24_758.wav,mafelo a go socialisa
SPCS/data/audio/007/007_Male_23_203.wav,graduation ya ngwana wa gagwe
SPCS/data/audio/002/002_Male_24_177.wav,di results le se meetseng
SPCS/data/audio/014/014_Male_25_298.wav,ka landline
SPCS/data/audio/008/008_Male_23_141.wav,molao tšeo di tsenetšego conference
SPCS/data/audio/003/003_Female_27_598.wav,tšeo di transportilego batho
SPCS/data/audio/010/010_Male_22_680.wav,wa boraro ga se semi-automatic
SPCS/data/audio/008/008_Male_23_374.wav,hundred and seven for two
SPCS/data/audio/008/008_Male_23_130.wav,ba ntšhitše di bus
SPCS/data/audio/012/012_Female_20_311.wav,rapelelwa peace love and harmony
SPCS/data/audio/015/015_Female_91_561.wav,bakgopedi ba di tendera
SPCS/data/audio/004/004_Female_17_566.wav,kgona go isupporta
SPCS/data/audio/006/006_Male_23_461.wav,wa go ba seterateng
SPCS/data/audio/008/008_Male_23_151.wav,of real gospel music
SPCS/data/audio/009/009_Female_26_200.wav,a tlo dira shopping
SPCS/data/audio/003/003_Female_27_201.wav,ba tšea ke camera
SPCS/data/audio/017/017_Male_22_371.wav,tša melao ya di traffic
SPCS/data/audio/007/007_Male_23_513.wav,ga o tlo re hello
SPCS/data/audio/011/011_Female_21_281.wav,traffic lights ga di šome
SPCS/data/audio/005/005_Male_26_397.wav,leina la banka
SPCS/data/audio/003/003_Female_27_123.wav,mabapi le di exhibition
SPCS/data/audio/006/006_Male_23_698.wav,la tharo december twenty eleven
SPCS/data/audio/018/018_Male_21_424.wav,hundred and seventy thousand
SPCS/data/audio/009/009_Female_26_202.wav,graduation ya ngwana wa gagwe
SPCS/data/audio/019/019_Male_23_109.wav,go phatlalala le province
SPCS/data/audio/011/011_Female_21_78.wav,go registara
SPCS/data/audio/020/020_Male_20_251.wav,o nale account ya banka
SPCS/data/audio/001/001_Female_23_413.wav,o changile maphelo a bona
SPCS/data/audio/001/001_Female_23_300.wav,who are leading the right
SPCS/data/audio/005/005_Male_26_246.wav,gagwe o be a graduata
SPCS/data/audio/002/002_Male_24_947.wav,o robile record
SPCS/data/audio/019/019_Male_23_198.wav,betha di pillar ka matlapa
SPCS/data/audio/014/014_Male_25_290.wav,ekile ya ba di drama
SPCS/data/audio/002/002_Male_24_701.wav,go feta two hundred thousand
SPCS/data/audio/013/013_Male_27_354.wav,ge go nyakega copy
SPCS/data/audio/020/020_Male_20_84.wav,ba hlwela television
SPCS/data/audio/007/007_Male_23_654.wav,tša komišene ya bo setšhaba
SPCS/data/audio/002/002_Male_24_927.wav,team ya gagwe ya go
SPCS/data/audio/019/019_Male_23_458.wav,mokonstable wa maphodisa
SPCS/data/audio/020/020_Male_20_45.wav,re palelwa ke go copa
SPCS/data/audio/009/009_Female_26_349.wav,sona ka accounteng ya banka
SPCS/data/audio/019/019_Male_23_247.wav,ba sepela ka group
SPCS/data/audio/009/009_Female_26_244.wav,fokotša koketšo ya di gas
SPCS/data/audio/014/014_Male_25_504.wav,go feta two hundred thousand
SPCS/data/audio/018/018_Male_21_275.wav,ba suggesta gore rena re
SPCS/data/audio/004/004_Female_17_409.wav,ge e le second half
SPCS/data/audio/011/011_Female_21_245.wav,fine ye kgolo kgolo
SPCS/data/audio/013/013_Male_27_125.wav,dithuto tša gagwe tša optometry
SPCS/data/audio/017/017_Male_22_103.wav,di exhibition tše tša lena
SPCS/data/audio/001/001_Female_23_32.wav,lekala la banka
SPCS/data/audio/006/006_Male_23_315.wav,ke tswaletše account kua bankeng
SPCS/data/audio/009/009_Female_26_374.wav,e nale plan ya gore
SPCS/data/audio/020/020_Male_20_358.wav,tšeo di nalego information
SPCS/data/audio/014/014_Male_25_394.wav,o hlokagetše fleteng ya gage
SPCS/data/audio/004/004_Female_17_341.wav,di exhibition tše tša lena
SPCS/data/audio/009/009_Female_26_302.wav,gona ka mo stadium sa
SPCS/data/audio/001/001_Female_23_325.wav,goba soapie goba sitcom
SPCS/data/audio/001/001_Female_23_532.wav,o auditione mo districting engwe
SPCS/data/audio/014/014_Male_25_424.wav,ge a dulela go commenta
SPCS/data/audio/002/002_Male_24_523.wav,verse seventeen
SPCS/data/audio/016/016_Female_21_360.wav,mantlo a fifteen thousand
SPCS/data/audio/012/012_Female_20_616.wav,di awareness campaign
SPCS/data/audio/004/004_Female_17_548.wav,bowa ka bus ya mathomo
SPCS/data/audio/006/006_Male_23_274.wav,mathata a di grant
SPCS/data/audio/001/001_Female_23_511.wav,training academy ya di art
SPCS/data/audio/006/006_Male_23_690.wav,di company tša afrika borwa
SPCS/data/audio/017/017_Male_22_370.wav,fifteen thousand runs
SPCS/data/audio/006/006_Male_23_932.wav,ko di provinsing tše dingwe
SPCS/data/audio/006/006_Male_23_931.wav,hweditse di report tse botse
SPCS/data/audio/005/005_Male_26_262.wav,fine ye kgolo kgolo
SPCS/data/audio/020/020_Male_20_480.wav,betha di pillar ka matlapa
SPCS/data/audio/006/006_Male_23_48.wav,tšwela pele bjalo ka presidente
SPCS/data/audio/002/002_Male_24_692.wav,le confusion ya di date
SPCS/data/audio/011/011_Female_21_448.wav,ke di bursary tše kae
SPCS/data/audio/003/003_Female_27_559.wav,di ranta tša go feta
SPCS/data/audio/011/011_Female_21_496.wav,goba di parkeng
SPCS/data/audio/020/020_Male_20_323.wav,gore motho a qualifaele
SPCS/data/audio/011/011_Female_21_116.wav,motho wo a di applyelang
SPCS/data/audio/001/001_Female_23_230.wav,ke sa judge motho
SPCS/data/audio/020/020_Male_20_522.wav,o changile maphelo a bona
SPCS/data/audio/009/009_Female_26_292.wav,ba sepela ka group
SPCS/data/audio/014/014_Male_25_75.wav,ge o dira follow up
SPCS/data/audio/016/016_Female_21_467.wav,e le tša gauta
SPCS/data/audio/002/002_Male_24_512.wav,university of technology
SPCS/data/audio/020/020_Male_20_67.wav,kgopelo ya bail
SPCS/data/audio/003/003_Female_27_207.wav,barutiši ba sekolo sa primary
SPCS/data/audio/002/002_Male_24_568.wav,kgopelo ya bail
SPCS/data/audio/006/006_Male_23_480.wav,ba di form1 form2
SPCS/data/audio/020/020_Male_20_356.wav,ke a ratang a bibele
SPCS/data/audio/017/017_Male_22_376.wav,goba soapie goba sitcom
SPCS/data/audio/007/007_Male_23_794.wav,tsamaya ka di public transport
SPCS/data/audio/012/012_Female_20_188.wav,e na le barcode
SPCS/data/audio/012/012_Female_20_296.wav,ka company ya engineering
SPCS/data/audio/008/008_Male_23_46.wav,lokela ka gare ga plastiki
SPCS/data/audio/020/020_Male_20_497.wav,kgoro ya tsheko ya mmasetrata
SPCS/data/audio/013/013_Male_27_429.wav,graduation ya ngwana wa gagwe
SPCS/data/audio/002/002_Male_24_522.wav,yellow pepper e tee
SPCS/data/audio/009/009_Female_26_108.wav,go šomišana le di stakeholders
SPCS/data/audio/004/004_Female_17_70.wav,ke sa judge motho
SPCS/data/audio/011/011_Female_21_491.wav,o hwetše code ya moswananoši
SPCS/data/audio/002/002_Male_24_55.wav,go swerwe festival ya kakapa
SPCS/data/audio/007/007_Male_23_118.wav,ke a ratang a bibele
SPCS/data/audio/004/004_Female_17_322.wav,ba di lori le bahlwekiši
SPCS/data/audio/011/011_Female_21_114.wav,fapana a di social grants
SPCS/data/audio/012/012_Female_20_570.wav,le child support grant
SPCS/data/audio/020/020_Male_20_179.wav,nna ka nkreya mo address
SPCS/data/audio/017/017_Male_22_391.wav,gore di form tše re
SPCS/data/audio/009/009_Female_26_48.wav,cellphone ya gago fela
SPCS/data/audio/001/001_Female_23_147.wav,goba di parkeng
SPCS/data/audio/001/001_Female_23_601.wav,basadi ba nale pressure
SPCS/data/audio/002/002_Male_24_632.wav,mošomo wa psychometric
SPCS/data/audio/005/005_Male_26_87.wav,o sa le a stuckile
SPCS/data/audio/008/008_Male_23_363.wav,o swara style
SPCS/data/audio/006/006_Male_23_996.wav,colleges le di universities tša
SPCS/data/audio/019/019_Male_23_77.wav,ke tswaletše account kua bankeng
SPCS/data/audio/009/009_Female_26_508.wav,nkgahlilego kudu ke ya corruption
SPCS/data/audio/001/001_Female_23_523.wav,ba ntšhitše di bus
SPCS/data/audio/002/002_Male_24_50.wav,di bitšang gore ke infection
SPCS/data/audio/001/001_Female_23_593.wav,go leka go impressa basadi
SPCS/data/audio/002/002_Male_24_686.wav,ba ntšhitše di bus
SPCS/data/audio/014/014_Male_25_285.wav,fifteen thousand runs
SPCS/data/audio/013/013_Male_27_505.wav,bomenetša bja di tendera
SPCS/data/audio/009/009_Female_26_482.wav,e le tša gauta
SPCS/data/audio/014/014_Male_25_144.wav,ka hwetša twenty percent discount
SPCS/data/audio/006/006_Male_23_57.wav,wa nyaka spinach
SPCS/data/audio/006/006_Male_23_910.wav,raloka televišeneng
SPCS/data/audio/006/006_Male_23_451.wav,kgoro ya tsheko ya mmasetrata
SPCS/data/audio/011/011_Female_21_62.wav,e le tša gauta
SPCS/data/audio/001/001_Female_23_470.wav,gare ga toropo ya johannesburg
SPCS/data/audio/015/015_Female_91_603.wav,there is better way
SPCS/data/audio/009/009_Female_26_444.wav,direga eng mo operation repo
SPCS/data/audio/018/018_Male_21_493.wav,ikopanye le mokhanselara
SPCS/data/audio/004/004_Female_17_562.wav,province e tsamaiše
SPCS/data/audio/004/004_Female_17_509.wav,morutiši ka panga
SPCS/data/audio/004/004_Female_17_153.wav,dansa le gona ke sport
SPCS/data/audio/012/012_Female_20_9.wav,bobedi ke wola wa semi-automatic
SPCS/data/audio/002/002_Male_24_196.wav,University ya limpopo ya baithuti
SPCS/data/audio/011/011_Female_21_402.wav,e nale plan ya gore
SPCS/data/audio/006/006_Male_23_322.wav,ke sepela ka sekuta
SPCS/data/audio/014/014_Male_25_95.wav,mehla ge o tlaleletša airtime
SPCS/data/audio/013/013_Male_27_424.wav,goba soapie goba sitcom
SPCS/data/audio/001/001_Female_23_108.wav,o romele tšhelete ya administration
SPCS/data/audio/018/018_Male_21_162.wav,bakgopedi ba di tendera
SPCS/data/audio/019/019_Male_23_479.wav,goba yona art
SPCS/data/audio/011/011_Female_21_187.wav,a ba fa citizen report
SPCS/data/audio/006/006_Male_23_731.wav,goba di parkeng
SPCS/data/audio/009/009_Female_26_117.wav,ke a ratang a bibele
SPCS/data/audio/020/020_Male_20_505.wav,nna ke a porega
SPCS/data/audio/018/018_Male_21_141.wav,recharga ka MTN easy
SPCS/data/audio/006/006_Male_23_192.wav,facer bjang girlfriend ya gagwe
SPCS/data/audio/006/006_Male_23_424.wav,festival ya kgoparara ya thobelaFM
SPCS/data/audio/012/012_Female_20_1.wav,pele a eya di awardeng
SPCS/data/audio/020/020_Male_20_425.wav,di ballroom
SPCS/data/audio/014/014_Male_25_506.wav,rena re le radio
SPCS/data/audio/013/013_Male_27_205.wav,di company tša afrika borwa
SPCS/data/audio/019/019_Male_23_465.wav,komišene ya bosetšhaba
SPCS/data/audio/012/012_Female_20_361.wav,rena ba bangwe re sensitive
SPCS/data/audio/003/003_Female_27_126.wav,ba suggesta gore rena re
SPCS/data/audio/007/007_Male_23_710.wav,le confusion ya di date
SPCS/data/audio/016/016_Female_21_132.wav,eighteen years
SPCS/data/audio/014/014_Male_25_346.wav,lane e tee e tšwaletše
SPCS/data/audio/012/012_Female_20_615.wav,ke tswaletše account kua bankeng
SPCS/data/audio/014/014_Male_25_421.wav,bangwe ga ba na timing
SPCS/data/audio/013/013_Male_27_1.wav,di results le se meetseng
SPCS/data/audio/004/004_Female_17_15.wav,kgona go go rekela airtime
SPCS/data/audio/003/003_Female_27_97.wav,gare ga toropo ya johannesburg
SPCS/data/audio/009/009_Female_26_209.wav,eighteen minutes to four
SPCS/data/audio/001/001_Female_23_620.wav,dira kgopelo ya loan
SPCS/data/audio/018/018_Male_21_469.wav,mošireletši wa setšhaba advocate
SPCS/data/audio/010/010_Male_22_586.wav,lenaneo la outreach
SPCS/data/audio/018/018_Male_21_243.wav,brithani
SPCS/data/audio/012/012_Female_20_349.wav,nna ke blockile batho
SPCS/data/audio/019/019_Male_23_402.wav,facer bjang girlfriend ya gagwe
SPCS/data/audio/018/018_Male_21_249.wav,tša komišene ya bo setšhaba
SPCS/data/audio/006/006_Male_23_435.wav,fokotša koketšo ya di gas
SPCS/data/audio/014/014_Male_25_46.wav,le confusion ya di date
SPCS/data/audio/002/002_Male_24_579.wav,ke ngwana o mo sharp
SPCS/data/audio/016/016_Female_21_350.wav,re beakantše ya agriculture
SPCS/data/audio/006/006_Male_23_934.wav,ntšhitše di sprinter tše two
SPCS/data/audio/011/011_Female_21_495.wav,mafelo a go socialisa
SPCS/data/audio/015/015_Female_91_231.wav,ya go rekiša jewellery
SPCS/data/audio/006/006_Male_23_338.wav,province e tsamaiše
SPCS/data/audio/009/009_Female_26_473.wav,ka lefela loan ya gagwe
SPCS/data/audio/018/018_Male_21_286.wav,e nyenyefatše gore di portrait
SPCS/data/audio/019/019_Male_23_257.wav,gona ka mo stadium sa
SPCS/data/audio/002/002_Male_24_282.wav,ke a blocka ge motho
SPCS/data/audio/020/020_Male_20_368.wav,ke sepela ka sekuta
SPCS/data/audio/016/016_Female_21_438.wav,ba grade four to seven
SPCS/data/audio/005/005_Male_26_233.wav,ba mo knockile
SPCS/data/audio/005/005_Male_26_343.wav,ge a ka dira appeal
SPCS/data/audio/018/018_Male_21_70.wav,some how ka mogau
SPCS/data/audio/002/002_Male_24_895.wav,go ya united kingdom
SPCS/data/audio/017/017_Male_22_107.wav,ya go rekiša jewellery
SPCS/data/audio/007/007_Male_23_712.wav,wa kgona go auditiona mo
SPCS/data/audio/012/012_Female_20_402.wav,bangwe ba kgona tša tourism
SPCS/data/audio/011/011_Female_21_485.wav,botša eng girlfriend ya ka
SPCS/data/audio/004/004_Female_17_401.wav,ka two thousand and eight
SPCS/data/audio/012/012_Female_20_248.wav,fourty seven percent
SPCS/data/audio/003/003_Female_27_9.wav,nako ya bumper to bumper
SPCS/data/audio/016/016_Female_21_79.wav,ba na le di disability
SPCS/data/audio/002/002_Male_24_426.wav,ka lefela loan ya gagwe
SPCS/data/audio/003/003_Female_27_4.wav,apara di shades tša gago
SPCS/data/audio/019/019_Male_23_16.wav,komišene ya bosetšhaba
SPCS/data/audio/016/016_Female_21_50.wav,lamb or nku
SPCS/data/audio/013/013_Male_27_26.wav,pele o ka tlotša polish
SPCS/data/audio/002/002_Male_24_11.wav,go na le category enngwe
SPCS/data/audio/016/016_Female_21_2.wav,banna ba na le pressure
SPCS/data/audio/009/009_Female_26_54.wav,mokonstable wa maphodisa
SPCS/data/audio/012/012_Female_20_501.wav,banna ba na le pressure
SPCS/data/audio/003/003_Female_27_187.wav,leina la projeke ya setšhaba
SPCS/data/audio/017/017_Male_22_200.wav,tsamaišana le body ya gage
SPCS/data/audio/019/019_Male_23_268.wav,o ileng wa mo blocka
SPCS/data/audio/012/012_Female_20_90.wav,diswantšho tša cctv
SPCS/data/audio/005/005_Male_26_450.wav,as long as e le
SPCS/data/audio/015/015_Female_91_528.wav,di polio
SPCS/data/audio/003/003_Female_27_352.wav,motho a applyele mphiwafela
SPCS/data/audio/006/006_Male_23_844.wav,ke le busy ka ofising
SPCS/data/audio/002/002_Male_24_187.wav,festival ya kgoparara ya thobelaFM
SPCS/data/audio/016/016_Female_21_400.wav,pele a eya di awardeng
SPCS/data/audio/014/014_Male_25_425.wav,e le go mo blocka
SPCS/data/audio/008/008_Male_23_285.wav,go swerwe festival ya kakapa
SPCS/data/audio/005/005_Male_26_335.wav,retshwenya ke di drugs
SPCS/data/audio/005/005_Male_26_431.wav,learnership ye tsamaya tsamaya bjang
SPCS/data/audio/009/009_Female_26_220.wav,ko di provinsing tše dingwe
SPCS/data/audio/015/015_Female_91_599.wav,set my record straight
SPCS/data/audio/018/018_Male_21_331.wav,di company tša afrika borwa
SPCS/data/audio/014/014_Male_25_482.wav,o nyaka thušo ya business
SPCS/data/audio/011/011_Female_21_235.wav,o robile record
SPCS/data/audio/007/007_Male_23_600.wav,ka se tlo confront motho
SPCS/data/audio/018/018_Male_21_496.wav,re ka ba le agency
SPCS/data/audio/019/019_Male_23_352.wav,for go transporta baswa ba
SPCS/data/audio/013/013_Male_27_180.wav,date yela ke di nineteen
SPCS/data/audio/002/002_Male_24_742.wav,kare ke fashion ye nngwe
SPCS/data/audio/008/008_Male_23_32.wav,presidente ya league ya baswa
SPCS/data/audio/017/017_Male_22_398.wav,hweditse di report tse botse
SPCS/data/audio/019/019_Male_23_244.wav,ba di form1 form2
SPCS/data/audio/020/020_Male_20_416.wav,ge motho a dira abortion
SPCS/data/audio/013/013_Male_27_490.wav,re kwešiša condition ya bona
SPCS/data/audio/008/008_Male_23_274.wav,go accessa ditirelo tša rena
SPCS/data/audio/009/009_Female_26_311.wav,lokela ka gare ga plastiki
SPCS/data/audio/018/018_Male_21_344.wav,di pamphlets tša festival ye
SPCS/data/audio/001/001_Female_23_500.wav,ke bona project ya lena
SPCS/data/audio/014/014_Male_25_142.wav,cellphone ya gago fela
SPCS/data/audio/015/015_Female_91_299.wav,batho bale ba go repossesa
SPCS/data/audio/004/004_Female_17_138.wav,go bolela le bona gore
SPCS/data/audio/002/002_Male_24_231.wav,kgopelo ya bail
SPCS/data/audio/008/008_Male_23_236.wav,pele ga komiti ya palamente
SPCS/data/audio/009/009_Female_26_155.wav,go ya united kingdom
SPCS/data/audio/020/020_Male_20_75.wav,o changile maphelo a bona
SPCS/data/audio/001/001_Female_23_390.wav,o nale disability
SPCS/data/audio/003/003_Female_27_376.wav,who are leading the right
SPCS/data/audio/007/007_Male_23_317.wav,updata nna ke a commenta
SPCS/data/audio/004/004_Female_17_438.wav,tsamaišana le body ya gage
SPCS/data/audio/009/009_Female_26_416.wav,of real gospel music
SPCS/data/audio/004/004_Female_17_67.wav,re kwešiša position ya bona
SPCS/data/audio/011/011_Female_21_90.wav,komišene ya bosetšhaba
SPCS/data/audio/002/002_Male_24_519.wav,ke thomile ministry ke
SPCS/data/audio/018/018_Male_21_366.wav,ke go ya khaunthareng
SPCS/data/audio/005/005_Male_26_456.wav,ticket ke gona e sepela
SPCS/data/audio/002/002_Male_24_189.wav,go fihla mafelelong a January
SPCS/data/audio/017/017_Male_22_466.wav,le ngwana wa eleven years
SPCS/data/audio/015/015_Female_91_233.wav,dira diimport and export
SPCS/data/audio/013/013_Male_27_288.wav,komišene ya bosetšhaba
SPCS/data/audio/010/010_Male_22_75.wav,banna ba na le pressure
SPCS/data/audio/005/005_Male_26_75.wav,hundred and fifty rand fela
SPCS/data/audio/002/002_Male_24_572.wav,home affairs ba tla be
SPCS/data/audio/016/016_Female_21_84.wav,re kwešiša position ya bona
SPCS/data/audio/019/019_Male_23_41.wav,le child support grant
SPCS/data/audio/019/019_Male_23_175.wav,ko di provinsing tše dingwe
SPCS/data/audio/015/015_Female_91_81.wav,hweditše di report tše botse
SPCS/data/audio/002/002_Male_24_575.wav,colleges le di universities tša
SPCS/data/audio/015/015_Female_91_89.wav,go fihla mafelelong a January
SPCS/data/audio/007/007_Male_23_523.wav,yona rehabilitation
SPCS/data/audio/001/001_Female_23_162.wav,go dipapadi tša crickete
SPCS/data/audio/015/015_Female_91_150.wav,šomiša di million tse lekgolo
SPCS/data/audio/013/013_Male_27_62.wav,colleges le di universities tša
SPCS/data/audio/020/020_Male_20_223.wav,ka two thousand and eight
SPCS/data/audio/010/010_Male_22_243.wav,dansa le gona ke sport
SPCS/data/audio/012/012_Female_20_280.wav,tsamaya ka di public transport
SPCS/data/audio/016/016_Female_21_19.wav,go dipapadi tša crickete
SPCS/data/audio/015/015_Female_91_460.wav,di principles tša batho pele
SPCS/data/audio/017/017_Male_22_439.wav,kgoro ya tsheko ya mmasetrata
SPCS/data/audio/019/019_Male_23_420.wav,go leka go impressa basadi
SPCS/data/audio/004/004_Female_17_418.wav,mehla ge o tlaleletša airtime
SPCS/data/audio/015/015_Female_91_377.wav,tšona di skills
SPCS/data/audio/019/019_Male_23_345.wav,nkreya le mo facebook page
SPCS/data/audio/003/003_Female_27_466.wav,o nale disability
SPCS/data/audio/017/017_Male_22_9.wav,ntlo tše botse tša quality
SPCS/data/audio/016/016_Female_21_586.wav,industeri ya di filimi ka
SPCS/data/audio/008/008_Male_23_318.wav,o ya conferenceng
SPCS/data/audio/013/013_Male_27_447.wav,ko di provinsing tše dingwe
SPCS/data/audio/002/002_Male_24_151.wav,goba soapie goba sitcom
SPCS/data/audio/006/006_Male_23_740.wav,a dira loan e tee
SPCS/data/audio/020/020_Male_20_54.wav,go hwetša di opportunities
SPCS/data/audio/007/007_Male_23_616.wav,wa nyaka di mushrooms
SPCS/data/audio/013/013_Male_27_136.wav,exhibition yela ra go bolela
SPCS/data/audio/002/002_Male_24_272.wav,nna ke blockile mogwera
SPCS/data/audio/003/003_Female_27_516.wav,o tlo ntšha plastic bag
SPCS/data/audio/006/006_Male_23_36.wav,le ngwana wa eleven years
SPCS/data/audio/019/019_Male_23_103.wav,motho a applyele mphiwafela
SPCS/data/audio/002/002_Male_24_506.wav,ke goletše mo lekeišeneng
SPCS/data/audio/011/011_Female_21_443.wav,pele a eya di awardeng
SPCS/data/audio/016/016_Female_21_149.wav,angle ka moka ga tšona
SPCS/data/audio/007/007_Male_23_397.wav,gammogo le quantum ye one
SPCS/data/audio/004/004_Female_17_37.wav,karabo ke roast lamb
SPCS/data/audio/009/009_Female_26_18.wav,mafelo a go socialisa
SPCS/data/audio/017/017_Male_22_484.wav,o nyaka butternut e tee
SPCS/data/audio/004/004_Female_17_519.wav,ke sa judge motho
SPCS/data/audio/010/010_Male_22_663.wav,red pepper e tee
SPCS/data/audio/001/001_Female_23_163.wav,mo kapteni wa sehlopa
SPCS/data/audio/020/020_Male_20_123.wav,nako e ngwe o ntheka
SPCS/data/audio/012/012_Female_20_482.wav,facer bjang girlfriend ya gagwe
SPCS/data/audio/004/004_Female_17_479.wav,go rakwa partying
SPCS/data/audio/018/018_Male_21_51.wav,eighteen years
SPCS/data/audio/017/017_Male_22_388.wav,eighteen minutes to four
SPCS/data/audio/017/017_Male_22_314.wav,a festival with a purpose
SPCS/data/audio/010/010_Male_22_473.wav,pele a eya di awardeng
SPCS/data/audio/018/018_Male_21_495.wav,le ge democracy e kokota
SPCS/data/audio/013/013_Male_27_199.wav,pakaneng ya omo auto
SPCS/data/audio/012/012_Female_20_31.wav,batho bale ba go repossesa
SPCS/data/audio/005/005_Male_26_203.wav,taba ya di service standard
SPCS/data/audio/018/018_Male_21_142.wav,go lokišwa tsela ko Nigel
SPCS/data/audio/006/006_Male_23_744.wav,bowa gae ka di medal
SPCS/data/audio/011/011_Female_21_213.wav,dansa le gona ke sport
SPCS/data/audio/018/018_Male_21_390.wav,gona fa tournamenteng ye
SPCS/data/audio/007/007_Male_23_586.wav,e lego planete
SPCS/data/audio/001/001_Female_23_43.wav,le di challenge tše kgolo
SPCS/data/audio/020/020_Male_20_254.wav,basadi ba nale yona pressure
SPCS/data/audio/007/007_Male_23_201.wav,a tlo dira shopping
SPCS/data/audio/002/002_Male_24_679.wav,o nyaka thušo ya business
SPCS/data/audio/004/004_Female_17_42.wav,tšona di skills
SPCS/data/audio/011/011_Female_21_30.wav,mehla ge o tlaleletša airtime
SPCS/data/audio/019/019_Male_23_269.wav,nna ke blockile batho
SPCS/data/audio/009/009_Female_26_294.wav,ba hlwela television
SPCS/data/audio/011/011_Female_21_38.wav,ka dilo tša material
SPCS/data/audio/015/015_Female_91_58.wav,ka landline
SPCS/data/audio/006/006_Male_23_881.wav,of those days
SPCS/data/audio/011/011_Female_21_162.wav,o ya conferenceng
SPCS/data/audio/003/003_Female_27_170.wav,pele a eya di awardeng
SPCS/data/audio/019/019_Male_23_294.wav,brithani
SPCS/data/audio/002/002_Male_24_902.wav,la national planning commission
SPCS/data/audio/016/016_Female_21_221.wav,dollara go ya United Kingdom
SPCS/data/audio/002/002_Male_24_513.wav,ntšhitše di sprinter tše two
SPCS/data/audio/008/008_Male_23_189.wav,wa mohuta wa tic
SPCS/data/audio/004/004_Female_17_581.wav,angle ka moka ga tšona
SPCS/data/audio/010/010_Male_22_612.wav,o swara style
SPCS/data/audio/008/008_Male_23_441.wav,di jersey le di tracksuit
SPCS/data/audio/016/016_Female_21_486.wav,pele ga komiti ya palamente
SPCS/data/audio/003/003_Female_27_575.wav,ba suggesta gore rena re
SPCS/data/audio/011/011_Female_21_218.wav,hundred and seven for two
SPCS/data/audio/016/016_Female_21_12.wav,uniform ya bana ya sekolo
SPCS/data/audio/008/008_Male_23_155.wav,ke di bursary tše kae
SPCS/data/audio/008/008_Male_23_60.wav,a ka go tsebang personally
SPCS/data/audio/006/006_Male_23_316.wav,di awareness campaign
SPCS/data/audio/005/005_Male_26_396.wav,account ya yona e ka
SPCS/data/audio/010/010_Male_22_630.wav,goba soapie goba sitcom
SPCS/data/audio/005/005_Male_26_419.wav,e nale plan ya gore
SPCS/data/audio/002/002_Male_24_303.wav,sona ka accounteng ya banka
SPCS/data/audio/014/014_Male_25_202.wav,go šomišana le di stakeholders
SPCS/data/audio/015/015_Female_91_421.wav,wa leloko la board
SPCS/data/audio/012/012_Female_20_415.wav,training academay ya di arts
SPCS/data/audio/017/017_Male_22_20.wav,retshwenya ke di drugs
SPCS/data/audio/019/019_Male_23_483.wav,lenaneo la outreach
SPCS/data/audio/004/004_Female_17_535.wav,wa leloko la board
SPCS/data/audio/013/013_Male_27_141.wav,di tlileng go tlo exhibita
SPCS/data/audio/010/010_Male_22_280.wav,ntšhitše di sprinter tše two
SPCS/data/audio/013/013_Male_27_438.wav,ke fishing
SPCS/data/audio/011/011_Female_21_49.wav,ikaparetše dilo tše di simple
SPCS/data/audio/019/019_Male_23_192.wav,recharga ka MTN easy
SPCS/data/audio/010/010_Male_22_657.wav,pressure ke e ntšhi ye
SPCS/data/audio/006/006_Male_23_851.wav,holong ya masepala
SPCS/data/audio/006/006_Male_23_665.wav,date yela ke di nineteen
SPCS/data/audio/011/011_Female_21_10.wav,ge o dira follow up
SPCS/data/audio/017/017_Male_22_86.wav,mabapi le construction exhibition
SPCS/data/audio/015/015_Female_91_107.wav,traffic lights ga di šome
SPCS/data/audio/016/016_Female_21_223.wav,go lokišwa tsela ko Nigel
SPCS/data/audio/006/006_Male_23_362.wav,of those days
SPCS/data/audio/005/005_Male_26_359.wav,nna ke blockile batho
SPCS/data/audio/011/011_Female_21_194.wav,some how ka mogau
SPCS/data/audio/012/012_Female_20_480.wav,batho bale ba go repossesa
SPCS/data/audio/020/020_Male_20_215.wav,tankana tše pedi
SPCS/data/audio/004/004_Female_17_266.wav,ge a ka dira appeal
SPCS/data/audio/010/010_Male_22_418.wav,exhibition e ebile ka mokgo
SPCS/data/audio/013/013_Male_27_269.wav,o sa le a stuckile
SPCS/data/audio/004/004_Female_17_223.wav,re palelwa ke go copa
SPCS/data/audio/019/019_Male_23_70.wav,wa two thousand and nine
SPCS/data/audio/011/011_Female_21_444.wav,of real gospel music
SPCS/data/audio/020/020_Male_20_383.wav,e be agency fela
SPCS/data/audio/020/020_Male_20_411.wav,who are leading the right
SPCS/data/audio/008/008_Male_23_389.wav,go tla interview
SPCS/data/audio/020/020_Male_20_289.wav,ka hwetša twenty percent discount
SPCS/data/audio/002/002_Male_24_904.wav,angle ka moka ga tšona
SPCS/data/audio/002/002_Male_24_642.wav,account ya yona e ka
SPCS/data/audio/015/015_Female_91_553.wav,ke fashion ya go tsenelela
SPCS/data/audio/012/012_Female_20_93.wav,kgona go ka ba corruptable
SPCS/data/audio/020/020_Male_20_99.wav,wa nyaka salad dressing
SPCS/data/audio/016/016_Female_21_89.wav,lokiša hundred and twenty rand
SPCS/data/audio/004/004_Female_17_191.wav,di results le se meetseng
SPCS/data/audio/016/016_Female_21_126.wav,labohlano la di eighteen november
SPCS/data/audio/015/015_Female_91_292.wav,re leba ka studio six
SPCS/data/audio/013/013_Male_27_241.wav,o hwetše code ya moswananoši
SPCS/data/audio/004/004_Female_17_226.wav,bakgopedi ba di tendera
SPCS/data/audio/014/014_Male_25_334.wav,bohlaba bja toropo ya Pretoria
SPCS/data/audio/004/004_Female_17_301.wav,nako e ngwe o ntheka
SPCS/data/audio/015/015_Female_91_645.wav,fourty seven percent
SPCS/data/audio/002/002_Male_24_917.wav,ge motho a dira abortion
SPCS/data/audio/015/015_Female_91_15.wav,ba phasa
SPCS/data/audio/002/002_Male_24_627.wav,go tsena tsena ga dipolotiki
SPCS/data/audio/003/003_Female_27_576.wav,ke bona project ya lena
SPCS/data/audio/010/010_Male_22_227.wav,of those days
SPCS/data/audio/007/007_Male_23_521.wav,hundred and seventy thousand
SPCS/data/audio/006/006_Male_23_756.wav,ge re ema traffic circleng
SPCS/data/audio/005/005_Male_26_67.wav,go feta eight million rand
SPCS/data/audio/002/002_Male_24_64.wav,doctor re a le amogela
SPCS/data/audio/004/004_Female_17_100.wav,ke le busy ka ofising
SPCS/data/audio/009/009_Female_26_52.wav,pele ga komiti ya palamente
SPCS/data/audio/003/003_Female_27_300.wav,di bitšang gore ke infection
SPCS/data/audio/003/003_Female_27_275.wav,hundred and seventy thousand
SPCS/data/audio/002/002_Male_24_382.wav,a mo hlasela ka panga
SPCS/data/audio/012/012_Female_20_404.wav,tsenela dikgwebo tša construction
SPCS/data/audio/005/005_Male_26_244.wav,hlaelelo ya diesel ya sulphur
SPCS/data/audio/002/002_Male_24_143.wav,papadi e le ya crickete
SPCS/data/audio/010/010_Male_22_167.wav,hwetša di address tša batho
SPCS/data/audio/014/014_Male_25_401.wav,wa nyaka di mushrooms
SPCS/data/audio/014/014_Male_25_122.wav,a dira loan e tee
SPCS/data/audio/001/001_Female_23_496.wav,mabapi le di exhibition
SPCS/data/audio/007/007_Male_23_502.wav,pele ga komiti ya palamente
SPCS/data/audio/019/019_Male_23_397.wav,ya jewa two one
SPCS/data/audio/010/010_Male_22_120.wav,go rakwa partying
SPCS/data/audio/002/002_Male_24_885.wav,province e tsamaiše
SPCS/data/audio/020/020_Male_20_172.wav,e nyenyefatše gore di portrait
SPCS/data/audio/009/009_Female_26_168.wav,all the colleges tša mo
SPCS/data/audio/001/001_Female_23_447.wav,ga ba fetole my comments
SPCS/data/audio/015/015_Female_91_401.wav,ga ba ba lucky
SPCS/data/audio/016/016_Female_21_443.wav,ka dilo tša material
SPCS/data/audio/008/008_Male_23_88.wav,lekala la banka
SPCS/data/audio/003/003_Female_27_447.wav,betha di pillar ka matlapa
SPCS/data/audio/018/018_Male_21_393.wav,level e tee ya salary
SPCS/data/audio/013/013_Male_27_204.wav,o tlo tlotša polish
SPCS/data/audio/007/007_Male_23_67.wav,phone ya ka e be
SPCS/data/audio/003/003_Female_27_399.wav,hundred kilometer ka awara
SPCS/data/audio/003/003_Female_27_527.wav,a bona profile ya ka
SPCS/data/audio/013/013_Male_27_42.wav,go hwetša di opportunities
SPCS/data/audio/005/005_Male_26_227.wav,go buša order
SPCS/data/audio/016/016_Female_21_397.wav,rena re le radio
SPCS/data/audio/010/010_Male_22_393.wav,khomišene ya bo setšhaba ya
SPCS/data/audio/016/016_Female_21_172.wav,team ya gagwe ya go
SPCS/data/audio/014/014_Male_25_360.wav,ka la tharo december
SPCS/data/audio/003/003_Female_27_299.wav,napile professor
SPCS/data/audio/011/011_Female_21_355.wav,bangwe ga ba na timing
SPCS/data/audio/018/018_Male_21_74.wav,go bolela le bona gore
SPCS/data/audio/017/017_Male_22_285.wav,ba re romele di form
SPCS/data/audio/003/003_Female_27_178.wav,bobedi ke wola wa semi-automatic
SPCS/data/audio/007/007_Male_23_470.wav,ikaparetše dilo tše di simple
SPCS/data/audio/006/006_Male_23_899.wav,team ya gagwe ya go
SPCS/data/audio/004/004_Female_17_180.wav,gore di form tše re
SPCS/data/audio/001/001_Female_23_194.wav,phone ya ka e be
SPCS/data/audio/019/019_Male_23_149.wav,forty four thousand
SPCS/data/audio/003/003_Female_27_119.wav,le di challenge tše kgolo
SPCS/data/audio/010/010_Male_22_650.wav,fine ye kgolo kgolo
SPCS/data/audio/001/001_Female_23_483.wav,di ranta tša go feta
SPCS/data/audio/009/009_Female_26_184.wav,dinatla tša mmino wa gospel
SPCS/data/audio/010/010_Male_22_71.wav,ke go ya khaunthareng
SPCS/data/audio/006/006_Male_23_469.wav,bomenetša bja di tendera
SPCS/data/audio/015/015_Female_91_256.wav,date yela ke di nineteen
SPCS/data/audio/001/001_Female_23_533.wav,as long as e le
SPCS/data/audio/007/007_Male_23_343.wav,gare ga toropo ya johannesburg
SPCS/data/audio/010/010_Male_22_428.wav,maketše ge ba bona response
SPCS/data/audio/014/014_Male_25_405.wav,lokela ka gare ga plastiki
SPCS/data/audio/012/012_Female_20_368.wav,nako e ngwe o ntheka
SPCS/data/audio/015/015_Female_91_525.wav,ntšhitše di sprinter tše two
SPCS/data/audio/013/013_Male_27_299.wav,e tsebagaditše di projeke
SPCS/data/audio/019/019_Male_23_310.wav,di ranta tša go feta
SPCS/data/audio/015/015_Female_91_388.wav,fapana a di social grants
SPCS/data/audio/002/002_Male_24_469.wav,a sa tsebe di outcome
SPCS/data/audio/006/006_Male_23_303.wav,hwetša di address tša batho
SPCS/data/audio/020/020_Male_20_472.wav,festival ya kgoparara ya thobelaFM
SPCS/data/audio/012/012_Female_20_306.wav,ba ile festivaleng
SPCS/data/audio/005/005_Male_26_442.wav,for go transporta baswa ba
SPCS/data/audio/014/014_Male_25_491.wav,for go transporta baswa ba
SPCS/data/audio/019/019_Male_23_335.wav,training academay ya di arts
SPCS/data/audio/020/020_Male_20_173.wav,training academy ya di art
SPCS/data/audio/006/006_Male_23_95.wav,ke mang fiance ya gago
SPCS/data/audio/009/009_Female_26_343.wav,lane ya letsogo la goja
SPCS/data/audio/012/012_Female_20_98.wav,ga o tlo re hello
SPCS/data/audio/006/006_Male_23_146.wav,ka di six tša december
SPCS/data/audio/002/002_Male_24_155.wav,gagwe o be a graduata
SPCS/data/audio/007/007_Male_23_225.wav,pressure ke e ntšhi ye
SPCS/data/audio/006/006_Male_23_199.wav,wa mohuta wa tic
SPCS/data/audio/001/001_Female_23_260.wav,ke le busy ka ofising
SPCS/data/audio/005/005_Male_26_478.wav,ka two thousand and eight
SPCS/data/audio/003/003_Female_27_237.wav,e le tša gauta
SPCS/data/audio/002/002_Male_24_787.wav,kgona go go rekela airtime
SPCS/data/audio/014/014_Male_25_416.wav,a mbora ka nako yeo
SPCS/data/audio/003/003_Female_27_302.wav,ga ba ba lucky
SPCS/data/audio/001/001_Female_23_614.wav,projeke ya setšhaba
SPCS/data/audio/014/014_Male_25_468.wav,e nale plan ya gore
SPCS/data/audio/015/015_Female_91_560.wav,di jersey le di tracksuit
SPCS/data/audio/006/006_Male_23_569.wav,tše ka moka tša art
SPCS/data/audio/020/020_Male_20_242.wav,barutiši ba sekolo sa primary
SPCS/data/audio/002/002_Male_24_654.wav,di tlileng go tlo exhibita
SPCS/data/audio/015/015_Female_91_574.wav,ba ile festivaleng
SPCS/data/audio/007/007_Male_23_555.wav,swanetše go tsošološa di grants
SPCS/data/audio/010/010_Male_22_325.wav,di wheelchair di tletše gohle
SPCS/data/audio/003/003_Female_27_229.wav,ka dikgwedi tše twelve
SPCS/data/audio/001/001_Female_23_587.wav,basadi ba nale pressure
SPCS/data/audio/012/012_Female_20_119.wav,gore motho a qualifaele
SPCS/data/audio/004/004_Female_17_297.wav,le di posts tša ka
SPCS/data/audio/001/001_Female_23_199.wav,hundred and seventy thousand
SPCS/data/audio/015/015_Female_91_656.wav,pressure ke e ntšhi ye
SPCS/data/audio/007/007_Male_23_665.wav,mabapi le construction exhibition
SPCS/data/audio/003/003_Female_27_331.wav,ge go nyakega copy
SPCS/data/audio/007/007_Male_23_69.wav,o re hello le kae
SPCS/data/audio/005/005_Male_26_180.wav,a festival with a purpose
SPCS/data/audio/015/015_Female_91_286.wav,leina la projeke ya setšhaba
SPCS/data/audio/019/019_Male_23_130.wav,gopola gore facebook ya rena
SPCS/data/audio/005/005_Male_26_149.wav,lokiša hundred and twenty rand
SPCS/data/audio/018/018_Male_21_253.wav,sona ka accounteng ya banka
SPCS/data/audio/011/011_Female_21_344.wav,updata nna ke a commenta
SPCS/data/audio/004/004_Female_17_125.wav,di principles tša batho pele
SPCS/data/audio/017/017_Male_22_90.wav,exhibition e ebile ka mokgo
SPCS/data/audio/005/005_Male_26_340.wav,o drainwa mo sepetlele
SPCS/data/audio/018/018_Male_21_404.wav,go feta maatla a ranta
SPCS/data/audio/002/002_Male_24_66.wav,ka june ya ngwaga wona
SPCS/data/audio/007/007_Male_23_675.wav,be interested go construction fela
SPCS/data/audio/003/003_Female_27_478.wav,ya gore daddy wa lwala
SPCS/data/audio/019/019_Male_23_301.wav,ke mang fiance ya gago
SPCS/data/audio/009/009_Female_26_499.wav,ka hwetša twenty percent discount
SPCS/data/audio/013/013_Male_27_156.wav,tše ka moka tša art
SPCS/data/audio/020/020_Male_20_162.wav,ke bona project ya lena
SPCS/data/audio/001/001_Female_23_381.wav,traffic lights ga di šome
SPCS/data/audio/007/007_Male_23_465.wav,basadi ba nale yona pressure
SPCS/data/audio/002/002_Male_24_890.wav,after school
SPCS/data/audio/002/002_Male_24_418.wav,go leka go impressa basadi
SPCS/data/audio/012/012_Female_20_288.wav,traffic lights ga di šome
SPCS/data/audio/011/011_Female_21_365.wav,tona ya kgwebo le indasteri
SPCS/data/audio/008/008_Male_23_204.wav,ikaparetše dilo tše di simple
SPCS/data/audio/008/008_Male_23_418.wav,I am so scared
SPCS/data/audio/009/009_Female_26_452.wav,barutiši ba sekolo sa primary
SPCS/data/audio/004/004_Female_17_391.wav,bobedi ke wola wa semi-automatic
SPCS/data/audio/003/003_Female_27_416.wav,gore di form tše re
SPCS/data/audio/003/003_Female_27_547.wav,lane ya letsogo la goja
SPCS/data/audio/015/015_Female_91_154.wav,o hlokagetše fleteng ya gage
SPCS/data/audio/016/016_Female_21_522.wav,e be di official residents
SPCS/data/audio/012/012_Female_20_272.wav,recharga ka MTN easy
SPCS/data/audio/003/003_Female_27_29.wav,ya gore daddy wa lwala
SPCS/data/audio/003/003_Female_27_25.wav,wa go ba seterateng
SPCS/data/audio/013/013_Male_27_409.wav,go buša order
SPCS/data/audio/015/015_Female_91_82.wav,ke thomile ministry ke
SPCS/data/audio/001/001_Female_23_157.wav,dira kgopelo ya loan
SPCS/data/audio/010/010_Male_22_402.wav,di robot ga di šome
SPCS/data/audio/005/005_Male_26_31.wav,la tharo december twenty eleven
SPCS/data/audio/011/011_Female_21_206.wav,a sa tsebe di outcome
SPCS/data/audio/017/017_Male_22_351.wav,who are leading the right
SPCS/data/audio/010/010_Male_22_543.wav,go papadi ya netball
SPCS/data/audio/003/003_Female_27_562.wav,exhibition yela ra go bolela
SPCS/data/audio/016/016_Female_21_74.wav,di ofisi tša rena magaeng
SPCS/data/audio/002/002_Male_24_496.wav,go tla interview
SPCS/data/audio/013/013_Male_27_497.wav,wa go ba seterateng
SPCS/data/audio/003/003_Female_27_73.wav,nna ke blockile mogwera
SPCS/data/audio/016/016_Female_21_234.wav,apara di shades tša gago
SPCS/data/audio/014/014_Male_25_17.wav,ke bona project ya lena
SPCS/data/audio/006/006_Male_23_754.wav,o sa le a stuckile
SPCS/data/audio/018/018_Male_21_72.wav,all the colleges tša mo
SPCS/data/audio/014/014_Male_25_517.wav,bobedi ke wola wa semi-automatic
SPCS/data/audio/018/018_Male_21_64.wav,ba grade twelve learners
SPCS/data/audio/006/006_Male_23_874.wav,la national planning commission
SPCS/data/audio/015/015_Female_91_637.wav,go tla interview
SPCS/data/audio/020/020_Male_20_300.wav,komišene ya bosetšhaba
SPCS/data/audio/005/005_Male_26_40.wav,direga eng mo operation repo
SPCS/data/audio/006/006_Male_23_855.wav,re ka ba le agency
SPCS/data/audio/017/017_Male_22_129.wav,mec wa sports and culture
SPCS/data/audio/014/014_Male_25_98.wav,ba grade four to seven
SPCS/data/audio/007/007_Male_23_455.wav,wa mohuta wa tic
SPCS/data/audio/011/011_Female_21_314.wav,baswa leading the right life
SPCS/data/audio/015/015_Female_91_634.wav,graduation ya ngwana wa gagwe
SPCS/data/audio/010/010_Male_22_488.wav,ge o dira follow up
SPCS/data/audio/012/012_Female_20_121.wav,le child support grant
SPCS/data/audio/006/006_Male_23_785.wav,yona rehabilitation
SPCS/data/audio/014/014_Male_25_193.wav,re kwešiša position ya bona
SPCS/data/audio/015/015_Female_91_171.wav,nna ke blockile morago ga
SPCS/data/audio/007/007_Male_23_703.wav,tšeo di transportilego batho
SPCS/data/audio/020/020_Male_20_284.wav,motsotso wo wa go šaena
SPCS/data/audio/017/017_Male_22_158.wav,a mo hlasela ka panga
SPCS/data/audio/002/002_Male_24_4.wav,ka hwetša twenty percent discount
SPCS/data/audio/003/003_Female_27_75.wav,nna ke blockile motho ka
SPCS/data/audio/008/008_Male_23_431.wav,wa boraro ga se semi-automatic
SPCS/data/audio/020/020_Male_20_18.wav,ke thomile ministry ke
SPCS/data/audio/011/011_Female_21_195.wav,set my record straight
SPCS/data/audio/008/008_Male_23_409.wav,di polio
SPCS/data/audio/018/018_Male_21_284.wav,training academay ya di arts
SPCS/data/audio/007/007_Male_23_666.wav,swarelwa ka peter mokaba stadium
SPCS/data/audio/011/011_Female_21_477.wav,o nthomela please call me
SPCS/data/audio/013/013_Male_27_290.wav,ga o tlo re hello
SPCS/data/audio/010/010_Male_22_262.wav,ka landline
SPCS/data/audio/016/016_Female_21_383.wav,ka di six tša december
SPCS/data/audio/016/016_Female_21_31.wav,se dira ke go taela
SPCS/data/audio/012/012_Female_20_522.wav,gore a ka se afforde
SPCS/data/audio/002/002_Male_24_828.wav,e be di official residents
SPCS/data/audio/006/006_Male_23_978.wav,ka la tharo december
SPCS/data/audio/020/020_Male_20_441.wav,graduation ya ngwana wa gagwe
SPCS/data/audio/012/012_Female_20_82.wav,kgona go go rekela airtime
SPCS/data/audio/001/001_Female_23_314.wav,di ballroom
SPCS/data/audio/020/020_Male_20_113.wav,a bona profile ya ka
SPCS/data/audio/014/014_Male_25_302.wav,ke blockile celebrities
SPCS/data/audio/004/004_Female_17_156.wav,ba mo knockile
SPCS/data/audio/016/016_Female_21_557.wav,di awareness campaign
SPCS/data/audio/012/012_Female_20_50.wav,basadi ba nale yona pressure
SPCS/data/audio/017/017_Male_22_233.wav,mokonstable wa maphodisa
SPCS/data/audio/014/014_Male_25_486.wav,ko sekhukhuni district ya gešu
SPCS/data/audio/009/009_Female_26_379.wav,dira diimport and export
SPCS/data/audio/005/005_Male_26_242.wav,goba soapie goba sitcom
SPCS/data/audio/006/006_Male_23_774.wav,go rakwa partying
SPCS/data/audio/001/001_Female_23_206.wav,le di track suit
SPCS/data/audio/010/010_Male_22_670.wav,recharga ka MTN easy
SPCS/data/audio/010/010_Male_22_100.wav,o sa le a stuckile
SPCS/data/audio/018/018_Male_21_254.wav,banka ya gona
SPCS/data/audio/010/010_Male_22_206.wav,motho a applyele mphiwafela
SPCS/data/audio/019/019_Male_23_422.wav,mafelo a go socialisa
SPCS/data/audio/004/004_Female_17_30.wav,go rakwa partying
SPCS/data/audio/016/016_Female_21_517.wav,go accessa di services tša
SPCS/data/audio/010/010_Male_22_395.wav,tona ya kgwebo le indasteri
SPCS/data/audio/019/019_Male_23_189.wav,I am so scared
SPCS/data/audio/012/012_Female_20_228.wav,a beilego record e ntshwa
SPCS/data/audio/002/002_Male_24_5.wav,go feta maatla a ranta
SPCS/data/audio/006/006_Male_23_802.wav,go accessa ditirelo tša rena
SPCS/data/audio/003/003_Female_27_98.wav,lane ya letsogo la goja
SPCS/data/audio/012/012_Female_20_80.wav,motsotso wo wa go šaena
SPCS/data/audio/002/002_Male_24_822.wav,ba home affairs
SPCS/data/audio/011/011_Female_21_119.wav,go accessa ditirelo tša rena
SPCS/data/audio/004/004_Female_17_406.wav,re leba ka studio six
SPCS/data/audio/012/012_Female_20_429.wav,tšeo di transportilego batho
SPCS/data/audio/020/020_Male_20_150.wav,exhibition e ebile ka mokgo
SPCS/data/audio/009/009_Female_26_229.wav,ounce e tee ke
SPCS/data/audio/012/012_Female_20_152.wav,ke a ratang a bibele
SPCS/data/audio/002/002_Male_24_942.wav,graduation ya ngwana wa gagwe
SPCS/data/audio/001/001_Female_23_401.wav,disturba o sa re wa
SPCS/data/audio/010/010_Male_22_538.wav,ditaba tša dipapadi tša swimming
SPCS/data/audio/007/007_Male_23_103.wav,ke sa judge motho
SPCS/data/audio/018/018_Male_21_464.wav,ba swere economy ya lefase
SPCS/data/audio/007/007_Male_23_527.wav,di jeresi tše di botse
SPCS/data/audio/009/009_Female_26_495.wav,se dira ke go taela
SPCS/data/audio/006/006_Male_23_74.wav,a ka go tsebang personally
SPCS/data/audio/006/006_Male_23_673.wav,go feta two hundred thousand
SPCS/data/audio/016/016_Female_21_152.wav,set my record straight
SPCS/data/audio/012/012_Female_20_436.wav,le confusion ya di date
SPCS/data/audio/014/014_Male_25_22.wav,ya go rekiša jewellery
SPCS/data/audio/014/014_Male_25_210.wav,mošireletši wa setšhaba advocate
SPCS/data/audio/002/002_Male_24_777.wav,gona fa tournamenteng ye
SPCS/data/audio/016/016_Female_21_575.wav,labohlano la di eighteen november
SPCS/data/audio/018/018_Male_21_156.wav,lane e tee e tšwaletše
SPCS/data/audio/017/017_Male_22_68.wav,ranta kgahlanong le ponto ya
SPCS/data/audio/018/018_Male_21_212.wav,wa nyaka spinach
SPCS/data/audio/008/008_Male_23_288.wav,lokiša hundred and twenty rand
SPCS/data/audio/002/002_Male_24_144.wav,hundred and seven for two
SPCS/data/audio/009/009_Female_26_104.wav,lokiša hundred and twenty rand
SPCS/data/audio/011/011_Female_21_340.wav,o tlo ntšha plastic bag
SPCS/data/audio/007/007_Male_23_458.wav,botša eng girlfriend ya ka
SPCS/data/audio/009/009_Female_26_201.wav,gagwe o be a graduata
SPCS/data/audio/009/009_Female_26_146.wav,ke yona disability
SPCS/data/audio/019/019_Male_23_2.wav,kgona go go rekela airtime
SPCS/data/audio/001/001_Female_23_485.wav,swarelwa ka peter mokaba stadium
SPCS/data/audio/010/010_Male_22_242.wav,dinatla tša mmino wa gospel
SPCS/data/audio/016/016_Female_21_257.wav,mošomo wa bankeng
SPCS/data/audio/003/003_Female_27_609.wav,ke le busy ka ofising
SPCS/data/audio/001/001_Female_23_107.wav,a mo hlasela ka panga
SPCS/data/audio/020/020_Male_20_81.wav,ka se tlo confront motho
SPCS/data/audio/015/015_Female_91_347.wav,ge re ema traffic circleng
SPCS/data/audio/019/019_Male_23_421.wav,banna ba na le pressure
SPCS/data/audio/020/020_Male_20_457.wav,o mo top hundred
SPCS/data/audio/001/001_Female_23_315.wav,team ya gagwe ya go
SPCS/data/audio/003/003_Female_27_156.wav,le confusion ya di date
SPCS/data/audio/005/005_Male_26_348.wav,ke salad yeo e loketšego
SPCS/data/audio/012/012_Female_20_328.wav,o ka se confront lapa
SPCS/data/audio/015/015_Female_91_88.wav,I am so scared
SPCS/data/audio/017/017_Male_22_231.wav,pele ga komiti ya palamente
SPCS/data/audio/004/004_Female_17_246.wav,bomenetša bja di tendera
SPCS/data/audio/019/019_Male_23_233.wav,bomenetša bja di tendera
SPCS/data/audio/009/009_Female_26_392.wav,ko sekhukhuni district ya gešu
SPCS/data/audio/003/003_Female_27_51.wav,šomiša di million tse lekgolo
SPCS/data/audio/015/015_Female_91_650.wav,o mo top hundred
SPCS/data/audio/016/016_Female_21_548.wav,ka twenty fifteen
SPCS/data/audio/012/012_Female_20_17.wav,tšwa go album ya majakathata
SPCS/data/audio/020/020_Male_20_381.wav,le ge democracy e kokota
SPCS/data/audio/015/015_Female_91_471.wav,all the colleges tša mo
SPCS/data/audio/006/006_Male_23_562.wav,ba suggesta gore rena re
SPCS/data/audio/004/004_Female_17_261.wav,o ka se confront lapa
SPCS/data/audio/005/005_Male_26_120.wav,goba yona art
SPCS/data/audio/004/004_Female_17_217.wav,apara di shades tša gago
SPCS/data/audio/001/001_Female_23_493.wav,re beakantše ya agriculture
SPCS/data/audio/012/012_Female_20_583.wav,re kwešiša position ya bona
SPCS/data/audio/015/015_Female_91_243.wav,nna ka nkreya mo address
SPCS/data/audio/012/012_Female_20_364.wav,le di posts tša ka
SPCS/data/audio/006/006_Male_23_347.wav,go phatlalala le province
SPCS/data/audio/010/010_Male_22_239.wav,suggestion ya ka
SPCS/data/audio/017/017_Male_22_133.wav,wa kgona go auditiona mo
SPCS/data/audio/011/011_Female_21_143.wav,ka twenty fifteen
SPCS/data/audio/006/006_Male_23_636.wav,di exhibition tše tša lena
SPCS/data/audio/009/009_Female_26_255.wav,re palelwa ke go copa
SPCS/data/audio/003/003_Female_27_39.wav,colleges le di universities tša
SPCS/data/audio/012/012_Female_20_411.wav,ke nale shopo ya ka
SPCS/data/audio/013/013_Male_27_479.wav,lane e tee e tšwaletše
SPCS/data/audio/002/002_Male_24_889.wav,kgona go isupporta
SPCS/data/audio/012/012_Female_20_379.wav,di robot ga di šome
SPCS/data/audio/012/012_Female_20_64.wav,dira kgopelo ya loan
SPCS/data/audio/006/006_Male_23_276.wav,ba home affairs
SPCS/data/audio/007/007_Male_23_2.wav,mehla ge o tlaleletša airtime
SPCS/data/audio/011/011_Female_21_3.wav,bobedi ke wola wa semi-automatic
SPCS/data/audio/007/007_Male_23_52.wav,go feta maatla a ranta
SPCS/data/audio/002/002_Male_24_459.wav,all the colleges tša mo
SPCS/data/audio/017/017_Male_22_535.wav,mabapi le construction exhibition
SPCS/data/audio/005/005_Male_26_315.wav,wa go ba seterateng
SPCS/data/audio/006/006_Male_23_827.wav,wa two thousand and nine
SPCS/data/audio/009/009_Female_26_61.wav,komišene ya bosetšhaba
SPCS/data/audio/007/007_Male_23_718.wav,go amana le di athletiki
SPCS/data/audio/011/011_Female_21_7.wav,di company tša afrika borwa
SPCS/data/audio/016/016_Female_21_165.wav,ge o ka ba adamant
SPCS/data/audio/014/014_Male_25_47.wav,date yela ke di nineteen
SPCS/data/audio/002/002_Male_24_735.wav,direga eng mo operation repo
SPCS/data/audio/010/010_Male_22_234.wav,bible e bolela bjalo
SPCS/data/audio/020/020_Male_20_309.wav,o ithopela two thousand rand
SPCS/data/audio/016/016_Female_21_456.wav,go feta eight million rand
SPCS/data/audio/017/017_Male_22_338.wav,a ba fa citizen report
SPCS/data/audio/005/005_Male_26_480.wav,la tharo december twenty eleven
SPCS/data/audio/010/010_Male_22_466.wav,ebile ga se wena coach
SPCS/data/audio/019/019_Male_23_243.wav,ke ngwana o mo sharp
SPCS/data/audio/005/005_Male_26_183.wav,taba tše tša histori
SPCS/data/audio/018/018_Male_21_478.wav,shopping center tše di kgolwane
SPCS/data/audio/017/017_Male_22_108.wav,tše ka moka tša art
SPCS/data/audio/001/001_Female_23_472.wav,di robot ga di šome
SPCS/data/audio/009/009_Female_26_103.wav,wa porega bjang
SPCS/data/audio/016/016_Female_21_572.wav,taba tše tša histori
SPCS/data/audio/002/002_Male_24_423.wav,tsamaišana le body ya gage
SPCS/data/audio/014/014_Male_25_307.wav,fourty seven percent
SPCS/data/audio/020/020_Male_20_408.wav,of those days
SPCS/data/audio/019/019_Male_23_147.wav,tša melao ya di traffic
SPCS/data/audio/009/009_Female_26_470.wav,tsamaišana le body ya gage
SPCS/data/audio/016/016_Female_21_501.wav,e tšhaba tšhaba mo networkeng
SPCS/data/audio/003/003_Female_27_435.wav,yellow pepper e tee
SPCS/data/audio/006/006_Male_23_470.wav,ntlo tše botse tša quality
SPCS/data/audio/003/003_Female_27_498.wav,ba hlwela television
SPCS/data/audio/013/013_Male_27_153.wav,mantlo a fifteen thousand
SPCS/data/audio/016/016_Female_21_324.wav,brithani
SPCS/data/audio/007/007_Male_23_80.wav,lenaneo la outreach
SPCS/data/audio/010/010_Male_22_309.wav,traffic lights ga di bereke
SPCS/data/audio/004/004_Female_17_175.wav,o robile record
SPCS/data/audio/012/012_Female_20_146.wav,ba swere economy ya lefase
SPCS/data/audio/006/006_Male_23_835.wav,di awareness campaign
SPCS/data/audio/016/016_Female_21_240.wav,re palelwa ke go copa
SPCS/data/audio/011/011_Female_21_17.wav,nyakago di tickets tša festival
SPCS/data/audio/009/009_Female_26_265.wav,the head of department
SPCS/data/audio/003/003_Female_27_380.wav,bible e bolela bjalo
SPCS/data/audio/015/015_Female_91_263.wav,go amana le di athletiki
SPCS/data/audio/006/006_Male_23_26.wav,kgopelo ya bail
SPCS/data/audio/006/006_Male_23_912.wav,a tlo dira shopping
SPCS/data/audio/012/012_Female_20_503.wav,goba di parkeng
SPCS/data/audio/001/001_Female_23_56.wav,ya go rekiša jewellery
SPCS/data/audio/020/020_Male_20_238.wav,basadi ba lokela pressure banneng
SPCS/data/audio/015/015_Female_91_113.wav,ba go nyaka di kontraka
SPCS/data/audio/020/020_Male_20_503.wav,ka la tharo december
SPCS/data/audio/007/007_Male_23_767.wav,ka dilo tša material
SPCS/data/audio/007/007_Male_23_180.wav,o swara style
SPCS/data/audio/018/018_Male_21_325.wav,pakaneng ya omo auto
SPCS/data/audio/006/006_Male_23_736.wav,ka lefela loan ya gagwe
SPCS/data/audio/002/002_Male_24_100.wav,ke yona disability
SPCS/data/audio/007/007_Male_23_431.wav,ge o dira follow up
SPCS/data/audio/006/006_Male_23_9.wav,kgoro ya tsheko ya mmasetrata
SPCS/data/audio/009/009_Female_26_60.wav,a bolailwego ka panga
SPCS/data/audio/006/006_Male_23_187.wav,ge e le second half
SPCS/data/audio/017/017_Male_22_226.wav,kgona go go rekela airtime
SPCS/data/audio/019/019_Male_23_67.wav,ka june ya ngwaga wona
SPCS/data/audio/018/018_Male_21_480.wav,ge go nyakega copy
SPCS/data/audio/006/006_Male_23_838.wav,go tšwa police station
SPCS/data/audio/007/007_Male_23_214.wav,fourty seven percent
SPCS/data/audio/003/003_Female_27_506.wav,gona ka mo stadium sa
SPCS/data/audio/007/007_Male_23_45.wav,ge re ema traffic circleng
SPCS/data/audio/002/002_Male_24_420.wav,mafelo a go socialisa
SPCS/data/audio/017/017_Male_22_215.wav,go papadi ya netball
SPCS/data/audio/018/018_Male_21_475.wav,ke tswaletše account kua bankeng
SPCS/data/audio/007/007_Male_23_485.wav,mo kapteni wa sehlopa
SPCS/data/audio/004/004_Female_17_49.wav,di municipality tša rena
SPCS/data/audio/012/012_Female_20_553.wav,karabo ke roast lamb
SPCS/data/audio/015/015_Female_91_153.wav,tšwela pele bjalo ka presidente
SPCS/data/audio/011/011_Female_21_378.wav,banka ya gona
SPCS/data/audio/006/006_Male_23_560.wav,tsenela dikgwebo tša construction
SPCS/data/audio/010/010_Male_22_416.wav,exhibition yela ra go bolela
SPCS/data/audio/019/019_Male_23_324.wav,tsenela dikgwebo tša construction
SPCS/data/audio/008/008_Male_23_256.wav,e tsebagaditše di projeke
SPCS/data/audio/011/011_Female_21_502.wav,ka dikgwedi tše twelve
SPCS/data/audio/007/007_Male_23_678.wav,tsenela dikgwebo tša construction
SPCS/data/audio/011/011_Female_21_205.wav,ge motho a dira abortion
SPCS/data/audio/018/018_Male_21_204.wav,o hlokagetše fleteng ya gage
SPCS/data/audio/003/003_Female_27_7.wav,lane e tee e tšwaletše
SPCS/data/audio/019/019_Male_23_62.wav,ba changile di address
SPCS/data/audio/011/011_Female_21_399.wav,ba suggesta gore rena re
SPCS/data/audio/010/010_Male_22_130.wav,e tsebagaditše di projeke
SPCS/data/audio/007/007_Male_23_650.wav,mošomo wa psychometric
SPCS/data/audio/020/020_Male_20_255.wav,go leka go impressa basadi
SPCS/data/audio/014/014_Male_25_39.wav,tšeo di transportilego batho
SPCS/data/audio/004/004_Female_17_97.wav,ke sepela ka sekuta
SPCS/data/audio/001/001_Female_23_600.wav,ka dilo tša material
SPCS/data/audio/001/001_Female_23_566.wav,re leba ka studio six
SPCS/data/audio/002/002_Male_24_747.wav,lenaneo la television
SPCS/data/audio/007/007_Male_23_98.wav,ba sepela ka di crutches
SPCS/data/audio/017/017_Male_22_201.wav,go feta eight million rand
SPCS/data/audio/012/012_Female_20_489.wav,wa mohuta wa tic
SPCS/data/audio/019/019_Male_23_304.wav,sona ka accounteng ya banka
SPCS/data/audio/005/005_Male_26_327.wav,baswa ba tšwile pateng
SPCS/data/audio/017/017_Male_22_67.wav,tona ya kgwebo le indasteri
SPCS/data/audio/014/014_Male_25_279.wav,dansa le gona ke sport
SPCS/data/audio/017/017_Male_22_497.wav,nna ke blockile mogwera
SPCS/data/audio/016/016_Female_21_178.wav,a beilego record e ntshwa
SPCS/data/audio/010/010_Male_22_441.wav,training academy ya di art
SPCS/data/audio/004/004_Female_17_321.wav,lekala la banka
SPCS/data/audio/006/006_Male_23_1055.wav,ka january a ka emiša
SPCS/data/audio/002/002_Male_24_743.wav,barutiši ba sekolo sa primary
SPCS/data/audio/003/003_Female_27_520.wav,updata nna ke a commenta
SPCS/data/audio/002/002_Male_24_792.wav,pele ga komiti ya palamente
SPCS/data/audio/008/008_Male_23_377.wav,a beilego record e ntshwa
SPCS/data/audio/007/007_Male_23_641.wav,gore o ngwala di posts
SPCS/data/audio/006/006_Male_23_1019.wav,wa nyaka di mushrooms
SPCS/data/audio/006/006_Male_23_733.wav,tsamaišana le body ya gage
SPCS/data/audio/001/001_Female_23_322.wav,forty four thousand
SPCS/data/audio/011/011_Female_21_460.wav,leina la projeke ya setšhaba
SPCS/data/audio/006/006_Male_23_921.wav,eighteen minutes to four
SPCS/data/audio/007/007_Male_23_693.wav,ba di bitšang di learnership
SPCS/data/audio/013/013_Male_27_255.wav,a dira loan e tee
SPCS/data/audio/006/006_Male_23_575.wav,ba di bitšang di learnership
SPCS/data/audio/006/006_Male_23_770.wav,kgona go ka ba corruptable
SPCS/data/audio/020/020_Male_20_363.wav,le di community radio stations
SPCS/data/audio/011/011_Female_21_40.wav,o ka re romela email
SPCS/data/audio/020/020_Male_20_306.wav,e tšhaba tšhaba mo networkeng
SPCS/data/audio/017/017_Male_22_159.wav,o romele tšhelete ya administration
SPCS/data/audio/007/007_Male_23_65.wav,the best you can do
SPCS/data/audio/013/013_Male_27_236.wav,ka dilo tša material
SPCS/data/audio/007/007_Male_23_254.wav,traffic lights ga di šome
SPCS/data/audio/002/002_Male_24_167.wav,fourty seven percent
SPCS/data/audio/015/015_Female_91_626.wav,forty four thousand
SPCS/data/audio/010/010_Male_22_175.wav,ke a ratang a bibele
SPCS/data/audio/011/011_Female_21_150.wav,ke tswaletše account kua bankeng
SPCS/data/audio/018/018_Male_21_224.wav,nna ke blockile motho ka
SPCS/data/audio/018/018_Male_21_208.wav,o tlo nyaka green pepper
SPCS/data/audio/011/011_Female_21_332.wav,o tlo nyaka green pepper
SPCS/data/audio/007/007_Male_23_236.wav,go fihla mafelelong a January
SPCS/data/audio/006/006_Male_23_43.wav,ba hlwela television
SPCS/data/audio/014/014_Male_25_272.wav,a sa tsebe di outcome
SPCS/data/audio/002/002_Male_24_514.wav,di results le se meetseng
SPCS/data/audio/014/014_Male_25_55.wav,go feta two hundred thousand
SPCS/data/audio/008/008_Male_23_269.wav,fapana a di social grants
SPCS/data/audio/012/012_Female_20_3.wav,ke di temporary workers
SPCS/data/audio/011/011_Female_21_333.wav,o nyaka butternut e tee
SPCS/data/audio/019/019_Male_23_133.wav,a sa tsebe di outcome
SPCS/data/audio/006/006_Male_23_968.wav,go roaster nama ya nku
SPCS/data/audio/016/016_Female_21_354.wav,tsenela dikgwebo tša construction
SPCS/data/audio/009/009_Female_26_245.wav,tsamaya ka di public transport
SPCS/data/audio/018/018_Male_21_324.wav,ke di bursary tše kae
SPCS/data/audio/010/010_Male_22_83.wav,ka dikgwedi tše twelve
SPCS/data/audio/010/010_Male_22_489.wav,tšwa go album ya majakathata
SPCS/data/audio/007/007_Male_23_768.wav,basadi ba nale pressure
SPCS/data/audio/013/013_Male_27_60.wav,baswa ba tšwile pateng
SPCS/data/audio/018/018_Male_21_104.wav,a tlo dira shopping
SPCS/data/audio/014/014_Male_25_86.wav,ge e le second half
SPCS/data/audio/007/007_Male_23_564.wav,ka twenty fifteen
SPCS/data/audio/012/012_Female_20_166.wav,bowa ka bus ya mathomo
SPCS/data/audio/003/003_Female_27_84.wav,le di posts tša ka
SPCS/data/audio/007/007_Male_23_570.wav,ba ba golang kua bankeng
SPCS/data/audio/002/002_Male_24_749.wav,ka dilo tša material
SPCS/data/audio/010/010_Male_22_372.wav,nna ke blockile batho
SPCS/data/audio/018/018_Male_21_118.wav,komišene yeo e hlomilwego
SPCS/data/audio/016/016_Female_21_390.wav,as long as e le
SPCS/data/audio/002/002_Male_24_321.wav,bangwe ba kgona tša tourism
SPCS/data/audio/011/011_Female_21_100.wav,hundred and seventy thousand
SPCS/data/audio/010/010_Male_22_541.wav,go dipapadi tša crickete
SPCS/data/audio/003/003_Female_27_13.wav,bakgopedi ba di tendera
SPCS/data/audio/020/020_Male_20_193.wav,wa kgona go auditiona mo
SPCS/data/audio/001/001_Female_23_268.wav,ikopanye le mokhanselara
SPCS/data/audio/003/003_Female_27_117.wav,attendance e thomile e le
SPCS/data/audio/007/007_Male_23_533.wav,go accessa di services tša
SPCS/data/audio/017/017_Male_22_537.wav,exhibition yela ra go bolela
SPCS/data/audio/013/013_Male_27_345.wav,wa leloko la board
SPCS/data/audio/001/001_Female_23_207.wav,lenaneo la outreach
SPCS/data/audio/012/012_Female_20_76.wav,a tšea di crate
SPCS/data/audio/006/006_Male_23_981.wav,ka morago ga twelve months
SPCS/data/audio/018/018_Male_21_40.wav,e lego planete
SPCS/data/audio/008/008_Male_23_224.wav,level e tee ya salary
SPCS/data/audio/001/001_Female_23_458.wav,ge a dulela go commenta
SPCS/data/audio/002/002_Male_24_918.wav,a sa tsebe di outcome
SPCS/data/audio/001/001_Female_23_225.wav,ba sepela ka di crutches
SPCS/data/audio/011/011_Female_21_348.wav,nna ke blockile motho ka
SPCS/data/audio/018/018_Male_21_97.wav,a beilego record e ntshwa
SPCS/data/audio/002/002_Male_24_162.wav,ke blockile celebrities
SPCS/data/audio/004/004_Female_17_32.wav,the best you can do
SPCS/data/audio/006/006_Male_23_804.wav,morutiši ka panga
SPCS/data/audio/016/016_Female_21_238.wav,traffic lights ga di šome
SPCS/data/audio/013/013_Male_27_235.wav,botša eng girlfriend ya ka
SPCS/data/audio/006/006_Male_23_88.wav,brithani
SPCS/data/audio/007/007_Male_23_184.wav,di contributa go downfall ya
SPCS/data/audio/019/019_Male_23_61.wav,ba re romele di form
SPCS/data/audio/007/007_Male_23_187.wav,di ballroom
SPCS/data/audio/009/009_Female_26_233.wav,festival ya kgoparara ya thobelaFM
SPCS/data/audio/015/015_Female_91_90.wav,dollara go ya United Kingdom
SPCS/data/audio/007/007_Male_23_123.wav,ke tswaletše account kua bankeng
SPCS/data/audio/006/006_Male_23_476.wav,o changile maphelo a bona
SPCS/data/audio/002/002_Male_24_85.wav,bowa ka bus ya mathomo
SPCS/data/audio/006/006_Male_23_42.wav,o ka se confront lapa
SPCS/data/audio/002/002_Male_24_355.wav,le confusion ya di date
SPCS/data/audio/013/013_Male_27_296.wav,karabo ke roast lamb
SPCS/data/audio/004/004_Female_17_546.wav,ke sepela ka sekuta
SPCS/data/audio/011/011_Female_21_492.wav,basadi ba nale yona pressure
SPCS/data/audio/003/003_Female_27_437.wav,festival ya kgoparara ya thobelaFM
SPCS/data/audio/020/020_Male_20_304.wav,lamb or nku
SPCS/data/audio/002/002_Male_24_774.wav,go dipapadi tša crickete
SPCS/data/audio/007/007_Male_23_444.wav,ke reality show ya television
SPCS/data/audio/006/006_Male_23_781.wav,karabo ke roast lamb
SPCS/data/audio/001/001_Female_23_394.wav,ka la tharo december
SPCS/data/audio/018/018_Male_21_462.wav,hwetša di address tša batho
SPCS/data/audio/011/011_Female_21_388.wav,exhibition e ebile ka mokgo
SPCS/data/audio/005/005_Male_26_453.wav,ebile ga se wena coach
SPCS/data/audio/019/019_Male_23_183.wav,ke thomile ministry ke
SPCS/data/audio/004/004_Female_17_319.wav,account ya yona e ka
SPCS/data/audio/006/006_Male_23_200.wav,steše sa go kala dikoloi
SPCS/data/audio/002/002_Male_24_397.wav,ke reality show ya television
SPCS/data/audio/014/014_Male_25_460.wav,be interested go construction fela
SPCS/data/audio/006/006_Male_23_543.wav,leina la banka
SPCS/data/audio/005/005_Male_26_400.wav,di ranta tša go feta
SPCS/data/audio/017/017_Male_22_183.wav,ba grade four to seven
SPCS/data/audio/006/006_Male_23_742.wav,hundred and fifty rand fela
SPCS/data/audio/013/013_Male_27_415.wav,ba mo knockile
SPCS/data/audio/003/003_Female_27_374.wav,go bolela le bona gore
SPCS/data/audio/006/006_Male_23_714.wav,kare ke fashion ye nngwe
SPCS/data/audio/006/006_Male_23_1067.wav,gore a ka se afforde
SPCS/data/audio/001/001_Female_23_63.wav,ba di bitšang di learnership
SPCS/data/audio/002/002_Male_24_260.wav,e segella ka di cubes
SPCS/data/audio/010/010_Male_22_11.wav,le confusion ya di date
SPCS/data/audio/018/018_Male_21_85.wav,suggestion ya ka
SPCS/data/audio/014/014_Male_25_440.wav,ke mang fiance ya gago
SPCS/data/audio/015/015_Female_91_446.wav,re ka ba le agency
SPCS/data/audio/012/012_Female_20_326.wav,ka se tlo confront motho
SPCS/data/audio/010/010_Male_22_19.wav,go amana le di athletiki
SPCS/data/audio/007/007_Male_23_293.wav,ba sepela ka group
SPCS/data/audio/013/013_Male_27_39.wav,ka company ya engineering
SPCS/data/audio/002/002_Male_24_845.wav,swanetše go tsošološa di grants
SPCS/data/audio/002/002_Male_24_911.wav,there is better way
SPCS/data/audio/016/016_Female_21_527.wav,le go head of department
SPCS/data/audio/015/015_Female_91_181.wav,bangwe ga ba na timing
SPCS/data/audio/013/013_Male_27_482.wav,re palelwa ke go copa
SPCS/data/audio/013/013_Male_27_119.wav,mošomo wa psychometric
SPCS/data/audio/004/004_Female_17_84.wav,mošireletši wa setšhaba advocate
SPCS/data/audio/010/010_Male_22_190.wav,ke le busy ka ofising
SPCS/data/audio/006/006_Male_23_538.wav,dithuto tša gagwe tša optometry
SPCS/data/audio/016/016_Female_21_88.wav,wa porega bjang
SPCS/data/audio/012/012_Female_20_271.wav,dollara go ya United Kingdom
SPCS/data/audio/019/019_Male_23_447.wav,ka gare ga traffic circle
SPCS/data/audio/017/017_Male_22_328.wav,kgona go isupporta
SPCS/data/audio/017/017_Male_22_441.wav,o nale disability
SPCS/data/audio/011/011_Female_21_313.wav,o changile maphelo a bona
SPCS/data/audio/015/015_Female_91_205.wav,account ya yona e ka
SPCS/data/audio/006/006_Male_23_68.wav,ga ba fetole my comments
SPCS/data/audio/004/004_Female_17_86.wav,wa leloko la board
SPCS/data/audio/015/015_Female_91_276.wav,motšhene wa go hlahlela ka
SPCS/data/audio/002/002_Male_24_264.wav,wa di griller go fihlela
SPCS/data/audio/011/011_Female_21_63.wav,go dipapadi tša crickete
SPCS/data/audio/013/013_Male_27_177.wav,mec wa sports and culture
SPCS/data/audio/002/002_Male_24_164.wav,di exhibitors di tlile
SPCS/data/audio/002/002_Male_24_71.wav,ke a ratang a bibele
SPCS/data/audio/013/013_Male_27_166.wav,o nyaka thušo ya business
SPCS/data/audio/019/019_Male_23_509.wav,swanetše go tsošološa di grants
SPCS/data/audio/012/012_Female_20_226.wav,fifteen thousand runs
SPCS/data/audio/011/011_Female_21_219.wav,fifteen thousand runs
SPCS/data/audio/006/006_Male_23_1039.wav,bangwe ga ba na timing
SPCS/data/audio/014/014_Male_25_244.wav,after school
SPCS/data/audio/001/001_Female_23_248.wav,ba ba golang kua bankeng
SPCS/data/audio/013/013_Male_27_326.wav,re kwešiša position ya bona
SPCS/data/audio/013/013_Male_27_210.wav,leina la projeke ya setšhaba
SPCS/data/audio/005/005_Male_26_360.wav,updata status ga ba commente
SPCS/data/audio/008/008_Male_23_101.wav,be interested go construction fela
SPCS/data/audio/017/017_Male_22_23.wav,o ka se confront lapa
SPCS/data/audio/006/006_Male_23_189.wav,ke reality show ya television
SPCS/data/audio/012/012_Female_20_433.wav,ka di six tša december
SPCS/data/audio/002/002_Male_24_349.wav,ba ntšhitše di bus
SPCS/data/audio/017/017_Male_22_14.wav,colleges le di universities tša
SPCS/data/audio/013/013_Male_27_430.wav,batho ba di cellphone
SPCS/data/audio/010/010_Male_22_126.wav,o re hello le kae
SPCS/data/audio/003/003_Female_27_176.wav,pakaneng ya omo auto
SPCS/data/audio/018/018_Male_21_38.wav,o ya conferenceng
SPCS/data/audio/004/004_Female_17_397.wav,o romele tšhelete ya administration
SPCS/data/audio/016/016_Female_21_513.wav,lenaneo la outreach
SPCS/data/audio/014/014_Male_25_469.wav,mantlo a fifteen thousand
SPCS/data/audio/020/020_Male_20_468.wav,ounce e tee ke
SPCS/data/audio/016/016_Female_21_146.wav,ba phasa
SPCS/data/audio/018/018_Male_21_430.wav,di jeresi tše di botse
SPCS/data/audio/010/010_Male_22_107.wav,go registara
SPCS/data/audio/001/001_Female_23_180.wav,pele ga komiti ya palamente
SPCS/data/audio/013/013_Male_27_272.wav,motsotso wo wa go šaena
SPCS/data/audio/013/013_Male_27_305.wav,le di track suit
SPCS/data/audio/010/010_Male_22_174.wav,mošireletši wa setšhaba advocate
SPCS/data/audio/003/003_Female_27_538.wav,ka di photo tsa go
SPCS/data/audio/002/002_Male_24_356.wav,date yela ke di nineteen
SPCS/data/audio/001/001_Female_23_118.wav,ranta e wele
SPCS/data/audio/016/016_Female_21_264.wav,ntlo tše botse tša quality
SPCS/data/audio/017/017_Male_22_29.wav,tšwela pele bjalo ka presidente
SPCS/data/audio/018/018_Male_21_171.wav,di wheelchair di tletše gohle
SPCS/data/audio/020/020_Male_20_248.wav,ka dilo tša material
SPCS/data/audio/003/003_Female_27_204.wav,o nthomela please call me
SPCS/data/audio/007/007_Male_23_312.wav,lokela ka gare ga plastiki
SPCS/data/audio/009/009_Female_26_69.wav,karabo ke roast lamb
SPCS/data/audio/002/002_Male_24_507.wav,le le recodilwego
SPCS/data/audio/014/014_Male_25_112.wav,mafelo a go socialisa
SPCS/data/audio/018/018_Male_21_269.wav,re beakantše ya agriculture
SPCS/data/audio/011/011_Female_21_336.wav,wa nyaka spinach
SPCS/data/audio/005/005_Male_26_154.wav,hwetša di address tša batho
SPCS/data/audio/001/001_Female_23_534.wav,molao tšeo di tsenetšego conference
SPCS/data/audio/016/016_Female_21_309.wav,feleletše a invita ga ntši
SPCS/data/audio/016/016_Female_21_464.wav,hundred and fifty rand fela
SPCS/data/audio/004/004_Female_17_482.wav,lamb or nku
SPCS/data/audio/013/013_Male_27_408.wav,suggestion ya ka
SPCS/data/audio/015/015_Female_91_307.wav,ba grade four to seven
SPCS/data/audio/005/005_Male_26_388.wav,lane ya letsogo la goja
SPCS/data/audio/020/020_Male_20_25.wav,go fihla mafelelong a January
SPCS/data/audio/003/003_Female_27_438.wav,I am so scared
SPCS/data/audio/019/019_Male_23_331.wav,ke nale shopo ya ka
SPCS/data/audio/006/006_Male_23_692.wav,o romele tšhelete ya administration
SPCS/data/audio/003/003_Female_27_219.wav,basadi ba nale yona pressure
SPCS/data/audio/015/015_Female_91_606.wav,and few ke ka kerekeng
SPCS/data/audio/010/010_Male_22_390.wav,gore o ngwala di posts
SPCS/data/audio/003/003_Female_27_602.wav,shopping center tše di kgolwane
SPCS/data/audio/004/004_Female_17_154.wav,di ballroom
SPCS/data/audio/007/007_Male_23_390.wav,nna ka nkreya mo address
SPCS/data/audio/009/009_Female_26_77.wav,di jeresi tše di botse
SPCS/data/audio/001/001_Female_23_181.wav,magistrata wa tikologo gosasa
SPCS/data/audio/016/016_Female_21_250.wav,the head of department
SPCS/data/audio/011/011_Female_21_214.wav,di ballroom
SPCS/data/audio/016/016_Female_21_251.wav,ka la tharo december
SPCS/data/audio/002/002_Male_24_9.wav,diswantšho tša cctv
SPCS/data/audio/001/001_Female_23_624.wav,e le tša gauta
SPCS/data/audio/012/012_Female_20_284.wav,apara di shades tša gago
SPCS/data/audio/007/007_Male_23_355.wav,ba di lori le bahlwekiši
SPCS/data/audio/015/015_Female_91_619.wav,team ya gagwe ya go
SPCS/data/audio/012/012_Female_20_143.wav,go šomišana le di stakeholders
SPCS/data/audio/017/017_Male_22_353.wav,and few ke ka kerekeng
SPCS/data/audio/001/001_Female_23_160.wav,bowa gae ka di medal
SPCS/data/audio/014/014_Male_25_366.wav,mošomo wa bankeng
SPCS/data/audio/014/014_Male_25_277.wav,di contributa go downfall ya
SPCS/data/audio/018/018_Male_21_160.wav,go roaster nama ya nku
SPCS/data/audio/011/011_Female_21_404.wav,ke nale shopo ya ka
SPCS/data/audio/004/004_Female_17_317.wav,sona ka accounteng ya banka
SPCS/data/audio/004/004_Female_17_347.wav,dira diimport and export
SPCS/data/audio/017/017_Male_22_317.wav,taba tše tša histori
SPCS/data/audio/006/006_Male_23_1062.wav,e le tša gauta
SPCS/data/audio/007/007_Male_23_193.wav,tša melao ya di traffic
SPCS/data/audio/008/008_Male_23_260.wav,go bopa furnitura
SPCS/data/audio/006/006_Male_23_387.wav,hundred kilometer ka awara
SPCS/data/audio/006/006_Male_23_78.wav,le di posts tša ka
SPCS/data/audio/009/009_Female_26_128.wav,ka thulwa ke taxi
SPCS/data/audio/005/005_Male_26_234.wav,papadi e le ya crickete
SPCS/data/audio/007/007_Male_23_512.wav,go rakwa partying
SPCS/data/audio/009/009_Female_26_129.wav,ke sepela ka sekuta
SPCS/data/audio/003/003_Female_27_182.wav,di company tša afrika borwa
SPCS/data/audio/015/015_Female_91_368.wav,lamb or nku
SPCS/data/audio/001/001_Female_23_51.wav,ke bona project ya lena
SPCS/data/audio/002/002_Male_24_944.wav,ka landline
SPCS/data/audio/002/002_Male_24_599.wav,wa nyaka spinach
SPCS/data/audio/015/015_Female_91_187.wav,nako e ngwe o ntheka
SPCS/data/audio/005/005_Male_26_200.wav,go ya united kingdom
SPCS/data/audio/002/002_Male_24_19.wav,lamb or nku
SPCS/data/audio/006/006_Male_23_311.wav,wa leloko la board
SPCS/data/audio/001/001_Female_23_474.wav,ke mang fiance ya gago
SPCS/data/audio/008/008_Male_23_324.wav,ikopanye le mokhanselara
SPCS/data/audio/007/007_Male_23_748.wav,ranta e wele
SPCS/data/audio/012/012_Female_20_236.wav,gagwe o be a graduata
SPCS/data/audio/003/003_Female_27_533.wav,le di posts tša ka
SPCS/data/audio/013/013_Male_27_244.wav,banna ba na le pressure
SPCS/data/audio/008/008_Male_23_116.wav,e nyenyefatše gore jewellery
SPCS/data/audio/006/006_Male_23_889.wav,ge motho a dira abortion
SPCS/data/audio/009/009_Female_26_11.wav,o ka re romela email
SPCS/data/audio/004/004_Female_17_375.wav,nna ga ke coach
SPCS/data/audio/002/002_Male_24_910.wav,go bolela le bona gore
SPCS/data/audio/018/018_Male_21_136.wav,verse seventeen
SPCS/data/audio/005/005_Male_26_20.wav,wa non-automatic
SPCS/data/audio/006/006_Male_23_134.wav,tsamaya nako ya two years
SPCS/data/audio/005/005_Male_26_358.wav,o ileng wa mo blocka
SPCS/data/audio/015/015_Female_91_542.wav,bitšwa University of the North
SPCS/data/audio/006/006_Male_23_830.wav,wa leloko la board
SPCS/data/audio/006/006_Male_23_546.wav,di ranta tša go feta
SPCS/data/audio/006/006_Male_23_58.wav,wa nyaka salad dressing
SPCS/data/audio/010/010_Male_22_364.wav,e segella ka di cubes
SPCS/data/audio/011/011_Female_21_75.wav,se dira ke go taela
SPCS/data/audio/007/007_Male_23_158.wav,di principles tša batho pele
SPCS/data/audio/004/004_Female_17_257.wav,ba di form1 form2
SPCS/data/audio/009/009_Female_26_429.wav,o romele tšhelete ya administration
SPCS/data/audio/020/020_Male_20_39.wav,apara di shades tša gago
SPCS/data/audio/015/015_Female_91_502.wav,hlaelelo ya diesel ya sulphur
SPCS/data/audio/016/016_Female_21_555.wav,account ya kua bankeng
SPCS/data/audio/007/007_Male_23_62.wav,komišene ya bosetšhaba
SPCS/data/audio/004/004_Female_17_269.wav,bao ba etetšego flat
SPCS/data/audio/001/001_Female_23_409.wav,home affairs ba tla be
SPCS/data/audio/004/004_Female_17_95.wav,ge go nyakega copy
SPCS/data/audio/011/011_Female_21_417.wav,nna ka nkreya mo address
SPCS/data/audio/011/011_Female_21_322.wav,ba hlwela television
SPCS/data/audio/013/013_Male_27_226.wav,basadi ba lokela pressure banneng
SPCS/data/audio/020/020_Male_20_157.wav,bangwe ba kgona tša tourism
SPCS/data/audio/014/014_Male_25_81.wav,ge e sena barcode
SPCS/data/audio/013/013_Male_27_234.wav,lenaneo la television
SPCS/data/audio/007/007_Male_23_144.wav,re ka ba le agency
SPCS/data/audio/001/001_Female_23_464.wav,go tsena tsena ga dipolotiki
SPCS/data/audio/007/007_Male_23_499.wav,go registara
SPCS/data/audio/019/019_Male_23_281.wav,rena ba bangwe re sensitive
SPCS/data/audio/002/002_Male_24_486.wav,hundred kilometer ka awara
SPCS/data/audio/005/005_Male_26_177.wav,ke le busy ka ofising
SPCS/data/audio/001/001_Female_23_133.wav,wa mohuta wa tic
SPCS/data/audio/013/013_Male_27_174.wav,gammogo le quantum ye one
SPCS/data/audio/009/009_Female_26_289.wav,ba di form1 form2
SPCS/data/audio/002/002_Male_24_526.wav,go fihla mafelelong a January
SPCS/data/audio/011/011_Female_21_375.wav,dithuto tša gagwe tša optometry
SPCS/data/audio/007/007_Male_23_492.wav,o sa le a stuckile
SPCS/data/audio/016/016_Female_21_560.wav,go tšwa police station
SPCS/data/audio/001/001_Female_23_517.wav,nna ka nkreya mo address
SPCS/data/audio/001/001_Female_23_109.wav,ge o dira follow up
SPCS/data/audio/018/018_Male_21_316.wav,rena re le radio
SPCS/data/audio/012/012_Female_20_216.wav,suggestion ya ka
SPCS/data/audio/014/014_Male_25_320.wav,province yengwe le yengwe
SPCS/data/audio/016/016_Female_21_196.wav,ke fishing
SPCS/data/audio/004/004_Female_17_609.wav,be interested go construction fela
SPCS/data/audio/011/011_Female_21_81.wav,pele ga komiti ya palamente
SPCS/data/audio/003/003_Female_27_319.wav,wa two thousand and nine
SPCS/data/audio/018/018_Male_21_82.wav,a sa tsebe di outcome
SPCS/data/audio/010/010_Male_22_221.wav,go nale diagnostic indicators
SPCS/data/audio/016/016_Female_21_547.wav,wo ka di nine
SPCS/data/audio/013/013_Male_27_322.wav,napile professor
SPCS/data/audio/002/002_Male_24_276.wav,a mbora ka nako yeo
SPCS/data/audio/013/013_Male_27_232.wav,wa mohuta wa tic
SPCS/data/audio/011/011_Female_21_151.wav,di awareness campaign
SPCS/data/audio/001/001_Female_23_254.wav,go tšwa police station
SPCS/data/audio/019/019_Male_23_229.wav,ya gore daddy wa lwala
SPCS/data/audio/015/015_Female_91_45.wav,fifteen thousand runs
SPCS/data/audio/001/001_Female_23_324.wav,ekile ya ba di drama
SPCS/data/audio/020/020_Male_20_117.wav,bangwe ga ba na timing
SPCS/data/audio/014/014_Male_25_429.wav,khomišene ya bo setšhaba ya
SPCS/data/audio/006/006_Male_23_211.wav,banna ba na le pressure
SPCS/data/audio/020/020_Male_20_302.wav,ga o tlo re hello
SPCS/data/audio/002/002_Male_24_629.wav,ranta kgahlanong le ponto ya
SPCS/data/audio/002/002_Male_24_589.wav,ge a ka dira appeal
SPCS/data/audio/019/019_Male_23_507.wav,wa porega bjang
SPCS/data/audio/015/015_Female_91_595.wav,ba sepela ka group
SPCS/data/audio/017/017_Male_22_297.wav,wa leloko la board
SPCS/data/audio/013/013_Male_27_231.wav,ba grade four to seven
SPCS/data/audio/015/015_Female_91_329.wav,ka january a ka emiša
SPCS/data/audio/002/002_Male_24_521.wav,red pepper e tee
SPCS/data/audio/004/004_Female_17_430.wav,ke go ya khaunthareng
SPCS/data/audio/015/015_Female_91_23.wav,of those days
SPCS/data/audio/005/005_Male_26_326.wav,home affairs ba tla be
SPCS/data/audio/010/010_Male_22_365.wav,wa nyaka di mushrooms
SPCS/data/audio/001/001_Female_23_126.wav,facer bjang girlfriend ya gagwe
SPCS/data/audio/008/008_Male_23_445.wav,ka company ya engineering
SPCS/data/audio/006/006_Male_23_620.wav,swarelwa ka peter mokaba stadium
SPCS/data/audio/010/010_Male_22_548.wav,a tšea di crate
SPCS/data/audio/003/003_Female_27_518.wav,nna ke blockile batho
SPCS/data/audio/003/003_Female_27_86.wav,e le go mo blocka
SPCS/data/audio/013/013_Male_27_434.wav,o robile record
SPCS/data/audio/007/007_Male_23_516.wav,phone ya ka e be
SPCS/data/audio/006/006_Male_23_38.wav,ba di form1 form2
SPCS/data/audio/012/012_Female_20_11.wav,tankana tše pedi
SPCS/data/audio/001/001_Female_23_60.wav,e nyenyefatše gore jewellery
SPCS/data/audio/001/001_Female_23_64.wav,tsamaya nako ya two years
SPCS/data/audio/004/004_Female_17_166.wav,raloka televišeneng
SPCS/data/audio/002/002_Male_24_831.wav,peresente tše masome seswai hlano
SPCS/data/audio/004/004_Female_17_187.wav,hweditse di report tse botse
SPCS/data/audio/020/020_Male_20_466.wav,hweditše di report tše botse
SPCS/data/audio/008/008_Male_23_158.wav,bobedi ke wola wa semi-automatic
SPCS/data/audio/020/020_Male_20_430.wav,fifteen thousand runs
SPCS/data/audio/010/010_Male_22_123.wav,lamb or nku
SPCS/data/audio/011/011_Female_21_510.wav,e le tša gauta
SPCS/data/audio/005/005_Male_26_339.wav,ba hlwela television
SPCS/data/audio/016/016_Female_21_602.wav,mafelo a go socialisa
SPCS/data/audio/013/013_Male_27_233.wav,steše sa go kala dikoloi
SPCS/data/audio/011/011_Female_21_117.wav,e be di official residents
SPCS/data/audio/014/014_Male_25_398.wav,o tlo nyaka green pepper
SPCS/data/audio/018/018_Male_21_151.wav,wa boraro ga se semi-automatic
SPCS/data/audio/018/018_Male_21_123.wav,hweditse di report tse botse
SPCS/data/audio/017/017_Male_22_430.wav,traffic lights ga di bereke
SPCS/data/audio/011/011_Female_21_420.wav,ko sekhukhuni district ya gešu
SPCS/data/audio/006/006_Male_23_1022.wav,wa di griller go fihlela
SPCS/data/audio/010/010_Male_22_9.wav,mec wa sports and culture
SPCS/data/audio/018/018_Male_21_472.wav,tšeo di nalego information
SPCS/data/audio/014/014_Male_25_473.wav,dira diimport and export
SPCS/data/audio/008/008_Male_23_406.wav,ntšhitše di sprinter tše two
SPCS/data/audio/002/002_Male_24_284.wav,ge a dulela go commenta
SPCS/data/audio/005/005_Male_26_158.wav,wo ka di nine
SPCS/data/audio/019/019_Male_23_160.wav,go tla interview
SPCS/data/audio/017/017_Male_22_71.wav,mošomo wa psychometric
SPCS/data/audio/011/011_Female_21_198.wav,go bolela le bona gore
SPCS/data/audio/006/006_Male_23_608.wav,tša komišene ya bo setšhaba
SPCS/data/audio/007/007_Male_23_391.wav,nkreya le mo facebook page
SPCS/data/audio/005/005_Male_26_62.wav,banna ba na le pressure
SPCS/data/audio/016/016_Female_21_442.wav,botša eng girlfriend ya ka
SPCS/data/audio/015/015_Female_91_73.wav,hweditse di report tse botse
SPCS/data/audio/012/012_Female_20_556.wav,e tsebagaditše di projeke
SPCS/data/audio/005/005_Male_26_475.wav,ge o dira follow up
SPCS/data/audio/016/016_Female_21_85.wav,go kreya di opportunities
SPCS/data/audio/003/003_Female_27_58.wav,ke salad yeo e loketšego
SPCS/data/audio/010/010_Male_22_330.wav,mošomo wa bankeng
SPCS/data/audio/002/002_Male_24_761.wav,tsamaišana le body ya gage
SPCS/data/audio/016/016_Female_21_543.wav,hwetša di address tša batho
SPCS/data/audio/002/002_Male_24_577.wav,baswa leading the right life
SPCS/data/audio/018/018_Male_21_240.wav,go tsena tsena ga dipolotiki
SPCS/data/audio/014/014_Male_25_159.wav,lamb or nku
SPCS/data/audio/002/002_Male_24_830.wav,go accessa ditirelo tša rena
SPCS/data/audio/010/010_Male_22_304.wav,bathopa difoka tša di bursary
SPCS/data/audio/019/019_Male_23_502.wav,ga ba ba lucky
SPCS/data/audio/001/001_Female_23_317.wav,papadi e le ya crickete
SPCS/data/audio/010/010_Male_22_27.wav,ke di temporary workers
SPCS/data/audio/011/011_Female_21_479.wav,kare ke fashion ye nngwe
SPCS/data/audio/020/020_Male_20_483.wav,bathopa difoka tša di bursary
SPCS/data/audio/001/001_Female_23_412.wav,colleges le di universities tša
SPCS/data/audio/002/002_Male_24_392.wav,re leba ka studio six
SPCS/data/audio/006/006_Male_23_706.wav,ke reality show ya television
SPCS/data/audio/020/020_Male_20_389.wav,after school
SPCS/data/audio/007/007_Male_23_132.wav,bowa ka bus ya mathomo
SPCS/data/audio/006/006_Male_23_927.wav,ke goletše mo lekeišeneng
SPCS/data/audio/004/004_Female_17_571.wav,go phatlalala le province
SPCS/data/audio/014/014_Male_25_3.wav,exhibition yela ra go bolela
SPCS/data/audio/015/015_Female_91_196.wav,gare ga toropo ya johannesburg
SPCS/data/audio/007/007_Male_23_213.wav,gore di form tše re
SPCS/data/audio/009/009_Female_26_188.wav,ba mo knockile
SPCS/data/audio/010/010_Male_22_480.wav,motšhene wa go hlahlela ka
SPCS/data/audio/005/005_Male_26_500.wav,steše sa go kala dikoloi
SPCS/data/audio/008/008_Male_23_14.wav,ntlo tše botse tša quality
SPCS/data/audio/011/011_Female_21_88.wav,nkgahlilego kudu ke ya corruption
SPCS/data/audio/002/002_Male_24_126.wav,who are leading the right
SPCS/data/audio/006/006_Male_23_905.wav,a beilego record e ntshwa
SPCS/data/audio/009/009_Female_26_172.wav,who are leading the right
SPCS/data/audio/016/016_Female_21_558.wav,le di community radio stations
SPCS/data/audio/006/006_Male_23_154.wav,molao tšeo di tsenetšego conference
SPCS/data/audio/020/020_Male_20_138.wav,ba go hwetša degree ye
SPCS/data/audio/007/007_Male_23_324.wav,a bona profile ya ka
SPCS/data/audio/013/013_Male_27_208.wav,ge o dira follow up
SPCS/data/audio/011/011_Female_21_488.wav,o ka re romela email
SPCS/data/audio/008/008_Male_23_18.wav,especially young people
SPCS/data/audio/007/007_Male_23_460.wav,basadi ba nale pressure
SPCS/data/audio/010/010_Male_22_573.wav,phone ya ka e be
SPCS/data/audio/006/006_Male_23_390.wav,raloka televišeneng
SPCS/data/audio/002/002_Male_24_268.wav,nna ke blockile batho
SPCS/data/audio/006/006_Male_23_1059.wav,hundred and fifty rand fela
SPCS/data/audio/013/013_Male_27_193.wav,pele a eya di awardeng
SPCS/data/audio/006/006_Male_23_788.wav,go bopa furnitura
SPCS/data/audio/007/007_Male_23_88.wav,motho wo a di applyelang
SPCS/data/audio/020/020_Male_20_49.wav,ba go nyaka di kontraka
SPCS/data/audio/007/007_Male_23_648.wav,brithani
SPCS/data/audio/006/006_Male_23_826.wav,ka twenty fifteen
SPCS/data/audio/016/016_Female_21_193.wav,ke blockile celebrities
SPCS/data/audio/011/011_Female_21_260.wav,verse seventeen
SPCS/data/audio/012/012_Female_20_357.wav,a mbora ka nako yeo
SPCS/data/audio/011/011_Female_21_261.wav,festival ya kgoparara ya thobelaFM
SPCS/data/audio/001/001_Female_23_389.wav,ka company ya engineering
SPCS/data/audio/015/015_Female_91_93.wav,bitšwa University of the North
SPCS/data/audio/011/011_Female_21_359.wav,e le go mo blocka
SPCS/data/audio/020/020_Male_20_4.wav,komišene yeo e hlomilwego
SPCS/data/audio/013/013_Male_27_394.wav,set my record straight
SPCS/data/audio/003/003_Female_27_578.wav,e nale plan ya gore
SPCS/data/audio/004/004_Female_17_382.wav,category tše nne tša
SPCS/data/audio/002/002_Male_24_505.wav,komišene yeo e hlomilwego
SPCS/data/audio/008/008_Male_23_400.wav,le le recodilwego
SPCS/data/audio/019/019_Male_23_476.wav,e tsebagaditše di projeke
SPCS/data/audio/006/006_Male_23_765.wav,magistrata wa tikologo gosasa
SPCS/data/audio/013/013_Male_27_167.wav,nna ka nkreya mo address
SPCS/data/audio/014/014_Male_25_43.wav,ka di six tša december
SPCS/data/audio/006/006_Male_23_529.wav,ranta kgahlanong le ponto ya
SPCS/data/audio/002/002_Male_24_757.wav,banna ba na le pressure
SPCS/data/audio/003/003_Female_27_311.wav,ba changile di address
SPCS/data/audio/013/013_Male_27_340.wav,wo ka di nine
SPCS/data/audio/003/003_Female_27_273.wav,karabo ke roast lamb
SPCS/data/audio/014/014_Male_25_379.wav,o changile maphelo a bona
SPCS/data/audio/001/001_Female_23_142.wav,o hwetše code ya moswananoši
SPCS/data/audio/018/018_Male_21_494.wav,labohlano la di eighteen november
SPCS/data/audio/016/016_Female_21_236.wav,traffic lights ga di bereke
SPCS/data/audio/017/017_Male_22_72.wav,gare ga toropo ya johannesburg
SPCS/data/audio/004/004_Female_17_253.wav,o changile maphelo a bona
SPCS/data/audio/004/004_Female_17_241.wav,disturba o sa re wa
SPCS/data/audio/009/009_Female_26_15.wav,basadi ba nale yona pressure
SPCS/data/audio/012/012_Female_20_442.wav,nna ga ke coach
SPCS/data/audio/015/015_Female_91_280.wav,o tlo tlotša polish
SPCS/data/audio/004/004_Female_17_272.wav,o tlo nyaka green pepper
SPCS/data/audio/008/008_Male_23_59.wav,feleletše a invita ga ntši
SPCS/data/audio/010/010_Male_22_445.wav,university of johannesburg
SPCS/data/audio/019/019_Male_23_359.wav,o auditione mo districting engwe
SPCS/data/audio/005/005_Male_26_112.wav,e tšhaba tšhaba mo networkeng
SPCS/data/audio/015/015_Female_91_458.wav,go ya united kingdom
SPCS/data/audio/001/001_Female_23_232.wav,lokiša hundred and twenty rand
SPCS/data/audio/015/015_Female_91_33.wav,o swara style
SPCS/data/audio/014/014_Male_25_240.wav,ke yona disability
SPCS/data/audio/019/019_Male_23_326.wav,ba suggesta gore rena re
SPCS/data/audio/002/002_Male_24_598.wav,wa nyaka di mushrooms
SPCS/data/audio/015/015_Female_91_165.wav,lokela ka gare ga plastiki
SPCS/data/audio/015/015_Female_91_364.wav,komišene ya bosetšhaba
SPCS/data/audio/014/014_Male_25_208.wav,ka twenty fifteen
SPCS/data/audio/002/002_Male_24_148.wav,forty four thousand
SPCS/data/audio/007/007_Male_23_320.wav,ga ba fetole my comments
SPCS/data/audio/019/019_Male_23_489.wav,fapana a di social grants
SPCS/data/audio/013/013_Male_27_188.wav,go feta two hundred thousand
SPCS/data/audio/013/013_Male_27_227.wav,o nthomela please call me
SPCS/data/audio/002/002_Male_24_537.wav,bathopa difoka tša di bursary
SPCS/data/audio/013/013_Male_27_492.wav,the head of department
SPCS/data/audio/009/009_Female_26_273.wav,disturba o sa re wa
SPCS/data/audio/014/014_Male_25_294.wav,a tlo dira shopping
SPCS/data/audio/001/001_Female_23_344.wav,le le recodilwego
SPCS/data/audio/001/001_Female_23_309.wav,suggestion ya ka
SPCS/data/audio/001/001_Female_23_434.wav,e segella ka di cubes
SPCS/data/audio/017/017_Male_22_438.wav,ba go nyaka di kontraka
SPCS/data/audio/008/008_Male_23_405.wav,university of technology
SPCS/data/audio/010/010_Male_22_585.wav,le di track suit
SPCS/data/audio/008/008_Male_23_143.wav,ebile ga se wena coach
SPCS/data/audio/016/016_Female_21_53.wav,o re hello le kae
SPCS/data/audio/020/020_Male_20_232.wav,ya jewa two one
SPCS/data/audio/003/003_Female_27_355.wav,filimi tša metsotso ye masomepedi
SPCS/data/audio/002/002_Male_24_88.wav,o ya conferenceng
SPCS/data/audio/006/006_Male_23_909.wav,goba soapie goba sitcom
SPCS/data/audio/018/018_Male_21_374.wav,tsamaišana le body ya gage
SPCS/data/audio/007/007_Male_23_760.wav,kare ke fashion ye nngwe
SPCS/data/audio/007/007_Male_23_778.wav,ikaparetše dilo tše di simple
SPCS/data/audio/004/004_Female_17_205.wav,recharga ka MTN easy
SPCS/data/audio/011/011_Female_21_87.wav,kgona go ka ba corruptable
SPCS/data/audio/014/014_Male_25_311.wav,fine ye kgolo kgolo
SPCS/data/audio/003/003_Female_27_401.wav,goba soapie goba sitcom
SPCS/data/audio/015/015_Female_91_144.wav,retshwenya ke di drugs
SPCS/data/audio/002/002_Male_24_379.wav,tankana tše pedi
SPCS/data/audio/014/014_Male_25_63.wav,swere di kontraka tša mengwaga
SPCS/data/audio/006/006_Male_23_169.wav,motšhene wa go hlahlela ka
SPCS/data/audio/016/016_Female_21_426.wav,ge e le second half
SPCS/data/audio/010/010_Male_22_321.wav,re kwešiša condition ya bona
SPCS/data/audio/009/009_Female_26_484.wav,mo kapteni wa sehlopa
SPCS/data/audio/007/007_Male_23_306.wav,o nyaka butternut e tee
SPCS/data/audio/010/010_Male_22_277.wav,hweditse di report tse botse
SPCS/data/audio/009/009_Female_26_259.wav,ba go nyaka di kontraka
SPCS/data/audio/016/016_Female_21_133.wav,motho a applyele mphiwafela
SPCS/data/audio/002/002_Male_24_137.wav,di contributa go downfall ya
SPCS/data/audio/019/019_Male_23_4.wav,go registara
SPCS/data/audio/007/007_Male_23_554.wav,lokiša hundred and twenty rand
SPCS/data/audio/020/020_Male_20_76.wav,baswa leading the right life
SPCS/data/audio/002/002_Male_24_569.wav,bomenetša bja di tendera
SPCS/data/audio/019/019_Male_23_143.wav,ba mo knockile
SPCS/data/audio/008/008_Male_23_208.wav,ka lefela loan ya gagwe
SPCS/data/audio/010/010_Male_22_117.wav,nkgahlilego kudu ke ya corruption
SPCS/data/audio/013/013_Male_27_499.wav,mošomo wa bankeng
SPCS/data/audio/005/005_Male_26_374.wav,le di posts tša ka
SPCS/data/audio/016/016_Female_21_417.wav,leina la projeke ya setšhaba
SPCS/data/audio/012/012_Female_20_370.wav,khomišene ya bo setšhaba ya
SPCS/data/audio/010/010_Male_22_15.wav,as long as e le
SPCS/data/audio/017/017_Male_22_177.wav,facer bjang girlfriend ya gagwe
SPCS/data/audio/020/020_Male_20_267.wav,a dira loan e tee
SPCS/data/audio/010/010_Male_22_404.wav,ke mang fiance ya gago
SPCS/data/audio/010/010_Male_22_464.wav,molao tšeo di tsenetšego conference
SPCS/data/audio/013/013_Male_27_295.wav,o re hello le kae
SPCS/data/audio/013/013_Male_27_5.wav,hweditše di report tše botse
SPCS/data/audio/018/018_Male_21_419.wav,phone ya ka e be
SPCS/data/audio/019/019_Male_23_12.wav,go na le category enngwe
SPCS/data/audio/011/011_Female_21_203.wav,gopola gore facebook ya rena
SPCS/data/audio/014/014_Male_25_227.wav,ke lekola file ya gago
SPCS/data/audio/004/004_Female_17_450.wav,e le tša gauta
SPCS/data/audio/016/016_Female_21_23.wav,gore a ka se afforde
SPCS/data/audio/017/017_Male_22_464.wav,o changile maphelo a bona
SPCS/data/audio/018/018_Male_21_22.wav,wa leloko la board
SPCS/data/audio/008/008_Male_23_289.wav,swanetše go tsošološa di grants
SPCS/data/audio/004/004_Female_17_258.wav,retshwenya ke di drugs
SPCS/data/audio/016/016_Female_21_550.wav,mošireletši wa setšhaba advocate
SPCS/data/audio/002/002_Male_24_329.wav,mantlo a fifteen thousand
SPCS/data/audio/013/013_Male_27_348.wav,account ya kua bankeng
SPCS/data/audio/003/003_Female_27_452.wav,pele o ka tlotša polish
SPCS/data/audio/020/020_Male_20_324.wav,fapana a di social grants
SPCS/data/audio/012/012_Female_20_57.wav,go feta eight million rand
SPCS/data/audio/001/001_Female_23_156.wav,a dira loan e tee
SPCS/data/audio/014/014_Male_25_149.wav,diswantšho tša cctv
SPCS/data/audio/007/007_Male_23_310.wav,wa nyaka salad dressing
SPCS/data/audio/010/010_Male_22_514.wav,lenaneo la television
SPCS/data/audio/012/012_Female_20_200.wav,ka raloka polo
SPCS/data/audio/006/006_Male_23_504.wav,o ileng wa mo blocka
SPCS/data/audio/019/019_Male_23_47.wav,morutiši ka panga
SPCS/data/audio/003/003_Female_27_424.wav,ko di provinsing tše dingwe
SPCS/data/audio/003/003_Female_27_473.wav,ka morago ga twelve months
SPCS/data/audio/015/015_Female_91_521.wav,o mo top hundred
SPCS/data/audio/010/010_Male_22_497.wav,ranta e wele
SPCS/data/audio/008/008_Male_23_303.wav,tšeo di nalego information
SPCS/data/audio/014/014_Male_25_110.wav,go leka go impressa basadi
SPCS/data/audio/006/006_Male_23_209.wav,basadi ba nale yona pressure
SPCS/data/audio/017/017_Male_22_322.wav,re ka ba le agency
SPCS/data/audio/009/009_Female_26_313.wav,o ileng wa mo blocka
SPCS/data/audio/001/001_Female_23_382.wav,nako ya bumper to bumper
SPCS/data/audio/014/014_Male_25_472.wav,tše ka moka tša art
SPCS/data/audio/015/015_Female_91_3.wav,kgona go isupporta
SPCS/data/audio/014/014_Male_25_143.wav,go registara
SPCS/data/audio/017/017_Male_22_339.wav,ba grade twelve learners
SPCS/data/audio/003/003_Female_27_390.wav,di ballroom
SPCS/data/audio/015/015_Female_91_56.wav,graduation ya ngwana wa gagwe
SPCS/data/audio/014/014_Male_25_25.wav,training academay ya di arts
SPCS/data/audio/016/016_Female_21_320.wav,khomišene ya bo setšhaba ya
SPCS/data/audio/003/003_Female_27_108.wav,lekala la banka
SPCS/data/audio/014/014_Male_25_181.wav,motho wo a di applyelang
SPCS/data/audio/016/016_Female_21_341.wav,mabapi le construction exhibition
SPCS/data/audio/012/012_Female_20_265.wav,red pepper e tee
SPCS/data/audio/009/009_Female_26_394.wav,tšeo di transportilego batho
SPCS/data/audio/013/013_Male_27_433.wav,le a re tracer naa
SPCS/data/audio/019/019_Male_23_327.wav,ke bona project ya lena
SPCS/data/audio/018/018_Male_21_95.wav,fifteen thousand runs
SPCS/data/audio/011/011_Female_21_84.wav,diswantšho tša cctv
SPCS/data/audio/002/002_Male_24_309.wav,di ranta tša go feta
SPCS/data/audio/018/018_Male_21_213.wav,wa nyaka salad dressing
SPCS/data/audio/009/009_Female_26_446.wav,ba tšea ke camera
SPCS/data/audio/019/019_Male_23_252.wav,presidente ya league ya baswa
SPCS/data/audio/011/011_Female_21_105.wav,go bopa furnitura
SPCS/data/audio/010/010_Male_22_522.wav,basadi ba nale yona pressure
SPCS/data/audio/009/009_Female_26_64.wav,the best you can do
SPCS/data/audio/013/013_Male_27_7.wav,ounce e tee ke
SPCS/data/audio/001/001_Female_23_416.wav,ke ngwana o mo sharp
SPCS/data/audio/017/017_Male_22_469.wav,retshwenya ke di drugs
SPCS/data/audio/003/003_Female_27_12.wav,di jersey le di tracksuit
SPCS/data/audio/010/010_Male_22_207.wav,kgona go isupporta
SPCS/data/audio/016/016_Female_21_116.wav,bowa ka bus ya mathomo
SPCS/data/audio/005/005_Male_26_418.wav,di exhibition tše tša lena
SPCS/data/audio/003/003_Female_27_138.wav,training academy ya di art
SPCS/data/audio/012/012_Female_20_201.wav,some how ka mogau
SPCS/data/audio/007/007_Male_23_597.wav,eighteen years
SPCS/data/audio/014/014_Male_25_220.wav,go tšwa police station
SPCS/data/audio/003/003_Female_27_87.wav,gore o ngwala di posts
SPCS/data/audio/019/019_Male_23_119.wav,angle ka moka ga tšona
SPCS/data/audio/009/009_Female_26_50.wav,ka hwetša twenty percent discount
SPCS/data/audio/015/015_Female_91_283.wav,o romele tšhelete ya administration
SPCS/data/audio/016/016_Female_21_170.wav,dansa le gona ke sport
SPCS/data/audio/011/011_Female_21_112.wav,go accessa di services tša
SPCS/data/audio/002/002_Male_24_188.wav,I am so scared
SPCS/data/audio/002/002_Male_24_234.wav,go nale di diagnostic indicators
SPCS/data/audio/004/004_Female_17_320.wav,leina la banka
SPCS/data/audio/010/010_Male_22_564.wav,go na le category enngwe
SPCS/data/audio/006/006_Male_23_468.wav,kgopelo ya bail
SPCS/data/audio/002/002_Male_24_326.wav,ke bona project ya lena
SPCS/data/audio/001/001_Female_23_151.wav,projeke ya setšhaba
SPCS/data/audio/009/009_Female_26_327.wav,bangwe ga ba na timing
SPCS/data/audio/002/002_Male_24_566.wav,jealous ke bolwetši
SPCS/data/audio/007/007_Male_23_32.wav,ditaba tša dipapadi tša swimming
SPCS/data/audio/010/010_Male_22_284.wav,province yengwe le yengwe
SPCS/data/audio/019/019_Male_23_346.wav,business ya ka e kgone
SPCS/data/audio/014/014_Male_25_23.wav,tše ka moka tša art
SPCS/data/audio/015/015_Female_91_639.wav,o robile record
SPCS/data/audio/011/011_Female_21_240.wav,gore di form tše re
SPCS/data/audio/008/008_Male_23_191.wav,lenaneo la television
SPCS/data/audio/015/015_Female_91_50.wav,ekile ya ba di drama
SPCS/data/audio/002/002_Male_24_652.wav,ga yona ebile slow nyana
SPCS/data/audio/001/001_Female_23_482.wav,ba di lori le bahlwekiši
SPCS/data/audio/008/008_Male_23_366.wav,go buša order
SPCS/data/audio/012/012_Female_20_251.wav,le le recodilwego
SPCS/data/audio/017/017_Male_22_384.wav,go tla interview
SPCS/data/audio/015/015_Female_91_111.wav,di jersey le di tracksuit
SPCS/data/audio/020/020_Male_20_130.wav,ranta kgahlanong le euro
SPCS/data/audio/011/011_Female_21_349.wav,motho o a mo blocka
SPCS/data/audio/019/019_Male_23_372.wav,ke di temporary workers
SPCS/data/audio/002/002_Male_24_134.wav,ge o ka ba adamant
SPCS/data/audio/006/006_Male_23_24.wav,jealous ke bolwetši
SPCS/data/audio/010/010_Male_22_103.wav,motsotso wo wa go šaena
SPCS/data/audio/004/004_Female_17_603.wav,exhibition e ebile ka mokgo
SPCS/data/audio/006/006_Male_23_256.wav,go rakwa partying
SPCS/data/audio/011/011_Female_21_297.wav,ka morago ga twelve months
SPCS/data/audio/007/007_Male_23_345.wav,di robot ga di šome
SPCS/data/audio/007/007_Male_23_571.wav,account ya kua bankeng
SPCS/data/audio/002/002_Male_24_373.wav,ba le fa di pamphlets
SPCS/data/audio/004/004_Female_17_290.wav,a mbora ka nako yeo
SPCS/data/audio/012/012_Female_20_191.wav,mmušo wa rena wa democracy
SPCS/data/audio/006/006_Male_23_262.wav,o re hello le kae
SPCS/data/audio/008/008_Male_23_376.wav,tša melao ya di traffic
SPCS/data/audio/013/013_Male_27_395.wav,all the colleges tša mo
SPCS/data/audio/006/006_Male_23_847.wav,a festival with a purpose
SPCS/data/audio/013/013_Male_27_228.wav,mehla ge o tlaleletša airtime
SPCS/data/audio/008/008_Male_23_259.wav,goba yona art
SPCS/data/audio/002/002_Male_24_498.wav,o robile record
SPCS/data/audio/015/015_Female_91_425.wav,ke tswaletše account kua bankeng
SPCS/data/audio/001/001_Female_23_527.wav,mec wa sports and culture
SPCS/data/audio/012/012_Female_20_45.wav,basadi ba nale pressure
SPCS/data/audio/015/015_Female_91_148.wav,ba hlwela television
SPCS/data/audio/009/009_Female_26_496.wav,kgona go go rekela airtime
SPCS/data/audio/005/005_Male_26_129.wav,gore motho a qualifaele
SPCS/data/audio/015/015_Female_91_279.wav,tankana tše pedi
SPCS/data/audio/017/017_Male_22_153.wav,bobedi ke wola wa semi-automatic
SPCS/data/audio/011/011_Female_21_243.wav,ke goletše mo lekeišeneng
SPCS/data/audio/002/002_Male_24_425.wav,projeke ya setšhaba
SPCS/data/audio/010/010_Male_22_159.wav,go swerwe festival ya kakapa
SPCS/data/audio/007/007_Male_23_482.wav,bowa gae ka di medal
SPCS/data/audio/019/019_Male_23_347.wav,ko sekhukhuni district ya gešu
SPCS/data/audio/019/019_Male_23_366.wav,ticket ke gona e sepela
SPCS/data/audio/012/012_Female_20_359.wav,feleletše a invita ga ntši
SPCS/data/audio/002/002_Male_24_556.wav,the head of department
SPCS/data/audio/015/015_Female_91_183.wav,le di posts tša ka
SPCS/data/audio/020/020_Male_20_68.wav,bomenetša bja di tendera
SPCS/data/audio/007/007_Male_23_105.wav,lokiša hundred and twenty rand
SPCS/data/audio/010/010_Male_22_22.wav,rena re le radio
SPCS/data/audio/012/012_Female_20_109.wav,tšona di skills
SPCS/data/audio/008/008_Male_23_115.wav,training academay ya di arts
SPCS/data/audio/005/005_Male_26_65.wav,ikaparetše dilo tše di simple
SPCS/data/audio/012/012_Female_20_351.wav,updata nna ke a commenta
SPCS/data/audio/012/012_Female_20_464.wav,o romele tšhelete ya administration
SPCS/data/audio/008/008_Male_23_358.wav,and few ke ka kerekeng
SPCS/data/audio/011/011_Female_21_445.wav,ke di temporary workers
SPCS/data/audio/019/019_Male_23_286.wav,e le go mo blocka
SPCS/data/audio/012/012_Female_20_434.wav,mec wa sports and culture
SPCS/data/audio/006/006_Male_23_235.wav,a tšea di crate
SPCS/data/audio/007/007_Male_23_471.wav,tsamaišana le body ya gage
SPCS/data/audio/013/013_Male_27_467.wav,bohlaba bja toropo ya Pretoria
SPCS/data/audio/020/020_Male_20_340.wav,go swerwe festival ya kakapa
SPCS/data/audio/014/014_Male_25_292.wav,raloka televišeneng
SPCS/data/audio/006/006_Male_23_259.wav,lamb or nku
SPCS/data/audio/020/020_Male_20_124.wav,ka di photo tsa go
SPCS/data/audio/011/011_Female_21_68.wav,companying a tee
SPCS/data/audio/002/002_Male_24_482.wav,fifteen thousand runs
SPCS/data/audio/009/009_Female_26_185.wav,dansa le gona ke sport
SPCS/data/audio/011/011_Female_21_478.wav,mehla ge o tlaleletša airtime
SPCS/data/audio/005/005_Male_26_488.wav,ke reality show ya television
SPCS/data/audio/007/007_Male_23_79.wav,le di track suit
SPCS/data/audio/015/015_Female_91_287.wav,ka two thousand and eight
SPCS/data/audio/012/012_Female_20_140.wav,swanetše go tsošološa di grants
SPCS/data/audio/013/013_Male_27_10.wav,verse seventeen
SPCS/data/audio/017/017_Male_22_539.wav,exhibition e ebile ka mokgo
SPCS/data/audio/018/018_Male_21_101.wav,goba soapie goba sitcom
SPCS/data/audio/008/008_Male_23_9.wav,ya gore daddy wa lwala
SPCS/data/audio/019/019_Male_23_369.wav,category tše nne tša
SPCS/data/audio/020/020_Male_20_78.wav,ke ngwana o mo sharp
SPCS/data/audio/002/002_Male_24_216.wav,o nale disability
SPCS/data/audio/005/005_Male_26_385.wav,ranta kgahlanong le euro
SPCS/data/audio/002/002_Male_24_384.wav,ge o dira follow up
SPCS/data/audio/011/011_Female_21_251.wav,di results le se meetseng
SPCS/data/audio/017/017_Male_22_446.wav,di wheelchair di tletše gohle
SPCS/data/audio/003/003_Female_27_111.wav,mabapi le construction exhibition
SPCS/data/audio/001/001_Female_23_436.wav,wa nyaka spinach
SPCS/data/audio/010/010_Male_22_523.wav,go leka go impressa basadi
SPCS/data/audio/006/006_Male_23_699.wav,ge e sena barcode
SPCS/data/audio/010/010_Male_22_233.wav,gopola gore facebook ya rena
SPCS/data/audio/016/016_Female_21_14.wav,dira kgopelo ya loan
SPCS/data/audio/012/012_Female_20_215.wav,ge o ka ba adamant
SPCS/data/audio/001/001_Female_23_72.wav,re e bone talente
SPCS/data/audio/001/001_Female_23_304.wav,bible e bolela bjalo
SPCS/data/audio/011/011_Female_21_380.wav,leina la banka
SPCS/data/audio/007/007_Male_23_286.wav,o changile maphelo a bona
SPCS/data/audio/015/015_Female_91_184.wav,ge a dulela go commenta
SPCS/data/audio/010/010_Male_22_281.wav,di results le se meetseng
SPCS/data/audio/019/019_Male_23_208.wav,traffic lights ga di šome
SPCS/data/audio/014/014_Male_25_406.wav,o tlo ntšha plastic bag
SPCS/data/audio/002/002_Male_24_842.wav,ke sa judge motho
SPCS/data/audio/006/006_Male_23_652.wav,nna ka nkreya mo address
SPCS/data/audio/014/014_Male_25_154.wav,a bolailwego ka panga
SPCS/data/audio/011/011_Female_21_288.wav,kgoro ya tsheko ya mmasetrata
SPCS/data/audio/016/016_Female_21_330.wav,tša komišene ya bo setšhaba
SPCS/data/audio/003/003_Female_27_421.wav,fine ye kgolo kgolo
SPCS/data/audio/004/004_Female_17_303.wav,khomišene ya bo setšhaba ya
SPCS/data/audio/013/013_Male_27_493.wav,ka la tharo december
SPCS/data/audio/018/018_Male_21_63.wav,a ba fa citizen report
SPCS/data/audio/011/011_Female_21_76.wav,kgona go go rekela airtime
SPCS/data/audio/003/003_Female_27_476.wav,mošomo wa bankeng
SPCS/data/audio/004/004_Female_17_414.wav,ba tšea ke camera
SPCS/data/audio/007/007_Male_23_776.wav,mafelo a go socialisa
SPCS/data/audio/012/012_Female_20_315.wav,go nale di diagnostic indicators
SPCS/data/audio/001/001_Female_23_16.wav,tona ya kgwebo le indasteri
SPCS/data/audio/003/003_Female_27_227.wav,projeke ya setšhaba
SPCS/data/audio/003/003_Female_27_507.wav,ke salad yeo e loketšego
SPCS/data/audio/004/004_Female_17_523.wav,ba re romele di form
SPCS/data/audio/015/015_Female_91_169.wav,updata status ga ba commente
SPCS/data/audio/011/011_Female_21_201.wav,ke bona on daily basis
SPCS/data/audio/019/019_Male_23_486.wav,ba home affairs
SPCS/data/audio/012/012_Female_20_298.wav,re kwešiša condition ya bona
SPCS/data/audio/014/014_Male_25_329.wav,go fihla mafelelong a January
SPCS/data/audio/003/003_Female_27_395.wav,fifteen thousand runs
SPCS/data/audio/002/002_Male_24_13.wav,nkgahlilego kudu ke ya corruption
SPCS/data/audio/010/010_Male_22_500.wav,ya jewa two one
SPCS/data/audio/010/010_Male_22_208.wav,after school
SPCS/data/audio/005/005_Male_26_23.wav,di company tša afrika borwa
SPCS/data/audio/018/018_Male_21_444.wav,peresente tše masome seswai hlano
SPCS/data/audio/009/009_Female_26_6.wav,steše sa go kala dikoloi
SPCS/data/audio/010/010_Male_22_74.wav,go leka go impressa basadi
SPCS/data/audio/016/016_Female_21_112.wav,ge go nyakega copy
SPCS/data/audio/007/007_Male_23_468.wav,mafelo a go socialisa
SPCS/data/audio/004/004_Female_17_184.wav,le le recodilwego
SPCS/data/audio/013/013_Male_27_276.wav,go registara
SPCS/data/audio/006/006_Male_23_289.wav,napile professor
SPCS/data/audio/011/011_Female_21_228.wav,a tlo dira shopping
SPCS/data/audio/010/010_Male_22_255.wav,goba soapie goba sitcom
SPCS/data/audio/006/006_Male_23_190.wav,batho bale ba go repossesa
SPCS/data/audio/006/006_Male_23_914.wav,graduation ya ngwana wa gagwe
SPCS/data/audio/004/004_Female_17_13.wav,motsotso wo wa go šaena
SPCS/data/audio/001/001_Female_23_537.wav,go amana le di athletiki
SPCS/data/audio/015/015_Female_91_212.wav,exhibition yela ra go bolela
SPCS/data/audio/015/015_Female_91_282.wav,a mo hlasela ka panga
SPCS/data/audio/003/003_Female_27_406.wav,graduation ya ngwana wa gagwe
SPCS/data/audio/020/020_Male_20_410.wav,there is better way
SPCS/data/audio/011/011_Female_21_83.wav,mokonstable wa maphodisa
SPCS/data/audio/006/006_Male_23_663.wav,di results la mathomo ba
SPCS/data/audio/016/016_Female_21_369.wav,ba di bitšang di learnership
SPCS/data/audio/016/016_Female_21_323.wav,ranta kgahlanong le ponto ya
SPCS/data/audio/010/010_Male_22_219.wav,ba phasa
SPCS/data/audio/008/008_Male_23_279.wav,napile professor
SPCS/data/audio/011/011_Female_21_108.wav,lenaneo la outreach
SPCS/data/audio/006/006_Male_23_586.wav,ba ntšhitše di bus
SPCS/data/audio/007/007_Male_23_289.wav,ke ngwana o mo sharp
SPCS/data/audio/014/014_Male_25_219.wav,shopping center tše di kgolwane
SPCS/data/audio/002/002_Male_24_22.wav,o re hello le kae
SPCS/data/audio/008/008_Male_23_433.wav,apara di shades tša gago
SPCS/data/audio/004/004_Female_17_283.wav,updata status ga ba commente
SPCS/data/audio/007/007_Male_23_242.wav,ditaba ka Standford Matlou
SPCS/data/audio/007/007_Male_23_411.wav,go feta two hundred thousand
SPCS/data/audio/018/018_Male_21_356.wav,barutiši ba sekolo sa primary
SPCS/data/audio/012/012_Female_20_463.wav,a mo hlasela ka panga
SPCS/data/audio/010/010_Male_22_561.wav,mokonstable wa maphodisa
SPCS/data/audio/001/001_Female_23_296.wav,all the colleges tša mo
SPCS/data/audio/005/005_Male_26_51.wav,steše sa go kala dikoloi
SPCS/data/audio/013/013_Male_27_184.wav,molao tšeo di tsenetšego conference
SPCS/data/audio/020/020_Male_20_26.wav,dollara go ya United Kingdom
SPCS/data/audio/014/014_Male_25_355.wav,ka company ya engineering
SPCS/data/audio/018/018_Male_21_401.wav,cellphone ya gago fela
SPCS/data/audio/004/004_Female_17_192.wav,pressure ke e ntšhi ye
SPCS/data/audio/013/013_Male_27_27.wav,apara di shades tša gago
SPCS/data/audio/018/018_Male_21_183.wav,ntlo tše botse tša quality
SPCS/data/audio/010/010_Male_22_73.wav,basadi ba nale yona pressure
SPCS/data/audio/001/001_Female_23_567.wav,ranta e wele
SPCS/data/audio/017/017_Male_22_22.wav,ba sepela ka group
SPCS/data/audio/002/002_Male_24_550.wav,ba go nyaka di kontraka
SPCS/data/audio/007/007_Male_23_15.wav,o hwetše code ya moswananoši
SPCS/data/audio/009/009_Female_26_421.wav,pakaneng ya omo auto
SPCS/data/audio/007/007_Male_23_697.wav,o nyaka thušo ya business
SPCS/data/audio/017/017_Male_22_445.wav,ka la tharo december
SPCS/data/audio/013/013_Male_27_21.wav,betha di pillar ka matlapa
SPCS/data/audio/014/014_Male_25_249.wav,go ya united kingdom
SPCS/data/audio/003/003_Female_27_487.wav,especially young people
SPCS/data/audio/016/016_Female_21_58.wav,yona rehabilitation
SPCS/data/audio/019/019_Male_23_455.wav,go feta maatla a ranta
SPCS/data/audio/001/001_Female_23_311.wav,di contributa go downfall ya
SPCS/data/audio/006/006_Male_23_534.wav,lane ya letsogo la goja
SPCS/data/audio/019/019_Male_23_336.wav,e nyenyefatše gore jewellery
SPCS/data/audio/016/016_Female_21_583.wav,kgona go isupporta
SPCS/data/audio/020/020_Male_20_402.wav,go nale diagnostic indicators
SPCS/data/audio/005/005_Male_26_263.wav,o mo top hundred
SPCS/data/audio/015/015_Female_91_432.wav,ke sepela ka sekuta
SPCS/data/audio/020/020_Male_20_344.wav,swanetše go tsošološa di grants
SPCS/data/audio/013/013_Male_27_459.wav,verse seventeen
SPCS/data/audio/008/008_Male_23_328.wav,e be agency fela
SPCS/data/audio/019/019_Male_23_113.wav,taba ya di service standard
SPCS/data/audio/007/007_Male_23_637.wav,ke a blocka ge motho
SPCS/data/audio/008/008_Male_23_336.wav,industeri ya di filimi ka
SPCS/data/audio/007/007_Male_23_582.wav,ke le busy ka ofising
SPCS/data/audio/006/006_Male_23_577.wav,learnership ye tsamaya tsamaya bjang
SPCS/data/audio/003/003_Female_27_105.wav,banka ya gona
SPCS/data/audio/010/010_Male_22_640.wav,o robile record
SPCS/data/audio/017/017_Male_22_352.wav,ke bona on daily basis
SPCS/data/audio/007/007_Male_23_257.wav,go roaster nama ya nku
SPCS/data/audio/010/010_Male_22_628.wav,hundred kilometer ka awara
SPCS/data/audio/001/001_Female_23_111.wav,leina la projeke ya setšhaba
SPCS/data/audio/006/006_Male_23_831.wav,tšeo di nalego information
SPCS/data/audio/020/020_Male_20_82.wav,ba sepela ka group
SPCS/data/audio/012/012_Female_20_458.wav,bobedi ke wola wa semi-automatic
SPCS/data/audio/001/001_Female_23_244.wav,mošireletši wa setšhaba advocate
SPCS/data/audio/020/020_Male_20_169.wav,dira diimport and export
SPCS/data/audio/019/019_Male_23_83.wav,ka thulwa ke taxi
SPCS/data/audio/017/017_Male_22_223.wav,ge re ema traffic circleng
SPCS/data/audio/015/015_Female_91_513.wav,di exhibitors di tlile
SPCS/data/audio/012/012_Female_20_545.wav,komišene ya bosetšhaba
SPCS/data/audio/001/001_Female_23_308.wav,ge o ka ba adamant
SPCS/data/audio/013/013_Male_27_391.wav,angle ka moka ga tšona
SPCS/data/audio/005/005_Male_26_411.wav,be interested go construction fela
SPCS/data/audio/005/005_Male_26_497.wav,barutiši ba sekolo sa primary
SPCS/data/audio/007/007_Male_23_133.wav,ke le busy ka ofising
SPCS/data/audio/001/001_Female_23_97.wav,swere di kontraka tša mengwaga
SPCS/data/audio/015/015_Female_91_66.wav,gore di form tše re
SPCS/data/audio/001/001_Female_23_448.wav,nna ke blockile motho ka
SPCS/data/audio/009/009_Female_26_440.wav,di pamphlets tša festival ye
SPCS/data/audio/014/014_Male_25_403.wav,wa nyaka salad dressing
SPCS/data/audio/005/005_Male_26_35.wav,ranta e wele
SPCS/data/audio/018/018_Male_21_398.wav,motsotso wo wa go šaena
SPCS/data/audio/007/007_Male_23_769.wav,o ka re romela email
SPCS/data/audio/018/018_Male_21_273.wav,tsenela dikgwebo tša construction
SPCS/data/audio/007/007_Male_23_126.wav,shopping center tše di kgolwane
SPCS/data/audio/018/018_Male_21_386.wav,e le tša gauta
SPCS/data/audio/014/014_Male_25_492.wav,ka di six tša december
SPCS/data/audio/009/009_Female_26_340.wav,ranta kgahlanong le euro
SPCS/data/audio/015/015_Female_91_327.wav,ka lefela loan ya gagwe
SPCS/data/audio/018/018_Male_21_426.wav,yona rehabilitation
SPCS/data/audio/011/011_Female_21_442.wav,category tše nne tša
SPCS/data/audio/014/014_Male_25_528.wav,e fetang eight million rands
SPCS/data/audio/006/006_Male_23_533.wav,gare ga toropo ya johannesburg
SPCS/data/audio/002/002_Male_24_400.wav,ba tšea ke camera
SPCS/data/audio/017/017_Male_22_13.wav,especially young people
SPCS/data/audio/010/010_Male_22_408.wav,banka ya gona
SPCS/data/audio/007/007_Male_23_157.wav,mmušo wa rena wa democracy
SPCS/data/audio/006/006_Male_23_1042.wav,ge a dulela go commenta
SPCS/data/audio/019/019_Male_23_74.wav,tšeo di nalego information
SPCS/data/audio/003/003_Female_27_267.wav,ga o tlo re hello
SPCS/data/audio/016/016_Female_21_578.wav,e be agency fela
SPCS/data/audio/011/011_Female_21_370.wav,gare ga toropo ya johannesburg
SPCS/data/audio/014/014_Male_25_186.wav,morutiši ka panga
SPCS/data/audio/008/008_Male_23_27.wav,ba sepela ka group
SPCS/data/audio/018/018_Male_21_219.wav,updata status ga ba commente
SPCS/data/audio/002/002_Male_24_111.wav,di principles tša batho pele
SPCS/data/audio/004/004_Female_17_500.wav,go accessa di services tša
SPCS/data/audio/006/006_Male_23_1046.wav,ka di photo tsa go
SPCS/data/audio/008/008_Male_23_373.wav,papadi e le ya crickete
SPCS/data/audio/019/019_Male_23_407.wav,barutiši ba sekolo sa primary
SPCS/data/audio/015/015_Female_91_242.wav,o nyaka thušo ya business
SPCS/data/audio/014/014_Male_25_50.wav,as long as e le
SPCS/data/audio/016/016_Female_21_90.wav,swanetše go tsošološa di grants
SPCS/data/audio/006/006_Male_23_194.wav,o nthomela please call me
SPCS/data/audio/013/013_Male_27_162.wav,ba di bitšang di learnership
SPCS/data/audio/010/010_Male_22_479.wav,pakaneng ya omo auto
SPCS/data/audio/007/007_Male_23_209.wav,ke blockile celebrities
SPCS/data/audio/006/006_Male_23_1014.wav,gona ka mo stadium sa
SPCS/data/audio/013/013_Male_27_105.wav,bangwe ga ba na timing
SPCS/data/audio/020/020_Male_20_474.wav,go fihla mafelelong a January
SPCS/data/audio/018/018_Male_21_13.wav,hwetša di address tša batho
SPCS/data/audio/016/016_Female_21_441.wav,lenaneo la television
SPCS/data/audio/006/006_Male_23_837.wav,shopping center tše di kgolwane
SPCS/data/audio/019/019_Male_23_305.wav,banka ya gona
SPCS/data/audio/006/006_Male_23_862.wav,after school
SPCS/data/audio/006/006_Male_23_778.wav,phone ya ka e be
SPCS/data/audio/005/005_Male_26_214.wav,of those days
SPCS/data/audio/016/016_Female_21_581.wav,eighteen years
SPCS/data/audio/001/001_Female_23_255.wav,ge go nyakega copy
SPCS/data/audio/016/016_Female_21_33.wav,cellphone ya gago fela
SPCS/data/audio/005/005_Male_26_39.wav,ke reality show ya television
SPCS/data/audio/003/003_Female_27_2.wav,wa boraro ga se semi-automatic
SPCS/data/audio/003/003_Female_27_510.wav,e segella ka di cubes
SPCS/data/audio/011/011_Female_21_289.wav,ka company ya engineering
SPCS/data/audio/004/004_Female_17_263.wav,o drainwa mo sepetlele
SPCS/data/audio/004/004_Female_17_572.wav,go ya united kingdom
SPCS/data/audio/018/018_Male_21_199.wav,o drainwa mo sepetlele
SPCS/data/audio/012/012_Female_20_223.wav,ba mo knockile
SPCS/data/audio/002/002_Male_24_807.wav,e tšhaba tšhaba mo networkeng
SPCS/data/audio/008/008_Male_23_76.wav,mošomo wa psychometric
SPCS/data/audio/020/020_Male_20_145.wav,di ranta tša go feta
SPCS/data/audio/017/017_Male_22_125.wav,ba ntšhitše di bus
SPCS/data/audio/006/006_Male_23_526.wav,khomišene ya bo setšhaba ya
SPCS/data/audio/009/009_Female_26_331.wav,e le go mo blocka
SPCS/data/audio/020/020_Male_20_225.wav,la tharo december twenty eleven
SPCS/data/audio/012/012_Female_20_380.wav,tša komišene ya bo setšhaba
SPCS/data/audio/018/018_Male_21_48.wav,e be agency fela
SPCS/data/audio/020/020_Male_20_384.wav,province e tsamaiše
SPCS/data/audio/009/009_Female_26_166.wav,some how ka mogau
SPCS/data/audio/005/005_Male_26_7.wav,ticket ke gona e sepela
SPCS/data/audio/016/016_Female_21_481.wav,kgona go go rekela airtime
SPCS/data/audio/007/007_Male_23_341.wav,ranta kgahlanong le euro
SPCS/data/audio/015/015_Female_91_319.wav,go leka go impressa basadi
SPCS/data/audio/003/003_Female_27_129.wav,e nale plan ya gore
SPCS/data/audio/002/002_Male_24_609.wav,nna ke blockile mogwera
SPCS/data/audio/004/004_Female_17_615.wav,ke bona project ya lena
SPCS/data/audio/007/007_Male_23_360.wav,okay ke a leboga
SPCS/data/audio/001/001_Female_23_484.wav,mabapi le construction exhibition
SPCS/data/audio/001/001_Female_23_591.wav,o hwetše code ya moswananoši
SPCS/data/audio/020/020_Male_20_101.wav,lokela ka gare ga plastiki
SPCS/data/audio/007/007_Male_23_573.wav,di awareness campaign
SPCS/data/audio/006/006_Male_23_590.wav,mec wa sports and culture
SPCS/data/audio/014/014_Male_25_322.wav,ke thomile ministry ke
SPCS/data/audio/004/004_Female_17_164.wav,ekile ya ba di drama
SPCS/data/audio/019/019_Male_23_431.wav,uniform ya bana ya sekolo
SPCS/data/audio/016/016_Female_21_352.wav,bangwe ba kgona tša tourism
SPCS/data/audio/011/011_Female_21_12.wav,leina la projeke ya setšhaba
SPCS/data/audio/011/011_Female_21_307.wav,ntlo tše botse tša quality
SPCS/data/audio/010/010_Male_22_407.wav,sona ka accounteng ya banka
SPCS/data/audio/002/002_Male_24_186.wav,verse seventeen
SPCS/data/audio/017/017_Male_22_134.wav,o auditione mo districting engwe
SPCS/data/audio/007/007_Male_23_1.wav,o nthomela please call me
SPCS/data/audio/010/010_Male_22_642.wav,eighteen minutes to four
SPCS/data/audio/011/011_Female_21_103.wav,tšona di skills
SPCS/data/audio/015/015_Female_91_344.wav,a tšea di crate
SPCS/data/audio/001/001_Female_23_41.wav,attendance e thomile e le
SPCS/data/audio/001/001_Female_23_223.wav,napile professor
SPCS/data/audio/014/014_Male_25_194.wav,go kreya di opportunities
SPCS/data/audio/013/013_Male_27_186.wav,ebile ga se wena coach
